rating,text
5,"시슨드시 백탁없는 밀림없는 눈시림없는 끈적임없는 성분이 좋은 선크림 SPF50+ PA++++ 사용해본 후 솔직한 내돈내산 후기를 남겨보려고 해요요 (•ө•)♡ 먼저 이 제품을 처음 사용했을 때 가장 놀랐던 건 정말 “백탁 현상”이 없다는 점이었어요! 대부분의 선크림들은 바르면 얼굴이 하얗게 뜨거나 뭉치기 쉬운데 이 선크림은 마치 로션처럼 부드럽게 펴 발리고 흡수가 빠르더라구요요 (๑˃ᴗ˂)ﻭ 백탁은커녕 피부 톤이 자연스럽게 정돈되는 느낌이라서 메이크업 전에 프라이머 대용으로 쓰면 촉촉해져요 그리고 밀림 없음 이라는 문구가 괜히 있는 게 아니더라구요 아침에 바르고 메이크업을 해도 베이스가 밀리거나 겉돌지 않아서 너무 만족했어요 (ง •̀_•́)ง 특히 요즘처럼 덥고 습한 날씨엔 땀과 피지 때문에 선크림이 들뜨기 쉬운데 시슨드시 제품은 그런 현상이 전혀 없어서 감동이었어요 눈시림도 정말 없어요!! 눈 주변까지 꼼꼼하게 발라도 따갑거나 눈물이 나지 않아서 너무 좋았구요 저는 눈이 예민한 편이라 자극 있는 제품은 금방 눈이 충혈되는데 이건 그런 걱정 없이 편하게 바를 수 있어서 대만족했어요 (•‿•) 용량도 50g이라서 휴대하기에도 부담 없고 데일리로 쓰기에 딱 좋은 크기예요 가격 대비 퀄리티도 정말 만족스럽고 앞으로 꾸준히 재구매할 의향도 충분해용 결론적으로 백탁, 밀림, 눈시림, 끈적임 없이 정말 산뜻하고 부드럽게 사용할 수 있는 고지수 선크림을 찾고 있다면 시슨드시 선크림 강력 추천드려요 (•ө•)♡ 피부에 착 감기는 느낌이 너무 좋아서 한번 쓰면 헤어나오기 힘들 거예요ꔛ♡ 내돈내산 리뷰입니다 제 리뷰가 도움이 되셨다면 하단에 ★彡도움이돼요★彡 한 번씩 눌러주세요!! 행복한 하루되세요╰(*´︶`*)╯♡"
5,"화해앱으로 검색해보니 유해성분, 알러지 유발 성분이 없이 안전한 등급으로 만들었습니다. 그리고 후기에서 촉촉하다는 얘기가 많아 구입하게 됐습니다. 제가 악건성 피부이기 때문입니다. 겉포장에 보니 해양오염에도 착한가봅니다. 실제 사용해보니 촉촉합니다. 따뜻한 물 세안 만으로도 어느정도 지워지는 것을 보니 유기자차로 보입니다. 무기자차의 경우 건조한 저의 피부에는 잘 맞지 않아 순한 유기자차를 선호합니다. 그리고 무기자차의 경우 세안시 잘 닦이지 않아 번거로워서 더욱 유기자차를 선호하고 있습니다. 바다를 살리는 선크림’이라는 이름 자체가 해양 생태계에 유해한 자외선 차단 성분(예: 옥시벤존, 옥티녹세이트 등)을 배제했다고 합니다. 이는 산호초와 해양 생물을 보호하기 위한 조치로, 최근 부각되고 있는 친환경 뷰티 제품이라는 점에서 마음에 듭니다.기후온난화와 깨끗한 환경을 지켜나갈 의무는 누구나 느끼고 실천했으면 좋겠다고 생각하기에 더욱 선호하여 재구매로 이어나가야 겠다는 마음을 먹게 됩니다. 시슨드시라는 회사가 신생회사인중 알았는데 설립이 1999년입니다. 제가 그간 새로생겼나?? 하고 무심코 넘어갔던 많은 회사이름들이 함께 떠오르네요. 순하고 백탁없고 눈시림이 없습니다. 촉촉해서 건조한 피부인 저는 덧바르기도 좋습니다. 덧바를시 메이크업이 유지되지는 않습니다. 바다를 생각하는 기업이미지가 있습니다. 때문에 저는 재구매 의사가 있습니다. ** 구매시 선택에 도움이 되기를 바랍니다."
5,시슨드시 썬크림~♡ ☆☆☆☆☆☆☆☆☆☆☆☆☆☆☆☆☆☆☆☆☆ 남편 데일리용으로 구매한 시슨드시 썬크림~ 남자들은 끈적이거나 미끄덩 거리는 느낌 때문에 썬크림 사용을 잘하지 않는다며 가볍고 로션같은 썬크림을 찾던중 구매하게된 제품이다. 케이스부터 시원한 느낌이 드는 시슨드시 썬크림 은 남성용은 아니지만 남자들이 쓰기에 너무 적합 한 썬크림이다. 시슨드시 썬크림은 3관왕 수상으로 브랜드 만족도 대상에 빛나는 그런 화장품이며 20여가지 산야초 성분으로 직접 재배한 산야초를 숙성하여 자연을 느낄수 있고 피부에도 딱 맞는 그런 썬크림이다. 알콜과 오릴프리이며 백탁현상이 없고 밀림현상이 전혀없다. 그럼에도 높은 자외선 차단력을 가졌으 며 높은 차단 지속력까지 ...데일리 썬크림으로 딱 재격이다. 향은 자연풀향으로 은은하여 자극적이지 않고 촉촉 하게 스며드는 느낌이 그냥 로션을 바르는 느낌이 었다. 엄청 촉촉하게 스며들고 바르고 문지르는 즉시 피부 에 스며들어 하옇게 뜨거나 바르기 어렵거나 하지 않아 여자들은 물론 남자들이 쓰기에 너무 적합하다 또한 눈시림도 전혀없어 피부진정효과로 민감한 피 부에도 편하게 사용가능하니 누가써도 호불호 없 는 그런 썬크림인거 같다. 용량은 적은듯 보이나 적은 용량으로도 최대효과를 낼수 있으니 안심하고 사용할수 있었다. 시슨드시 데일리 썬크림~ 강추합니다. 미끄덩거리고 끈끈함 때문에 썬크림 쓰시기 부담스러우신분들께 추천해요~ 후기를 읽어 주셔서 감사합니다. 오늘도 건강하고 행복한 한주 되세요~♡ 후기가 도움이 되셨다면 '도움이 돼요'를 꾹 눌러 주 세요~!!! ☆☆☆☆☆☆☆☆☆☆☆☆☆☆☆☆☆☆☆☆☆
5,"➡️속 건조에 예민한 피부라 선크림은 잘 안 바르는데요 한 해가 갈수록 칙칙해지는 피부에 주문해 봤습니다 ✅️자극 성인용 선크림 무조건 뒤집어집니다 그런 이유로 어린이도 사용 가능한 착한 녀석들만 찾아 바르다 백탁이 너무 심해 한동안 쉼.. 결과는 겨울, 봄 볕에 다 타버렸네요 ... ㅜ.ㅜ... 순한 선크림 검색 요 녀석이 가장 상위인데다 눈 시림까지 없다고 해 선택했는데 결과는 굿이었습니다 ✅️사용감 바른 직후에도 시간이 지난 후에도 따가움이나 자극이 느껴지지 않았어요 백탁 현상 역시 전혀 없었으며 무엇보다 가장 만족스러웠던 사용감! <시원해요> 바다를 살린다는 착한 성분 그래서인지 사용감도 특별했는데요 바르자마자 수분크림을 바른 듯 시원한 느낌에 덧바르는 부담이 전혀 없었어요 피부가 예민한 편이라 겹겹이 바르면 저녁에 난리가 나는데 별 탈 없이 아주 편했습니다 ✅️보습 바른 후 3-4시간은 촉촉하게 매우 좋았습니다 다만 워낙 건조한 속 건조를 타고난 대다 숨이 막힐 듯 메마른 봄바람에 저녁까지 촉촉함이 유지되진 않았어요 그래도 이 정도의 촉촉함이 어디인가요 ㅎㅎ 충분히 만족스러웠습니다 ✅️백탁 위에도 적긴 했지만 백탁은 전혀 없었습니다 그런데 피부가 조금은 밝아진듯한 착각을 만들어주는 은은 광택이 있네요 자연스럽게 밝혀주니 요것도 만족 ^.^ ✔️제 피부는 사 계절 중 지금과 같은 메마른 봄에 가장 예민한데요 이 날씨에 선크림을 발라도 멀쩡하다니 인생 탬 건졌습니다 ㅎㅎ 앞으로는 사계절 이 녀석과 함께 하려고 합니다 아.. 마지막으로 장점을 너무 많이 적어놨는데 제 돈 주고 산 겁니다 ^.!"
5,그동안 제가 알고 썼던 썬크림은 이제 잊겠습니다.ㅎ 무슨 로숀같이 부드럽게 발리더니 백탁현상 일도없고 답답하지도 않고 번들거리지도 않고 시원한 향까지~~ 그동안 얼굴에 바르면 답답해 기미가 올라와도 못바르고 후회한 날들이 여러날~~~~~ㅜ 단점들만 많았던 선크림 때문에 선물들어온 헤×등등 화장대 귀퉁이에 넣고는 팔뚝이나 다리에만 발랐답니다. 요건 얼굴에만 발라야겠어요. 요거 바르고 비비크림도 발랐는데 밀리거나 두껍거나 이질감없이 화장이 잘됐어요. 무슨성분이 들어갔는지 관심은 없지만~ 써본 이들에 리뷰에는 아주아주 관심이 많답니다.♥ 제 구매에 큰 도움을 주시는 쿠팡 소비자 여러분들 감사드려요^^
5,"▶️ 구매내역 상품명 : 시슨드시 선크림, 50g, 1개 구매일 : 2024.07.14 ▶️ 구매동기 & 상품평 기존에 쓰던 선크림이 가격대가 조금 있는 편이라 부담스러워 다른 제품을 찾던 중 시슨드시를 알게되어 구입하게 되었습니다. 제가 원하는 선크림은 백탁이 없고, 끈적이지 않으며, 자극이 없는, 그리고 로션처럼 답답하지 않게 촉촉하게 잘 발리는 선크림을 찾고있었어요. 자외선 차단 지수는 당연히 높아야하구요! 이런 선크림을 찾다보니 시슨드시 선크림이 딱 적합하더라구요. 구입 후 약 한달 사용해보니 정말 딱 제 마음에 듭니다. ㅎㅎ 유통기한은 약 2년 9개월 정도로 굉장히 넉넉합니다! 일단 선크림은 거의 필수로 매일 바르다보니 자극 없이, 눈 시림 없이 잘 발리는 게 중요한데 로션처럼 촉촉하게 발려서 답답하지 않고, 하얗게 뜨지 않아서 정말정말 좋네요 ㅎㅎ 산뜻하게 챡 밀착 되면서 끈적이지 않기 때문에 이 선크림 바른 후 화장 해도 밀리지 않아서 부담되지 않아 좋습니다. 그리고 저만 그런지 몰라도 바르면 뭔가 시원~한 느낌이 들어요!!! 자극도 없고 발림성이 너무 좋아서 자외선 차단력이 안좋은 건 아닌지 걱정됐는데 차단력이 굉장히 높아서 장점만 갖춘 선크림이 아닐까 싶어요! 백탁과 눈 시림이 없고 촉촉한 선크림을 찾으신다면 정말 추천 드립니다 ㅎㅎ ✅ 요약 - 백탁 없음 - 눈 시림 없음 - 좋은 발림성 - 촉촉함 - 높은 자외선 차단력 재구매의사 ⭐️⭐️⭐️⭐️⭐️"
5,"#백탁없는 #눈시림없는 #끈적임없는 #촉촉한발림성 전에 쓰던 선크림이 눈 밑에 바르면 눈시림이 있어서 이번에 이 제품을 구매했어요. 용기 디자인이 아담해서 휴대하기 좋고, 바다를 연상시키는 감성적인 패키지도 마음에 들었어요. 직접 발라보니 설명 그대로 끈적거림 없이 가볍게 흡수되었고, 백탁 현상도 없어서 피부 톤이 자연스럽게 유지되더라고요. 특히 눈가에 발라도 눈이 시리지 않아서 만족스러웠어요! 선크림 특유의 무거운 느낌 없이 산뜻한 마무리감이 돋보였고, 지속력도 괜찮아서 여러 번 덧바를 필요가 크게 없었어요. 기능적으로도 **SPF50+ PA++++**라 자외선 차단력도 강해서 데일리로 쓰기에 딱이에요. 여름철엔 물론이고, 겨울에도 가벼운 보습 크림처럼 사용할 수 있을 것 같아요. 다만 용량이 50g이라 매일 듬뿍 바르면 금방 쓸 수도 있으니, 가성비를 따지는 분들은 참고하면 좋을 것 같아요!"
4,"## 시슨드시 백탁없는 밀림없는 눈시림없는 끈적임없는 성분이좋은 선크림 SPF50+ PA++++, 50g, **장점:** * **백탁, 밀림, 눈시림 없음:** * 티타늄 디옥사이드와 징크 옥사이드가 주요 자외선 차단제로 사용되어 백탁 현상이 거의 없고, * 워터젤 형태로 발림성이 좋아 피부에 밀림 없이 얇게 발라도 자외선 차단 효과가 뛰어나며, * 민감한 눈에도 자극이 적어 눈시림 현상이 거의 없습니다. * **끈적임 없는 사용감:** * 워터젤 형태로 수분감이 풍부하고 가벼워 피부에 부담없이 발립니다 * **SPF50+ PA++++ 높은 자외선 차단력:** * 강한 자외선으로부터 피부를 보호하는 데 효과적입니다. **단점:** * **다소 비싼 가격:** 다른 선크림에 비해 가격대가 다소 높은 편입니다. * **지성피부에는 다소 부담스러울 수 있음:** 워터젤 형태로 수분감이 풍부하기 때문에 지성피부에는 다소 부담스럽게 느껴질 수 있습니다. 총평 : 백탁없는 선크림을 찾아보다가 요게 눈에 띄어서 구매했는데 발릴때 촉촉하게 발려서 화장전에 바르면 화장이 더 잘먹어요 잘 펴발라야됩니다 안그러면 조금 뭉치더라고요 바를때 저는 조금 따갑더라고요ㅠ 바를때 촉촉하고 눈시림이없어서 좋은데 조금 따가워서 바디에 발라야할것같아요 백탁없고 촉촉한거 좋아하시면 추천드립니다 제가 직접 구매하여 개인적의견을 리뷰로 작성했습니다!! 제 리뷰가 도움이 되셨으면 도움이 되요 눌러주시면 감사하겠습니다 !"
5,"#시슨드시선크림 #백탁없는선크림 #밀착좋은선크림 #눈시림없는선크림 #순한선크림 #SPF50+선크림 #선크림추천 향/ 은은한 자연 풀향 제형/ 로션같이 촉촉하고 끈적임 없고 산듯함 성분/ 산야초, 불가리스 쑥오일 피부에 자극이 없는 좋은 성분 함유 자외선차단력/ SPF50+ /PA++++ 노화방지/ FDA에서 노화방지로 인증승인 패키지디자인/ 깨끗하고 자연친화적인 디자인 헹굼/ 폼클렌징으로 가볍게 헹궈도 잘 지워짐 용량/ 50ml 유통기한/ 개봉일로부터 6개월이내 사용후기 복합성 피부타입이라 차단지수 높고, 순하고 ,유분기없는 여러 선크림을 사용하면서 트러블이 올라오거나 시간이 지나면 눈시림이 심해 눈화장 그리고 눈물까지 흘려 선크림을 거의 안바르고 다녔어요 나이드니 살이빠진 부분 얼굴 굴곡진 부분은 타서 색소침착도 생기고 잡티도 생겨 이번에 진짜 정착할 선크림을 찾아보다 반신반의로 구매했는데 정말 만족합니다. 눈시림 없고 8시간 넘게 장시간 바르고 있어도 트러블도 올라오지 않아요, 그리고 유분도 많지 않아 화장이 심하게 뭉게지거나 흘러내리지 않습니다. 바다를 살린다는 마음을 흔드는 문구에 혹한것도 있지만 리뷰가 많지 않아 고민도 했으나 구매후 이렇게 맘에 들어 찐 리뷰를 남깁니다. 부드러운 발림성과 끈적거리지 않고 산듯한 마무리감 바를시 자연스런 풀향이지만 바른 후 냄새가 안나서 편안하고 백탁없고 밀림없고 눈시림 없어 최고 만족합니다!!"
5,좋아요 허옇게 뜨는게 전혀없어요 피부에 자연스럽게 스며들고 아주 자연스러운 선크림이에요 막 하얗게 얼굴 뜨지않으니까 남자들이 쓰기에 진짜 좋고 강추에요 저희남편은 이거쓰고있고 저는 아빠도 사드렸어요 남자들은 얼굴 하얗게 되는거 싫어하더라구요 어린아이들도요 성분이 순하고 자극이없고 착한성분이어서 아이들이 쓰기 좋아요 아이들도 얼굴 하얘지는거 싫다고해서 백탁없는 선크림으로 검색했는데 딱좋은것같아요 천연성분도 가득하고 성분이좋아서 그런지 피부가 편안하고 좋은것같아요 물놀이할때나 바다 들어갈때도 환경오염을 덜 시키는거같아서 친환경적이고 좋은것같아요 피부에 흡수도 빠르고 흡수도 잘돼요 끈적거리지않고 적당히 촉촉하게 잘 피부가 잘 먹어서 좋아요 화장하기전에 저는 바르는데 화장할때도 안밀리고 화장이 잘먹어서 좋아요 그리고 여자들도 허옇게 안되니까 화장할때 너무 허옇게 안떠서 좋아요 선크림은 백탁이 없어야 좋은것같아요 그리고 촉촉하고 건조하지않아서 좋아요 피부를 자외선으로부터도 보호하지만 촉촉해서 엄청 좋아요 겨울철에 발라도 너무 건조하지도않고 딱 좋아요 데일리로 저는 화장전에 꼭 바르고있고 남편도 잘쓰고있어요 전 강추에요 특히 화장이 안밀리고 잘먹네요
5,시슨드시 제품의 시작은 클린징폼이었고 선크림은 내돈내산이며 재구매입니다 저는 선크림을 사용해서 좋았던 적이 없었어요 피부가 붉어지기도하고 뭐가 생기기도해서 선크림 선택에 고민이 많을때 이제품을 만났죠 시슨드시 선크림을 바르고는 전혀 문제가 없어서 재구매했습니다 이제품을 받고 처음 바를때 이게 선크림이야 로션이야 했죠 1) 밀림없고 눈시림없고 끈적임 없는 산뜻하고 촉촉한 선크림 2)바다를 살리는 선크림 산호초와 해양생물을 파괴하는 옥시벤존과 옥티노세이트를 사용하지 않음 3)20여가지의 산야초를 3년동안 숙성해서 최적의 효능을 끌어냄 4)피부의 답답함없이 로션같은 선크림으로 피부에 고밀도 밀착 5) 유기자차와 무기자차의 장점만 선택 6)발림성 좋으면서 자외선 차단효과 높음 SPF50+/ PA++++ 향은 풀향 (?) 은은한데 저는 별로 거부감 없습니다 바를때 잠깐 향이나고 지나면 거의 냄새 없어요 하얗게 붕붕뜨는것 없이 눈시림도 없이 선크림 바른걸 잊어버릴만큼 로션이나 크림같이 느껴지면서 바다생물이나 산호초들에게 나쁜성분이 없다니 사람에게는 더더욱 나쁜성분이 없어서 좋을꺼라 생각되어 지네요 선크림 유목민이 찾은 시슨드시의 선크림 요즘은 남편도 같이 사용합니다
5,일단 패키징이 진짜 정성이 느껴지고 종이상자 겉에 뾱뾱이가 한번더 말아져 있어서 안전하게 다치거나 손상없이 배달 됐다는게 참 감격입니다. 쿠팡은 본래 다 구겨져 오고 흘려오고 하는데ㅎ 여튼 그리고 뚜껑여니 한번더 씰링이 돼있어서 누가 환불하거나 사용하던게 아니라는게 확실해서 좋아요. 그리고 직관적이고 확실한 제조일자랑 유통기한 표시로 믿음이 갔어요. 발라봤는데 묽고 처음엔 너무 촉촉하고 그래서 이게 과연 눈도 안시릴지 밀림이 없을지 의문이였습니다. 왜냐면 대부분 묽은 제형운 눈도 시리고 흡수가 안돼서 밀리는게 기본이거든요. 내가 또 속았구나 싶어서 포기하려했는데 몇번 두드리니까 싹 흡수되고 보송한 느낌만 남는데 또 너무 건조하면 화장이 뜰 수 있겠다 싶었는데 속이 촉촉하게 잡히니까 그런 들뜸도 없더라구요. 그리고 싫어하는게 선크림 백탁에 손자국대로 결 남는건데 이런것도 없어서 기술력에 또 놀랐습니다... ㅎㅎ 일단 맘에 들어요 그리고 이 선크림을 선택하면 바다를 어떻게 살리는지 모르겠지만 제가 도움이 되는거라면 좀 더 나은 가치 소비가 아닐까 싶어서 그것도 기분이 좋네요! 더 써보고 지금만 같으면 계속 구매예정입니다~
5,"■ 시슨드시 백탁없는 밀림없는 눈시림없는 끈적임없는 성분이좋은 선크림 SPF50+ PA++++ ■ 50g,1개 ● 썬크림이 이것저것 몇가지가 있는데 요즘 눈밑으로 거뭇거뭇 기미비슷한것들이 생기면서 심해지기 시작해서 자외선차단에 신경을 쓰고 있는데~~끈적이거나 백탁등이 싫어서 있어도 잘바르지 않기도 했고 ~~ 안되것다 싶어서~선크림을 발랏는데 요즘 갑자기 눈이 시리고 눈이 피곤한거예요~요즘 새로 사서 바르는 앰플때문인가 ?하는 생각도 했는데~앰플은 안바른 상태로 썬크림만을 바르고 산책을 하는데~~ 갑자기 또 눈이시리기 시작하는거죠~~생각을 해보니 아~~!! 썬크림을 바르고 그러기 시작하네요~ 원인은 선크림이였던 거예요~~ 그래서 눈시리지않고 백탁현상없는 선크림을 찾다가 리뷰도 꼼꼼히 확인해보고~시슨드시 선크림으로 선택하게 되었네요~~ 바르고 산책을 나가보니~진짜~눈이 시리지 않네요~썬크림만 바르면 눈이 하루종일 시렸었는데~~ 바를때 백탁도없고 매끈하게 바림성도 좋아요~ 가격대비 양은 적지만~목등은 있던 제품들 바르고 얼굴은 시슨드시 썬크림을 발라야겠어요~ 재구입해서 선물도 해야겠어요~"
5,아주 좋아요 일단 백탁없는 선크림을 찾고있었어요 다른 선크림들은 얼굴이 하얘지고 둥둥떠서 안하얘지고 자연스러운걸로 찾고있었어요 일단 발라도 얼굴이 안하얘지고 얼굴빛이 자연스럽고 로션바른것처럼 자연스러워서 좋아요 남자들이 사용하기에도 좋은것같아요 하얘지지않아서 좋아요 그리고 끈적거리지않고 산뜻해요 선크림 바르고 답답한거 못참는데 이건 별로 끈적거림도없고 답답한거 없어요 얼굴에 뭐 덕지덕지 바른 그 답답한 느낌이 전혀없고 그냥 산뜻해요 얼굴도 편안하구요 남편이 기름기가 많고 여드름피부인데 남편한테도 잘 맞아서 남편이 가지고다니면서 쓰고있어요 밖에서 있을때 꼭 바르고 덧바르고 목뒤에도 바르고있는데 땀나도 자국 안남아서 좋아요 피부에 자극적이지도않고 편안해요 저는 건성인데 선크림이 적당히 촉촉한게 있어서 얼굴이 크게 당기지도 않고 좋아요 건조함도 약간 잡아주는것 같아서 좋아요 끈적임 없이 촉촉한 느낌이라 아주 잘 쓰고있어요 남편이 가지고다니는 용도가 돼서 하나 더 살려구요 집에다가 두고 써야겠어요
5,"끈적임이 없는 선크림 제품을 찾다가 시슨드시 백탁없는 밀림없는 끈적임없는 바다를 살리는 선크림 제품을 구매하게 되었습니다. 선크림의 텍스처는 가벼우며 끈적임 없이 피부에 잘 스며들어 발림성이 너무 좋아요. 피부에 바르면 빠르게 흡수되어 산뜻하게 마무리되어져서 너무 좋네요. 햇빛으로부터 피부를 보호해주는 SPF 지수가 높아서 햇빛에 노출되는 사계절 내내 안심하고 사용할 수 있어서 좋아요. 피부에 민감한 분들이 사용해도 피부 자극없이 사용할 수 있어서 좋을거 같아요. 사용해보고 가장 좋아하는 점은 선크림이 피부에 자연스럽게 녹아들어서 얼굴에 매우 자연스러운 무광택 효과를 주는 점이에요~ 사용한 이후에는 건조함이 느껴지지 않고 촉촉한 상태를 유지할 수 있어서 완전 좋아요. 시슨드시 선크림은 , 가볍고 끈적임 없는 사용감과 온가족 모두 사용할 수 있는 성분으로 안심하고 사용할 수 있어서 좋아요. 자연스러운 무광택 효과로 피부를 더욱 화사하게 가꿔 줘서 사용감이 좋아요."
5,"백탁없는, 밀림없는, 끈적임없는 바다를 살리는, 문구가 마음에 들어서 선택했어요. 습한 날씨에 끈적임까지 있으면 선크림 사용하기 꺼려지는데 정말 산뜻해요. 듬뿍 발라도 백탁없이 일반 로션 바른 것처럼 싹 흡수돼서 활동 중엔 내가 선크림 바르고 나왔나? 헷갈릴 정도로 정말 산뜻하고 바르지않은 것 같은 가벼움이 들었어요. 선크림으로 자외선차단 효과를 얻으려면 과하다싶을 정도로 발라야한다는데 시슨드시 제품으로는 얼마든지 가능해요 ㅎㅎ 바다를 오염시키지않는다는 제품 설명에 마음 놓고 듬뿍 바르고 스노클링해봤는데 바닷물에 닿아도 따갑지않고 스노클링 후에도 눈이 따갑거나 눈시림없어요. 그만큼 성분이 착한 것 같아 이번 괌 여행에서 아이용, 어른용 선크림 구분이 전천후로 잘 쓰고왔어요. 눈시림없으니 평소에 선크림 바르기 질색하던 아이도 거부감없이 잘 바르네요. 앞으로 선크림은 시슨드시 제품만 픽하면 될 듯해요 ^^"
5,썬크림은 항상 바르는데 오랜만에 맘에드는 썬크림 찾았네요! 얼굴에 백탁 현상이나 밀림 현상들 때문에 맞는 썬크림 찾는게 쉬운게 아니였는데 시슨드시 선크림은 바르고 나면 촉촉하게 흡수되면서 얼굴도 환해지는게 너무 맘에 들어요! 복합성 피부라 촉촉하지만 기름지지 않은 걸 좋아하는데 시슨드시 선크림이 딱 제가 원하는 데로 촉촉한데 기름지지 않은 쫀쫀한 느낌이 들어서 만족스러워요~! 손등 사진 오른쪽처럼 바르고 난 후 밀림 현상도 없고 로션처럼 발리니 선크림 바른 후 화장 할 때도 좋네요 그리고 너무 꾸덕한 제품은 얼굴 전체에 펴 바르기가 힘든 경우가 있는데 시슨드시 선크림은 로션 제형이라 흡수력도 빨라서 적은 양으로 넓게 바를 수 있는것도 좋네요. 앞으로는 이 제품만 써야겠습니다~!
5,"시슨드시 선크림 사용 후기 이번에 시슨드시 선크림을 처음 써봤는데, 정말 만족스러워요! 우선 제형이 진짜 부드럽게 발려서 얼굴에 밀리지 않고 백탁 현상도 전혀 없어요. 덕분에 피부 톤이 자연스럽게 유지돼서 메이크업 전에 발라도 깔끔하고요. 무엇보다 촉촉하면서도 끈적임 없이 마무리되는 사용감이 최고입니다. 여름철에도 산뜻하게 사용할 수 있어서 데일리 선크림으로 딱이에요. 성분도 순해서 피부에 자극 없이 편안하게 쓸 수 있었어요. SPF50+ PA++++로 자외선 차단도 확실하니 이제 외출할 때 걱정 없을 것 같아요. 다음에도 또 구매할 의향 100%입니다."
5,"어릴 때 아토피를 심하게 앓아 화장품 살 때 많이 조심하는 편인데요! 지금 2주 정도 사용해봤는데 몹시 만족스러워요^^ 우선 눈 시림이 전혀 없고 피부가 따끔거리지 않다는 부분이 저에겐 1등인데요, 조금만 자극적인 화장품을 써도 눈과 얼굴이 바로 붉어지는 저로선 최고의 제품이라고 말 할 수 있지요 제형은 부드러운 하얀색 로션 제형으로써 처음에 도포하고 나면 백탁이 있는게 아닐까? 염려스러운데 바르고 나면 촉촉하지만 끈적이지 않게 피부에 사악 스며들어요! 무겁지 않게 얼굴에 올라가고 수분감 가득한 느낌이라 화장도 잘 먹고 확실히 속당김도 줄어든 느낌입니다 ㅎㅎ 가격도 저렴하니 일단 한번 사서 써보세용"
5,자외선 차단제에 피부도 눈도 예민해서 신중하게 여기 저기 후기보고 구매했습니다 향은 강하진 않은데 솔잎향같은 냄새라 좀 호불호가 있을것 같구요 제가 제일 중요하게 생각하는 눈시림인 전혀 없었습니다 피부 가려움이나 따가움도 없었구요 도포하자마자는 살짝 끈적이는데 금방 스며들어 보송해집니다 워터프루프는 아닌데 흐르는 물에 손을 씻을 때 바로 씻겨나가지 않고 물방울이 피부 표면에 도로록 구르네요 세안할 때는 클렌징 밀크로 이중세안 해야할 듯요 한 가지 아쉬운 점은 생각보다 매트하다고 할까요? 건성인 분들이 겨울같이 건조한 계절에 쓰기엔 보습력이 살짝 부족한 것 같습니다 습하고 더운 계절에 쓰기에 더 좋을 것 같아요
5,"""시슨드시 백탁없는 밀림없는 끈적임없는 바다를 살리는 선크림 SPF50+ PA++++""은 정말 탁월한 선크림입니다. 먼저, SPF50+와 PA++++의 높은 레벨은 햇볕으로부터 효과적으로 피부를 보호해주어 안심할 수 있습니다. 백탁 없이 자연스러운 발림감은 피부에 무겁지 않게 편안하게 발리며, 끈적임이 없어 촉촉한 느낌을 주는 동시에 보습도 유지됩니다. 무엇보다 피부에 부담 없이 자연스러운 피부톤을 유지하며 해수욕이나 수영 후에도 오랜 시간 지속됩니다. 바다를 살리는 환경에도 이로운 성분으로 만들어져, 환경에 대한 고민을 함께 공유할 수 있어 좋습니다. 종합적으로, 이 선크림은 피부 건강과 자연을 아끼는 사람들에게 완벽한 선택입니다."""
5,"""40대 중반 직장인입니다. 평소에 외근이 많고 자외선에 노출될 일이 많다 보니, 피부 관리를 신경 쓰려고 선크림을 알아보던 중에 이 제품을 쿠팡에서 구매했습니다. 결과적으로 아주 만족하고 있어서 리뷰 남깁니다. 장점 백탁 없음: 바르고 나서 얼굴이 하얗게 뜨지 않아 좋습니다. 남자들은 화장하는 것도 아니고, 선크림 때문에 얼굴만 붕 뜨면 좀 민망한데 이건 그런 게 전혀 없습니다. 끈적임 없음: 바른 직후에도 끈적한 느낌이 없고, 특히 머리카락이 얼굴에 붙는 것도 없어서 활동할 때 편합니다. 눈시림 없음: 예전엔 땀 흘리면 눈이 따갑고 흘러내려서 불편했는데, 이 제품은 그런 게 없네요. 운동할 때도 좋습니다. 성분이 순함: 피부가 예민한 편이라 조금만 자극 있어도 트러블이 올라오는데, 이건 전혀 그런 문제 없었습니다. 검색해보니 전성분도 꽤 착하더군요. 흡수력 좋음: 바르고 나면 바로 흡수돼서 바쁜 아침에도 금방 외출 준비가 가능합니다. 단점 굳이 단점을 꼽자면, 향이 거의 없어서 호불호가 있을 수는 있겠네요. 전 오히려 무향이라 더 마음에 들었지만요. 총평 40대 남성이라면 피부에 부담 없는 제품을 찾게 되는데, 이 선크림은 그런 면에서 정말 만족스럽습니다. 밀림, 끈적임, 백탁, 눈시림 다 없고, 성분도 순해서 매일 쓰기 좋아요. 재구매 의사 있습니다."""
5,"""선크림은 무조건 1년내내 항상 발라요^^ 완전 필수템이죠ㅎ 선크림이 답답함이나 끈적임이 하나도 없이 산뜻하고 바른후 피부가 촉촉 수분크림처럼 발림이 넘 좋아요ㅎㅎ 발림성 만큼이나 중요한 백탁 현상이 없어서 진짜 좋네요 막 발라도 허옇게 되지 않고 촉촉하게 피부결이 좋아보이네요^^ 밀림현상이 없어서 화장 할때도 확실히 좋은것같아요!! 신랑이 그냥 막 팍팍 발라도 백탁현상없이괜찮아서 부담없이 바를수 있어서 진짜 좋다고합니다ㅋㅋ 이제는 골고루 못발라서 고생 할일 없어요!! 피부에 자극없이 순해서 아이도 함께 온가족이 사용하고있어요 눈시림및 잔여감 없고 끈적임이 없어서 아주 만족스러워요"""
5,"저는 사계절 내내 선크림을 사용하고있어요. 우선 이제품은 발림성이 좋아요. 뻑뻑하지 않고, 슥슥 수분감 있게 잘 발려서 너무 좋았어요. 선크림 특유의 백탁현상이 없는점도 아주 마음에들었습니다. 저는 선크림 사용후에 메이크업을 하는편이라서, 백탁현상 없는걸 선호하고있거든요 ㅎㅎ 끈적임 없이 마무리가 되고, 수분감 있게 마무리가 되어서 좋았어요. 메이크업을 할때 밀리지 않아서 그점도 아주 좋았구요 !! 사용해보니, 너무 만족스러워서 재구매의사있는 제품입니다 ~~ 손에 사용한거사진 보면 아시겠지만, 번들거림이 아니라 촉촉하게 마무리가 잘 되는편이에요 잘 사용할게요 ^^"
5,"선크림 여러 개 써봤지만 백탁, 눈시림, 끈적임 때문에 번번이 실패했는데요, 이 제품은 진짜 그 모든 걸 해결해줘서 만족스러워요. 처음 발랐을 때 로션처럼 부드럽게 펴발리고 밀림 없이 피부에 착 감깁니다. 백탁 전혀 없고, 바르고 나서 피부가 무겁지 않아서 메이크업 전에도 부담 없이 쓸 수 있어요. 무엇보다 눈시림이 없는 게 큰 장점이에요. 눈 가까이까지 발라도 자극 없고, 무향에 가까워 민감한 분들도 잘 맞을 듯해요. 성분도 깔끔해서 피부 뒤집힌 적도 없었고요. 50ml 용량이라 파우치에 넣고 다니기에도 괜찮고, 디자인도 군더더기 없이 깔끔해요. 기초 마무리 단계에 사용해도 들뜸 없이 잘 스며들어서 꾸준히 재구매 예정입니다. 무난하게 쓰기 좋은 데일리 선크림 찾는 분들께 추천드려요."
5,지난번 여행에서 백탁현상있는 썬크림을 몸에 발라서 물놀이 할때도 물놀이가 끝나고 나왔을때도 제가 너무 민망해서 한번 사용하고 안써서 이번에는 꼭 잘스며들고 백탁현상 없는것으로 알아보고 사야지하고 구매하였습니다 제형감은 묽지않아 우선 바르기 편하였고 발랐을때는 사르르 스며드는 느낌에 밀림없이 사용하기 좋아서 좋았어요 끈적임 없이 바로 흡수되어서 물놀이 중간중간 썬크림을 수시로 발라주어도 밀림현상없이 피부 보호할수 있을꺼같아요 끈적임도 없고 눈시림도 없어서 우리 유치부 아들과 물놀이할때 함께 사용해도 좋을것같아요 사용후에 재구매할께요^^
5,"얼굴에 미끌 끈쩍 남는 거 정말 싫어하는 사람입니다. (로션 정말 싫죠...) 올 kahit 여름이 찾아오고,,, 피부는 잘타는 피부고, 얼굴은 지성피부고.... 그래도 바캉스 가기전부터 쉐카맣게 피부가 타는 것을 좀 막아보자,, 해서 올 kahit 고만고만한 과대광고 속아주며 하나 실험 삼아 하나 구입해 본 이 제품이 직접 사용해 보자마자 어~~~~ㄹ.. 정신 번쩍 드네요....! 미끌, 끈쩍 그런거 아주 미세하게 있을뿐 거의 없다시피 하네요. 지성피부라 뭐 바르고 더운 오후 쯤 되면 얼굴 답답 간질간질... 짜증 이빠이 였는데 이 제품은 그런거 없습니다. 발라도 아무것도 안바른 듯 거의 처음 피부 상태로 돌아와 너무 편안하고 만족하네요."
5,바다여행 갈 일이 있는데 바다를 살리는 선크림이라는 문구가 마음에 들어 구입했어요. 우리가 흔히 쓰는 선크림 성분 중에 옥시벤존과 옥티노세이트가 산호초와 해양생물을 파괴하는 주범이라 바다에선 사용하지않는 게 좋다는 것 알고있어서(하와이 하나우마베이 환경교육 받을 때 나오죠 ㅎㅎ) 이런 제품 찾고있었는데 다행히 쿠팡에 있었네요 ^^ 백탁없고 밀림 없고 끈적임 없는 제품이라는 설명에 설마하는 마음에 샀어요. 한여름에도 팔다리에는 선크림 잘 안 바를 정도로 선크림 특유의 끈적이는 걸 싫어해서 끈적임만 없어도 만족할 것 같았는데 정말 모든 걸 충족해주는 제품이네요. 발림성이 엄청 가벼워요. 수분로션 바른 듯한 가볍고 산뜻한 느낌이 들어요. 로션 바르듯 가벼운 사용감때문에 당연히 밀림 없어요. 그리고 개인적으로 눈시림 없다는 점이 정말 마음에 들었어요. 예전에 멋 모르고 선크림 바르고 스노클링하고 올라와서 바닷물에 씻겨 흐른 선크림때문에 눈이 엄청 쓰리고 눈 빠질 것 같은 경험이 있어서 이 부분도 중요했어요. ㅎㅎ 성분도 착해서 아이와 함께 쓸 생각으로 구매했는데 가기 전에 하나 더 구매해야할 것 같아요.
5,"포장도 꼼꼼하게 해서 보내주셔서 박스 그대로 잘 배송왔어요. 처음에 선크림 짜봤을 때 꾸덕한 제형인거 같아서 너무 두껍게 발리면 어떡하나 싶었었는데, 문지르니까 촉촉하고 얇게 도포가 됐어요. 그리고 늘 선크림을 바르고 화장하는데 백탁현상 있는 제품들은 화장하고나면 얼굴이랑 목이랑 차이나고 팩트를 두껍게 안발랐는데도 부옇게 뜨는거 같아서 늘 마음에 안들었었는데, 이 제품은 백탁현상 1도 없고 바르고 흡수가 바로돼서 끈적거리지도 않았습니다. 다음에도 재구매 의향이 있습니다. 추천!"
5,너무너무 순하고 촉촉한 썬크림입니다!! 직접 사용해보니 정말 촉촉하고 백탁이 없어 너무 좋아요 끈적임 또한 없어서 진짜 강추하고 싶은 선크림입니다 향은 거의 없고 빛깔은 살짝 하얀색의 순한 썬크림으로 문질러보니 엄청 촉촉하고 부드러워요 끈적임도 없고 백탁도 없고.. 진짜 온가족이 사용하기에 충분한 순한썬크림이더라구요~ 발랐는지 안발랐는지 티도 안나고 무향이라서 저는 더욱더 좋았습니다 용량50ml나 되고 가격도 괜찮습니다 눈에 들어가도 따끔거리지 않는거보니 정말 순합니다 발림도좋고 백탁도없고 재구매 하겠습니다!!
5,피부반응이 민감한 편이라 바르는 제품을 아무거나 못쓰는 몹쓸 체질입니다. 남들 다 괜찮다고 해서 발라도 항상 붉게 올라오고 가려워서 진짜 골라서 제품을 쓰는데 이번건 다행히 제가 쓸 수 있을것 같아요!! 끈적임이랑 백탁현상도 없고요 저자극이라 자주 발라도 피부가 반응하지 않아 좋네요~ 이번 스키장 가서 애들도 발라줬는데 끈적이고 허옇게 되서 싫어하던 아이들도 군말없이 잘 바르네요 제품에 표기 되어 있듯이 전설분이 대부분 추출물이라 저자극인것 같아요. 여튼 민감한 피부나 제품 가리시는 분들은 요거 쓰셔도 괜찮을 듯 하네요~
5,"원래 쓰던 선크림이 단종되어서 선크림 유목민이였는데 드디어 정착할 선크림을 찾은 거 같아요! 저는 성분 최우선인 사람이라 화* 어플 검색해봤는데 성분도 괜찮었어요. 원료 직접 재배에 3년 숙성이니 좋을 수밖에 없는.. 30년 연구라 더 믿고 갑니다. 그리고 제 피부가 예민해서 웬만한 건 눈 시림 있던데 이건 괜찮았어요. 눈 시림 때문에 백탁 감수하고 무기자차 선크림만 고집했었는데, 드디어 백탁 선크림과 안녕을 고합니다 수분크림처럼 흡수하듯 발려서 화장할 때 밀리지도 않아서 좋아요~!"
5,선크림 알러지 있으신 분들 꼭 쓰세요!!! 아무 선크림이나 바르면 피부 뒤집어지는 정도가아니라 퉁퉁 부어서 눈도 안떠질 정도인데 약먹지 않으면 낫지도 않아요 선크림만 바르면 그렇더라구요ㅠ 그래서 찾아보니 ‘에칠헥실살리실레이트‘성분이 안맞는거였는데 찾다가 이 선크림에 그 성분이 없더라구요! 대부분에 선크림엔 있습니다ㅠ 지금 두통째인데 이거만 바르면 알러지 안올라와서 정착했어요! 앞으로 다른거 안쓰고 이거만 쓸 것 같아요!! 재구매의사 있습니다!
5,배송 엄청 빨라요 해마다 봄에 두개씩 구입해 사용하는데요 작년엔 스틱형으로 구매 여름에 땀이나면 눈이 따가워 쓸수가 없어서 올해엔 고민하고 구매~~ 백탁현상 전혀 없구여~~ 흡수 짱 빨라요 바르고 10초후면 마치 안 바른듯이 뽀송해지는 마법~^^수분감도 충분해서 피부 보습에도 좋을듯 합니다 땀에 젖어도 전혀 눈 따가움 없어서 현장서 일하는 남편이 짱 좋아하네요 두개 구입했는데 금방 다 쓸 듯 합니다 주말농장 밭에 갈때 쓸 용으로 더 구매해서 차에도 두고. 집에도 두고 곳곳에 두고 쓰려면 더 구매 해야겠습니다 가격도 부담없으니 강력 추천 합니다
5,겨울이라고 사용 않하는게 아니죠 전 잘 안쓰는데 특히 겨울이 더 중요하다해서 구매했어요 예민한 편이라 타사제품을 사용하면 눈이 시리고 눈물도 나고 허옇게 들떠서 강시 같은데 문제점을 보안해서 나왔네요 자연의 산약제를 사용해서 오히려 피부 진정에 효과적이고 은은한 자연 풀향기가나 기분도 산에 온 느낌이에요 피부에 가깝함이 없게 로션 타입으로 되어 있어서 끈적임이 없이 밀착력도 좋고 흘러내리지 않아 아주 좋아요 만족합니다
5,밖에 있는 시간이 많다보니 선크림은 정성껏 발라주고 있어요. 그런데 요즘 선크림을 바른후에 눈이 시큰거리고 눈물이 자꾸 나서 검색하던중 편안한 시슨드시 선크림을 주문하게 되었어요. 일단 제형 부드럽고 발랐을때 백탁현상 없이 깔끔하게 발라져요. 선크림 바르고 났을때 허옇게 버이는것도 싫었는데 너무 좋네요. 그리고 바른후에도 끈적임 없이 금방 스며드네요. 정말 많은 산야초들로 만들어져 안심하고 사용할 수 있겠어요.
5,로켓배송으로 빠르게 도착했어요^^ 자외선에 노출되어있는 직업을 가지고 있다보니 선크림을 오전 오후에 항상 발라줘야해서 구매하게되었어요~! 발림성도 좋고 자외석 막아주는 성능도 너무 만족하네요~ 선크림을 바르면 피부보호가 되는거같고 얼굴이 하얀색으로 발라지지않아 더욱 만족하네요! SPF50+ PA++++ 의 보호차단력이라 자외선 차단을 톡톡히 해주니 마음에 들어요ㅎㅎ 사용 다할때쯤에 재구매 의사 있어요! 너무 추천합니다^^
5,"딸주려고 샀는데 제가 탐나네요~전 얼굴에 뭘바르는걸 싫어해서 패스하지만,엄청 예민한 피부여서 먼저 테스트해보고 딸한테 주려고 발랐는데 에센스처럼 발림성 부드럽고 금방 스며들어 끈적임1도 없습니다~바르면서 시원한느낌도 드는데요? 아쿠아선크림이라 그런가봐요~이제 고1올라가지만 유교보이 아빠덕에 백탁현상이 없어야만 하는데 이름처럼 백탁없이 그냥 제손입니다ㅋㅋ그래서 더합격입니다"
5,겨울이라도 선크림은 필수로 발라야 되죠!! 얼굴이 하얗게 뜨지 않는 백탁현상이 없는 선크림을 좋아하는데 이름에서조차 눈시림 없는 끈적임 없는 백턱없는 밀림없는 선크림이라 믿고 구매해보았는데 진짜 이름값 하는 선크림이에요 에센스바른거처럼 백탁현상 없이 피부에 잘 스며들어 얼굴에 광도 나고 부드럽게 스며들어 너무 좋아요^^ 특히 온가족이 쓸 수 있는 선크림이라고 하니 아이와 같이 쓸 선크림으로 너무 좋은거 같아요^^
5,"시슨드시 백탁없는 밀림없는 눈시림없는 선크림 SPF50+ PA++++ 실사용 후기 예민한 피부에 맞는 선크림 찾다가 성분 보고 골랐어요 발림성이 정말 좋고, 백탁이 전혀 없어서 놀랐어요 눈시림도 없고 하루 종일 끈적임 없이 편하게 썼네요ㅎㅎ 유분감 어때요? → 산뜻해서 지성 피부도 무난해요 메이크업 전에 써도 되나요? → 밀림 없이 베이스에도 좋아요 향은 어떤가요? → 거의 무향이라 거부감 없어요 ✅ 무기자차인데도 발림성이 부드럽고 가벼워요 ✅ 민감성 피부도 트러블 없이 잘 맞았어요 ✅ 휴대하기 좋은 튜브 타입이라 여행용으로도 굿 ✅ 땀에도 잘 버티고 지속력도 만족스러웠어요 성분 꼼꼼히 따지는 분들께 특히 추천해요 무난하게 쓰기 좋은 데일리 선크림이에요 ▼구매 결정에 도움될 정보▼ 설치 난이도: 해당 없음 디자인: ⭐⭐⭐⭐⭐ (깔끔해요) 가성비: ⭐⭐⭐⭐⭐ (매일 사용용) 사용 목적: 데일리 자외선 차단용"
5,"진짜 이정도로 백탁 없고, 끈적임 없는 선크림을 본적이 없어요. 진짜 그냥 바르면 즉시 사라지는 느낌! 밀림은 정말 전혀 없어요. 화장 전에 바르면 화장이 잘 먹더라구요. 예전에 썼던 선크림들은 밀림이 방해가 돼서 화장 떡지는게 싫어서 바르지 않았었는데, 이 선크림은 그런 걱정 1도 없어요. 피부에 부담도 없고, 가볍게 발리면서도 독특하게 끈적임이 전혀 없어서 매일 바르는게 전혀 부담스럽지 않아요."
5,이거 촉촉하니 좋네요~ 선크림 똑 떨어져서 구매해봤는데 배송도 빠르고 가격도 저렴하니 좋아요. 처음에 패키지 받았을 때 문구랑 디자인이 넘 예뻐서 마음에 들었는데 들어있는 성분도 괜찮고 발림성도 마음에 들어요. 바르면 얼굴 하얘지는 선크림이 아니라 백탁없이 얼굴에 스며드는 느낌이여서 아무리 덧발라도 부담감이 없네요. 앞으로 선크림 떨어지면 고민없이 이걸로 다시 구매할거 같아요!
5,로션같은 맑은 썬크림이에요 인생 선크림 찾았습니다 파데 전에 메베 대체로 바르기 딱이에요 끈쩍이지않고 흡수가 바로 돼서 화장이 들뜨고 밀리지 않네요 백탁 현상 없이 로션바르듯이 샥 바르니 화장도 잘먹고 요철도 가려줍니다 발림성도 좋아요 바다를 살리는 선크림 건강한 선크림이네요 온가족 다 바를 수 있어 더 좋아요 ㅎㅎ 눈시림도 없고 깔끔하고 성분도 좋아서 선크림 유목민 정착합니다
5,매일 사용하는 선크림이라 여러모로 비교하고 사는데 이거는 평도 좋고 들어있는 성분도 좋아서 구매했어요. 선크림 가끔 바르면 따끔거리는데 이거는 그렇지 않아 좋네요 눈 시림도 없어서 눈물도 안맺히고요~ 가장 마음에 드는거는 선크림 바르고 화장하는데 이거는 그냥 로션처럼 발려서 화장 뜨거나 두꺼워보이지 않아 마음에 들어요. 끊적거리거나 답답하지 않아서 편하게 바를수 있네요~
5,선크림이 없으면 안되는 1인입니다. 끈적거리는걸 싫어라 하는 편이라 끈적임이 없고 백탁현상이 없는 제품이라 하여 구매햇어요~ 정말 발라보니 끈적임이 없어요~ 묽은제형이지만 흘러내리는 정도는 아니고 바로 흡수되며 촉촉한 느낌이에요! 지금은 겨울이라 갈수없지만 바다를 살리는 썬크림이라 하니 더 양심상 편하게 쓸수 있겠어요~ 촉촉해서 마음에 드는 제품이에요^^
5,평소 선크림 바르면 눈이 따가워서 잘 안바르고 다녔는데 어느날 보니 얼굴에 기미가 엄청 생겼지 모에요 ㅠ 안되겠다 싶어 눈 시림 없는 선크림 찾던중 발견했네요 써보니 이전에 쓰던거와 달리 눈따가움이 없네요 백탁현상 없이 싹 스며들어 좋았어요 일반 선크림은 끈적이는게 있는데 시슨드시 선크림은 끈적임이 없어서 산듯하게 바를수 있었어요^^
5,사계절 내내 꼬박 선크림 바르는 1인인데요 그래도 선크림 자외선차단제 유목민이거든요 그런데 요기저기 뒤적이다 평도 좋구 성분도 마음에들어 주문했는데 진짜 밀림이나 겉도는게 없고 촉촉함이 계속 유지되고 뜨거나 백탁현상이 전혀 없어서 마음에 쏙 들어요 이제 선크림 정착 해야겠어요 가격도 착해서 더 최고 ㅋㅋㅋ 추천드려요
5,백탁이 없으며 많이 번들거리지 않으며 피부트러블이 없이 잘 사용 중이며 향은 거의 없는 듯하며 피부가 답답하지 않으며 피부가 편안한 것 같다 순하다 눈시림도 없다 밀리지도 않는다
5,썬크림을 이것저것 안가리구 많이 사용하는 편인데 시슨드시 소량으로 발라 보았어요~이거 아주 피부에 착착 흡수력이 금방이여서 너무 좋아요~^^ 가격비해 용량은 적지만 성분을 보면 왜 그런지 알 수 있을 것 같아요~ 민트향이 은은하게 나는데 바르고 나면 냄새도 사라지네용!겨울철에도 썬크림 중요한데 시슨드시로 뽀송한 피부 보호 잘 하겠습니당^^
5,내돈내산 후기!!!! 일단 피부 타입 아주 극예민한 타입이에요 스킨만 조금 다른 걸 써도 바로 여드름 각...ㅜㅜ 그래서 친구집에 놀러가도 항상 기초제품을 들고가야 하고 화장은 꿈도 못 꿉니다. 자외선 차단제도 대학생이 되어서야 바르기 시작한...ㅜㅜ 자외선 차단제도 한동안 순한 제품을 찾기 위해 유목민 생활을 했었는데 이제 정착할 수 있을 것 같아요. 처음에는 라운드랩365을 썼었는데 백탁이 너무 심하고 향이 너무 안 좋기도 하고 피부 트러블도 생기더라고요 그래서 그 다음으로 옮긴데 독도 선크림~백탁이 없고 향도 없는데 아침에 바르고 오후쯤되면 눈시림이 심해지더라고요 분명 순한 제품인데도 불구하고 저에게는 불편감을 주더군요 눈이 또 예민한 편이라 그럴수도... 그러다 화해 어플 통해서 성분 확인하고 이 제품을 구매해 보았습니다. 얼굴과 목 위주로 발라서 여러 개를 살까 하다가 일단 확인차 구매하는 거니 1개만 사 보았죠 크기는 사진에서 보시다 시피 그렇게 크지는 않아요. 제형도 적당?!묽지도 끈적이지도 않아요 발라봤는데 백탁 전혀 없습니다! 눈시림은 약간 있는 듯 없는 듯?! 제가 워낙 예민한 편이라 느끼는 걸 수도 있어요. 웬만한 분들은 다 괜춘하실 듯 합니다ㅎㅎ 저는 얼굴과 목 모두 바르는 편이라 금방 사용할 듯하네요 조만간 재구매할 예정입니다!!
5,"요즘 화장을 거의 안하고 선크림만 바르고 다니는데 피부가 예민한편이라 순한제품을 찾다가 구매하게 되었어요. 결과적으로는 제 피부에 아주 잘맞아요. 아직까지 트러블 하나 없이 잘 사용중이고, 신기하게 눈주위에 발라도 눈이 따갑지 않고 백탁현상도 없어서 아주 잘 사용중입니다! 성분이 착하고 데일리로 사용할 선크림으로는 아주 강추에요!"
5,기미가 생겨서 화장을 하지 않더라도 데일리로 늘 선크림을 바르고 있는데 데일리로 쓰다보니 화장품 같은 느낌 보다는 기초 화장품 같이 잘 흡수 되고 뜨지 않는 걸 선호하는 편이에요 데일리로 쓰기 좋은 질감이고 순해서 매일 사용해도 부담이 없습니다 자외선 차단 수치도 높아서 자외선 차단도 잘 돼요! 자극적이지 않고 바른듯 안 바른듯 좋아요~
5,온가족이 함께 4계절 항상 쓰는 선크림이라서 좀 예민하게 고르는편이에요. 자극없이 살짝 묽은느낌으로 부드럽게 크림바르듯 발려요. 백탁도없고 눈아픔 전혀 없어서 아이들이랑도 함께써요. 아이들이 주근깨가 잘생기는 피부라서 어릴때부터 선크림은 꼭 발라주는편인데 이제품 아이들과 함께 쓸수있어서 좋네요^^
5,선크림을 사용할 때 따겁거나너무 끈적해서 불편함을 많이 느꼈는데 이 제품을 쓰고 난 후부터는 그런 부분이 전혀 없답니다. 피부가 답답해야지 않고 흡수력도 좋아요. 산뜻하고 촉촉한 썬크림인 것 같습니다. 착한 성분으로 들어가 있어서 가족들 쓸 수 있을 것 같아요. 땀이 나도 끈적임이 없네요. 데일리 선크림이 잘 쓰일 것 같습니다.
5,끈적임도 없고 냄새도 무난하고 무엇보다 썬크림을 바르면 눈이 따갑거나 피부가 빨개지는 예민한 피부였는데 전혀 그런 것도 없고 흡수도 잘되서 기름져 보이지가 않네요! 가격 대비 너무 좋아서 다른 고가 제품 보다 더 낫네요 앞으로 썬크림은 이걸로 정착하렵니다. 유목민 처럼 이거 저거 다 써봤는데 괜찮네요ㅎㅎ
5,워터프루프 기능이 없다고해서 프리다이빙 마치고 보트 오면 물로 헹구고 바로 발라주었어요! 원래 그때 많이 타거든요~ 그래도 물이 묻으면 또르르 굴러가는 정도로 코팅은되더라구요 풀냄새도 좋고~스킨케어 제품처럼 발림성이 좋아서 온 몸에 듬뿍 듬뿍 바르고 다이빙 내내 아주 잘 썼습니다~ 백탁도 없어서 막 발라도 걱정없었어요^^
5,너무너무 만족스러워요 백탁현상도 없고 밀림도 없고 눈도 전혀 따갑지가 않아서 한여름에 진짜 진가를 발휘할것같아요 전 좀 예민한 편이라 눈주변에만 발라도 눈이 시큰시큰 거려서 성분 안좋은 선크림은 잘 못쓰거든요 ~ 이건 전혀 눈시림이 없네요 그리고 만든 과정을 보니깐 착한 성분에 좋은 재료에 너무 착한 제폼인것 같아요!!
5,썬크림 바르면 얼굴에 자꾸 밀려서 바르질 못했는데 안바르니 자꾸 얼굴이 상해서 구매했는데 배송 오자마자 출근할때 화장 했는데 진짜 하나도 안밀리고 백탁현상도 없고 너무너무 좋아요!!! 진짜 가볍고 끈적임도 하나도 없어요!! 피부가 엄청 예민한데 하나도 자극적이지가 않아요 진짜 데일리로 정말 딱이에요 꼭 써보세요!!!!
5,와 이거 진짜 뭐죠? 촉촉한 로션바르는 느낌이예요!~ 진짜 너무 부드럽게 발리고 발랐을때 눈시림도 없고 자극되는것도 없어요! 백탁은 당연히 없었구요!~ 향도 아주 좋고 끈적임도 없어서 화장전에 발라도 들뜸과 밀림없이 너무 만족스러워요! 촉촉해서 로션하나 더 바른느낌이라 이거 진짜 꾸준히 쓸 선크림 찾은느낌이예요!
5,선크림은 항상 바르는 편인데 백탁현상 없는 선크림 찾다가 상품평이 좋아서 구매했어요 선크림 발라보니 백탁현상도 없고 촉촉하기 까지 발림성도 좋고 흡수도 잘되요 선크림 눈 가까이 바르면 눈이 따끔거리는 선크림도 있는데 이제품은 순해서 눈 가까이 발라도 따끔거리지 않아서 좋아요 향도 은은하니 좋아요
5,엄마가 선크림 다쓰셨다고 해서 찾아보다가 새로운거 발견하고 구매해봤어요 제일맘에드는 문구가 눈시림없는거였는데 엄마도 받아서 써보시니 눈시림도없고 바르는순간 흡수도 잘된다고 하세요 엄마는 매일선크림 바르시는데 밀림없어서 너무너무 좋다고 하시네요 완전 만족하셔서 저도 좋으네요~^^
5,백탁없는 선크림 찾고있었는데 이거 평이 좋아서 구매했는데 너무좋아요 발림도 부드럽고 백탁현상이 전혀없어요 약간 물같은 로션같이 잘펴발려지는데 짜면 크림같이 잘있고 바르는순간 스며드는데 끈적임이 전허 없어서 너무좋은거같아요 재구매의사있습니다 쟁여놓고 써야겠어요
5,썬크림은 계속 사용해야 하는데 잘 맞지 않아서 자주는 사용못 하고 있어요 출장을 가야해서 급하게 구매해서 사용했는데 화장품에 진심 이라는 문구가 눈에 띠더라구요 사용해보니 눈이 따끔 거리지않고 하얗게 강시처럼 되지도 않고 민감한 피부라 걱정했는데 데일리로 써도 좋을거 같아요 만족합니다
5,타 제품인 스틱형을 사용하다가 끈적거림은 물론 번들번들거리는 현상까지 있어서 억지로 참고 사용하다가 이번에 가족전체도 사용 가능한 착한 성분의 선크림을 발견해서 구매했네용~ㅎㅎ 성분도 순하고 눈시림도 없고 들뜸도 없는 게 너무 만족스러웠습니당ㅎㅎ 배송도 빠르고 재구매의사 있습니닷~
5,바다를선크림이라는 문구가 마음에들어 구매한 선크림^^ 중탕방식으로 진액을 추출하는것도 신기함~ 저는 진짜 민감피부기도하고 안좋은 선크림바르면 눈이 시리거든요 근데 이거발랐는데 진짜 시림없다는;; 진짜 데일리로 쓰기좋은 썬크림인거같아여~ 선크림은 이제 이거로 정착해야할듯해여~
5,선크림이 끈적임없이 촉촉하고 바른후 산뜻해서 좋아요 끈적임 없는 점이 넘넘 맘에 들어요!! 집에서 사용하는거랑 화장품 파우치에 넣고 다녀서 재구매했어요 ^^ 파우치에 쏙 들어가서 편리해요 백탁현상없고 피부에 착착 잘 흡수되어서 좋습니다. 향도 좋고 자극없어서 엄지척 좋아요
5,써봤는데 너무 좋아서 엄마드리려고 재주문했어요 끈적이지도 않아서 끈적이는거 질색해서 크림도 안바르는 남편도 좋아합니다 겨울에도 선크림 꼭 발라야하는데 좋은선크림을 발견하게 돼서 너무 좋아요 성분도 순해서 애기랑 바르기도좋고 예민한사람도 문제없어요
5,프리다이빙 하다보니 해양보호 선크림만 찾게됐어요 기존 직구로 구매한 선크림은 너무 뻑뻑하고 건조해져서 손이 더 안가는데 이건 되게 촉촉하고 끈적임없이 산뜻하게 마무리되고 건조함이 없어서 파데 바르기 전에 발라도 밀림없이 뽀송뽀송한 피부표현 되네요^^
5,"시슨드시 성분이 좋은 선크림 SPF50+ PA++++ 실사용 후기 민감성 피부용 선크림 찾다가 시슨드시 무기자차 선크림 구매했어요ㅎ 50g 튜브라 들고 다니기 좋고, 백탁 없고 끈적임 없는 사용감이라 정말 만족했어요ㅋㅋ 눈시림도 전혀 없어서 데일리 선크림으로 딱이었네요 발림성은 어떤가요? - 부드럽고 가볍게 발려요ㅎ 백탁현상은 있나요? - 전혀 없고 자연스럽게 스며들어요 피부 자극은 어떤가요? - 눈시림, 밀림 전혀 없어요 ✅ 가벼운 발림성과 자연스러운 마무리 덕분에 매일 쓰기 좋아요ㅎㅎ ✅ 성분이 순해서 민감성 피부에도 걱정 없이 사용할 수 있었어요! ✅ 백탁이나 끈적임 없이 산뜻하게 마무리돼서 완전 만족했어요 편하고 순한 선크림 찾는 분께 강추합니다ㅋㅋ 특히 매일 데일리 선크림으로 쓰기 최고에요ㅎ ▼구매 결정에 도움될 정보▼ 설치 난이도: 해당 없음 디자인: 해당 없음 가성비: ⭐⭐⭐⭐☆ (좋음) 사용 목적: 민감성용 선크림"
5,진짜 빨리 오네요 뽁뽁이로 소중하게 포장되어왓어요. 얼굴만 발라야하는거 아니고 온몸에 바를수 있어서 아주 좋네요. 유통기한도 26년까지로 아주 넉넉해요. 촉촉하니 좋습니다. 그립감도 좋아서 파우치에 넣고 가지고 다니면서 수시로 바를수 있을거 같아요
5,기존에 사용하던 선크림 다 사용하고 백탁 없고 눈 시림 없는 선크림이라고 해서 한 번 사용해 보고 싶어서 구매했어요!! 성분도 순하고 피부 자극도 없고 잘 맞아요~ 백탁 현상도 없고 무엇보다 눈 시림이 없어서 사용하기 좋아요 로션처럼 촉촉하고 부드럽게 잘 발려요!
5,"내돈내산 후기!! 결론: 끊임없이 재구매중입니다!! 아마 이전에 구매한 구매후기가 있을 것 같은데ㅎㅎ구입할 때마다 구매후기는 계속 쓸 것 같네요~ 마지막 사진에서 보시다시피 영혼까지 끌어모아 박박 긁어서 쓰다가 더 이상 긁어 쓸 게 없어 재구매했습니다~ㅋㅋㅋ 시즌드시 제품은 지금까지 여러 번 구매했는데 한 번을 세일한 걸 본 적이 없는 것 같아요...ㅜㅜ 고게 조금 아쉬운...ㅎ 제품명처럼 백탁도 전혀 없고, 눈시림도 없어요!! 얼굴에 발랐을 때 얼굴에는 끈적임이 느껴지지 않지만 손에서는 조금 찝찝한 느낌이 남아서 저는 요거 바르고 손은 물티슈로 닦아줍니다ㅋㅋ 진짜 피부도 엄청 엄청 엄청 예민하고 눈도 엄청 엄청 엄청 예민한 편인데 요거는 괜찮더라고요!! (피부가 너무 예민해서 독도 기초제품만 쓰고 있어요) 눈시림 없다는 다른 제품들을 썼을 때도 눈시림을 느꼈는데 요거는 괜찮았아요~ 눈이 예민한 편인데다가 컴퓨터 화면, 태블릿, 휴대폰 이런 거를 오래 봐야하는 직업이다보니 더 예민하고 건조한 편인데 요거는 괜찮았어요!! 용량이 좀 작은 편이라 꽤 자주 구매하게 되네요ㅎㅎ 용량이 조금 더 큰 게 나오면 그걸 살 텐데...이 제품으로 정착하고 싶은데....큰 거 출시해 줬으면 좋겠어요!!!"
5,"끈적이거나유분이 성분이 과하면 트러블이생기는민감성피부인데 성분이 착해서 그런지 트러블도안나고,부드럽게스며들고 산듯하게 촉촉하네요. 그리고하얗게뜨는건 밀리는데 전혀없어요! 화장전에 사용하기너무좋은것같아요."
5,눈시림없고 땡김없어 요즘 너무 잘쓰고 있는 선크림이에요. 안방에 놓고 혼자 쓰다가 거실에 하나 더 두고 신랑이랑 같이 쓰려고 재주문했어요. 끈적거리고 하얗게 들뜨는게 싫어 선크림 안 바르는 신랑도 요건 로션같다며 아주 잘 바르고 있어요.^^
5,끈적임 없이 부드럽게 피부에 흡수도 잘되고 발림 좋아요 푸석했던 피부가 한층 촉촉하니 좋네요ㅎㅎ 많이 발라도 백탁현상없이 사용하기 편리해요!! 그리고 눈시림이나 자극없어서 아주 굿굿 좋음♡♡ 산뜻하고 촉촉선크림 필수템이네요^^
5,요즘 시슨드시바디로션을 너무 잘 바르고있는데 재주문하면서 마침 선크림이 떨어져 같이 주문했어요. 로션제형이라 되직하지않아 얇게 펴바르기 좋고 끈적임없이 아주 촉촉해요. 얼굴땡기지않고 눈시림없어 아주 좋아요.^^
5,"눈시림 없고, 화장전에 선크림 바르고 비비 바르는데 화장도 잘먹어요!! 성분이 착해서 아이도 발라주고 식구들이랑 데일리로 쓰려구요~ 유채씨 유래 및 팜오일이 함유되어 있어서 끈적이지 않고 백탁현상 없어요~"
5,"굉장히 촉촉히 발려요 알고 있는 크림형이라기 보다는 농도 있는 에센스?에 가깝네요 여름엔 상쾌하고, 겨울엔 크림전에 발라줘도 될것 같은 고런 너낌이~^^ 포장지도 이쁘고 끈적이는거 백탁있는거 싫어하묜 요거 딱임다~"
5,겨울에도 선크림 발라줘야하는거 아시죠 1년 내내 선크림 바르려고 노력하고 있습니다 성분이 좋아서 아이랑 같이 쓰려고 구매했어요 백탁없고 밀림없어서 화장하기 전에 발라도 화장이 뜨지않아서 좋네요
5,얼마전에 여기서 로션을 구매했는데 성분도 순하고 촉촉해서 넘 맘에들더라구요^^ 그래서 이번에 선크림도 구매햇는데 향도 괜찮고 발림성도 좋아요 수시로 바를거라 백탁없는걸 찾았는데 딱 맘에 드네요
5,열어보자마자 바다가 연상되는 시원하고 예쁜 디자인이네요.. 사이즈도 손에 들어오니 딱 좋고.. 백탁현상 전혀 없고.. 촉촉해요.. 약간 은은한 허브향같은데 향도 시원하고 상쾌해요. 넘 좋은제품 만족합니다
5,써보고 제구매했어여 부드럽게 발려서 좋구 피부에 쏙 스며들어여 번들거림없고 밀림이 없네요 눈시림도 없어요 백탁 밀림이 끈적이지 않아서 손이가네요 선물로 또하나 구입해야겠어여
5,매번 선크림 사면 무언가가 불편한점이 있어서 한제품에 정착하질 못했어요 항상 다른제품을 사게 되었구요. 이번에도 큰 기대없이 구매해서 사용중인데 드디어 정착하게 될거 같네요 백탁없고 발림성좋고 기름기없고 눈시림 없습니다 그리고 항상 선크림 보면 백탁은 없고 살짝 톤업이라고 적어놓는데 그게 젤 애매하고 싫었거든요 피부가 살짝 톤업되어서 좋다는둥 그런 리뷰나 설명보면 전 그냥 뒤로가기합니다. 그 톤업이란게 백탁까진 아니더라도 무조건 얼굴 하얗게 되는데 사람들 리뷰보면 무슨 피부가 환해보이느니 깨끗해보이느니 입발린 좋은소리죠 막상 사서 발라보면 그냥 톤업이 아니고 반백탁임. 조금 옅은 백탁을 좋게 포장해서 쓰는 말이 톤업 이딴소리죠 아무튼 이제품은 톤업같은거도 없습니다 그게 젤 맘에드네요 정착하겠습니다
5,백탁현상 없는 선크림으로 원하시는분들 추천드립니다. 끈적임 없이 산뜻해요 향도 진하지 않아서 좋아요 밀림없으 부드럽게 잘 발립니다. 순해서 자극없이 편안하게 쓰기 좋아요
5,하루만에 배송왔어요 타사 선크림을 써보니까 백탁 때문에 화장이 다 밀리길래 찾다가 주문해봤어요 향도 은은하게 나고 끈적이지도 않고 오히려 촉촉해서 좋아요 ! 무거운 느낌도 안들고 백탁도 없어용
5,끈적임도 백탁도 없어요. 정말 생크림처럼 보드랍게 발려서 얼굴전체 바르며 답답하지않아 좋아요. 반짝반짝 광도 좀 보이고 보습력도 좋아서 만족하며 사용하고 있어요. 재구입도 하게 될것같아요.
5,저희 엄마ㅠ 선크림만 바르면 눈까지 퉁퉁부어서 간지럽다고 하시고 약도 챙겨드시는데 이거 바르면 그런 증상 없으세요 그래서 선크림 안맞으시는 분들 이거 추천드려요!!
5,아주 만족하면서 잘 쓰고 있어요~ 언니랑 좋다고 제껄 가져가버려서 재구매했어요 미끌거림도 없고 흡수도 잘되요! 하애지는게 없어서 너무 만족~ 꾸준히 쓸려고요^^ 디자인도 너무 예뻐요~
5,선크림 디자인도 이쁘고 맘에들어요!! 사이즈도 휴대하기에도 좋습니다 이번에 여행갈때 들고가려고요ㅎㅎ 무엇보다 끈적임이 없이 촉촉하게 잘 발려요 아주 잘 사용중이네요 !!
5,수분 크림같아요 피부에 쏙 스며들어서 번들거림없고 밀림이 없네요 선크림 번들거림때문에 잘 안바르는데 백탁 밀림이 끈적이지 않아서 손이가네요
5,백탁없는 제품 찾았는데 너무 잘 산거 같아요 촉촉하고 끈적임없어서 좋아요 밀리는것도 하나 없이 너무 좋아요~ 다쓰면 재구매 각이에요!! 마음에 들어요~
5,"썬크림 바를 때 피부색 톤업이 아니라 허옇게 둥둥 뜨는 백탁현상 싫었는데 눈 시려서 맨날 눈물나서 울고 다니고,, 끈적여서 답답하고 이 제품은 광고멘트처럼 백탁도 없고 눈시림 없고 끈적임이 없어서 답답함도 없네요 집에 있을 때도 썬크림 발라야 한다고 하고 피부관리샵이나 피부과에서 레이져치료 받고나서도 썬크림 발라주는 거 중요하다고 하는데 최근에 편평 사마귀 레이저로 싹 빼고,, 색소침착 걱정되어서 구매했어요 속눈썹 연장시술 받다가 옮았는지 아이 메이크업도 안하는데 눈 주위에 각각 양쪽으로 30개 넘게 생겨서 편평 사마귀 레이저 치료 하고 눈 주위에도 발라줘야 하는데 이 제품은 눈시림이 없어서 너무 좋으네요~ 눈꺼풀,, 눈점막,,에 편평 사마귀 레이저 맞는데 무서워 죽는 줄;;; 다행히 의사 선생님이 잘 조준해서 겨우 끝내긴 했지만,, 하루에 아침에 1번 바르면 백탁, 답답함 때문에 덧발라주기 부담되었는데 이 썬크림은 부담이 없어서 하루에 2~3시간마다 계속 발라줄 수 있겠어요 이런 질감으로 가격 저렴이 바디용 썬크림도 나왔으면 싶네요 얼굴만 아니라 적어도 손등, 목에도 발라줘야 한다고,, 한국 화장품이 썬크림까지 접수하겠네 ㅋㅋㅋㅋㅋ 미국 MZ 세대들까지 사로잡은 한국 K 화장품~ 동안 관리에 썬크림은 필수~! 나는 귀찮아서 로션, 크림을 바르기 귀찮아 하는데 이 썬크림은 로션 느낌나고 촉촉해서 당기지 않아요 스킨이나 토너, 에센스 바르고 바로 썬크림 발라도 나쁘지 않을 듯,, 화장품 여러개 바르기 싫어하거나 귀찮아 하는 사람에게 득템일 듯 ㅋㄷ"
5,### 이 브랜드 샴푸에 너무 만족해서 선제품도 구매했는데 박스에 써있는 카피 그대로인 제품력에 감탄합니다. 제품 디자인은 촌스럽지만 심플하게 제품력에 집중한 브랜드네요. # 백탁 진짜 없어요 피부 톤을 살짝 정돈해주는 느낌이고 허옇게 되는 백탁은 1도 없습니다. # 밀림 갠적으로 이거 아주 중요하게 생각하는 부분입니다 선크림 바르고 팩트 두드릴 때 밀리면 최악이에요 그렇게 짜증 날 수가 없어요 그런데 저는 팩트까지 바르는 경우는 좀 드물고 선크림으로 끝내는 경우가 많은데 밀리는지 보려고 팩트 두드려 봤어요. 안 밀려서 만족했네요. # 눈시림 역시 없어요 눈이 편안합니다. # 끈적임 요건 바르기 전 피부 상태가 중요할 듯요. 여름이니 아무래도 쿨링을 충분히 해주고 발라야 끈적임이 없다고 느낄 수 있습니다. # 향 풀향이랑 베이파우더가 섞인? 쌉싸름한 화장품 냄새 나요. 그렇게 좋은 향은 아니에요. ### 제 경우에는 토너랑 에센스 후에 이 제품만 넉넉히 발라 줍니다. 모공이랑 기미가 좀 있는 피부입니다. 개인 피부 상태에 따라 다르겠지만 저는 이것만 발라도 피부톤이 어느 정도 정리가 돼서 팩트나 파운데이션을 쓰지 않고요 눈썹이랑 립만 살짝 해주면 외출 가능이에요. 좋은 제품이라 단종 안 되게 많이 팔리면 좋겠네요 ㅎㅎ 선택에 도움되시길 바라며 솔직한 후기 남깁니다.
5,배송 빨라용 바르고 화장했을때 밀리지도 않고 끈적임도 없어요 오히려 촉촉하게 마무리 되는 느낌 ㅎㅎ 백탁도 없어서 좋네요 !
5,백탁없고 아주 잘쓰고있어요 화장하기전에 바르면 화장이 아주 잘먹네요 ㅋㅋㅋ 자주 사용하고있어요!! 묽지않아 좋아요
5,"패키징: 50g 용량의 튜브 2개 세트로 포장이 깔끔하고 위생적이에요. 튜브 형태라서 사용하기 편리하고, 양 조절이 쉬워서 좋아요. 휴대하기에도 편리한 사이즈입니다. 성분: 성분이 굉장히 좋아서 민감한 피부에도 잘 맞아요. 자극 없이 부드럽게 발리고, 자연 유래 성분이 많이 포함되어 있어서 피부에 부담이 적습니다. 성분에 신경 쓴 제품이라 안심하고 사용할 수 있네요. 사용감: 백탁 없음: 바르고 나서 백탁 현상이 전혀 없어요. 피부에 자연스럽게 흡수되어 피부 톤이 고르게 변해요. 밀림 없음: 발림성이 좋고 밀림 없이 부드럽게 발려요. 얼굴에 잘 스며들어서 불편한 밀림이 전혀 없습니다. 눈 시림 없음: 눈 주위에 발라도 전혀 자극적이지 않아요. 눈 시림이 없어 안심하고 사용할 수 있네요. 끈적임 없음: 끈적임 없이 가볍게 마무리되며, 하루 종일 편안하게 착용할 수 있어요. 제형과 마무리: 제형은 부드럽고 산뜻해요. 발림성이 좋고, 피부에 자연스럽게 흡수됩니다. 화장이 잘 밀리지 않고, 메이크업 베이스로도 좋습니다. 매트한 마무리감 덕분에 기름지지 않고 깔끔하게 유지됩니다. 지속력: 지속력도 뛰어나서 하루 종일 자주 덧바를 필요가 없어요. 외출 시에도 걱정 없이 사용 가능하고, 자외선 차단 효과가 뛰어나서 만족스러워요. 전체적인 만족도: 이 선크림은 성분이 좋고 사용감이 매우 우수해요. 백탁, 밀림, 눈 시림, 끈적임이 없어서 편안하게 사용할 수 있고, 자외선 차단 효과도 훌륭해요. 2개 세트로 가성비도 좋고, 앞으로도 꾸준히 사용할 생각이에요. 강력히 추천합니다!"
5,"정말 이름 그대로, 백탁 없고 눈시림 없는 선크림입니다. 기존 자외선 차단제들에서 느꼈던 텁텁함이나 하얗게 뜨는 현상이 없습니다. 제형은 부드럽게 잘 펴발리고, 바로 흡수되며 끈적임도 거의 없어요. 민감성 피부인데도 트러블 없었고, 눈가 근처 발라도 눈이 따갑지 않았어요. 여름용으로는 물론, 사계절 내내 쓰기에 부담 없습니다. 무향에 가까워서 향 민감하신 분들도 무난하게 쓰실 수 있을 듯요. 밖에 오래 있어야 하는 날 발라봤는데, 얼굴이 탄 느낌 없이 잘 막아줬습니다. 얇게 여러 번 덧발라도 밀림 없고, 메이크업 전에도 잘 어울려요. 남성분들도 데일리 선크림으로 매우 추천드립니다."
5,은은하게 향이 나긴하는데 나쁘지 않은 향인데 딱히 무슨향인지 모르겠어요 로션질감이고 잘 흡수되고 뽀송한 느낌이에요
5,흡수력 좋고 바르고 나면 촉촉한느낌이 좋았고 번들거림 끈적임 1도없이 산뜻하였고 더 놀랐던건 바른후 느낌이였습니다 제피부가 민감해서 후기가 좋은 남들은 자극없다는 선크림에도 피부 따가움과 눈시림 있었는데 이건 자극 눈시림 전혀 없이 피부가 편안했습니다 인생최고의 선크림 입니다 앞으로 쭈욱~~이걸로 쓸겁니다 단종없이 계속 시판되어야 할 제품입니다 감사합니다
5,"내돈내산 후기!!!!!!!!!!!! 결론: 현재 지속적으로 재구매 중!!!!!!!! 이전 후기에도 제 글이 아마 있을 거예요ㅋㅋㅋ 매번 구매할 때마다 후기를 남겨봅니다(혹시라도 사용감이 달라질 수 있어서...ㅎ) 일단 얼굴용으로 사용하고 있어요!! 피부가 아주 극도록 예민하다! 스킨 케어 제품도 아무거나 바르지 못한다! 하는 분들에게 강추합니다!! 제가 그러거든요ㅎㅎㅎ 용량이 조금 더 큰 게 있으면 좋을 것 같은데 없어서 18000대로 가격이 떨어지는 경우 구매하고 있고, 가끔 화해에서 포인트로도 계속 구매하고 있어요~ 얼굴용으로만 바르면 한통으로 2개월~3개월 정도 바를 수 있어요!! 가끔 목까지 바르는 경우도 있어서 저는 2개월 정도 가더라고요. 이전에 안심365? 요거 쓰다가 냄새가 조금 그렇기도 하고 눈시림 있어서 자작나무 수분 선크림으로 바꿨었는데 이거는 용량이 더 작고, 용량 대비 비용이 좀 있어서 지금은 시슨드시 제품으로 정착했습니다!! 백탁도 전혀 없고, 부드럽게 잘 발려요. 크림보다는 묽고 로션보다는 조금 되직한 느낌이에요. 순한 제품들 많이 써 봤는데 다들 어느 정도는 눈 시림이 있더라고요. 근데 요거는 전!혀! 없어요!! 컴퓨터 작업을 오래하는 직업이라 눈이 건조하고 예민해져 있어서 눈 시림을 더 잘 느끼는 편인데 요거는 눈 근처에 발라도 그런 게 없어서 좋아요!!! 발랐을 때 얼굴에는 끈적이는 느낌이 안나는데 아무래도 손으로 바르다보니까 손에 발린 건 좀 찝찝한 느낌이 들어서 얼굴에 다 바르고 난 뒤에 물티슈로 손은 닦아줍니다~ 백탁 없고, 눈 시림 없고, 예민한 피부도 걱정없이 사용할 수 있는 제품이에요!! 계속 재구매 예정인데 혹시라도 중간에 바르다 문제 생기면 후기 남기러 오겠습니다!!"
5,눈 따가움 때문에 한번 사봤어요. 정말 안 따갑네요. 그래도 눈 비비면 안될 것 같아요. 어른들 제품은 스틱이든 액체든 거의 눈에 들어가면 따갑더라구요. 눈두덩이에 살짝만 발라도 시간 지나면 슬슬 눈이 따갑더라구요. 스틱도 나오면 좋겠어요. ㅡㅡㅡㅡㅡ 요제품은 로션 처럼 부드럽고 가볍게 발리고~ 지금 3시간 지났는데 촉촉함이 남아 있네요. 사이즈는 생각 보다 작아요. 요고는 얼굴에만 바르는 걸루~ㅎㅎ ㅡㅡㅡㅡㅡ 향은 개인적으로 솔잎향이 살짝 나는것 같아요. 저는 다 맘에 듭니다.
4,묽어서 발림이 부드러워 좋아요 약간 시큼한 향이 있긴 한데 불쾌한정도는 아니에요. 생각보다 가격에 비해 용량이 적어요 눈이 일단 시리지 않고 백탁현상도 없고 그걸로 만족해요
5,"※※※※※눈이 전혀 아프지 않음※※※※※※ 초초초민감 눈을 가진 사람으로서 눈시림 없는 선크림이라는 말에 속아서 산 선크림만 1년에 20개 이상, 하지만 단 하나도 눈 시림이 없는 제품을 찾을 수가 없었음 무기자차를 사도 눈 시림이 있는 걸로 봐서는 무언가의 성분 하나가 내 눈과 맞지 않는 것으로 보였음. 그렇다고 성분 하나하나를 따져서 구매할 수는 없고, 무작정 구매하고 쓰지 않으면 바디 선크림으로 쓰던가 동생이나 가족들에게 처분하는 방법 외에는 없었음. 그런데 최근 평소 얼굴의 보기 싫던 점을 빼고 다시 선크림을 매우매우 잘 발라야하는 상황에 닥쳤음 그래서 급하게 눈 시림이 없다는 선크림을 수색했고, 최대한 빠르고 많은 제품을 고르기 위해 쿠팡에서 검색을 하였음. 제일 먼저 들어오는 것은 이것과 율이 들어가는 어쩌고 뭐시기였는데, 그냥 디자인이 조용해서 시슨드시 먼저 사봤음 어머 그런데 이게 웬일 향이 이게 대체 무슨 향이야 하는데 눈가에 치덕치덕 발라도 1도 시림이 느껴지지 않는 것임 평상시 같으면 눈가에 치덕 치덕 바르면 몇번 눈 깜박이다 눈물이 주루룩 흘러야 하는데 완전... 그냥 1도 반응이 오지 않는 것임 그리하여 나의 선크림 유랑기는 막을 내렸다고 한다. 냄새따위 눈시림 없는 것에 비하면... 아무것도 아니다!!"
5,향도 강하지않고 발랐을때 눈시림 없었구요~ 유분기는 약간은 있어요~그치만 기존 다른썬크림보단 덜한것 같아요
5,땀나면 따갑다고 썬크림바르기 싫어하는 남편. 이거사주니까 매일바릅니다 땀흘려서 눈에들어가도 안따갑다고하네요 향도 좋대요 가격이 좀 사악하긴하지만 잘바르니까 재구매예정
5,용량은 작아요 성분이좋다하고 눈시림이없다기에 믿고구매했어요 몇번사용해보니 눈시림이 없어요 좋아요
5,"전에 샀던 썬크림이 27년까지 사용년한인데 냄새도 나고 백탁이있어서 나빴는데 이제품은 눈도 안아프고 부드럽게 발라져서 좋아요. 다만 양이 많고, 가격도 저렴했으면 좋겠습니다"
5,쓰다 가족주거나 버린 선크림 셀수가없다 라섹해서그런가 항상 시간지나면 눈이시려서 안시리다는거사봐도시렸다 속는셈치고 사서 발라본뒤 눈시림을 기다려봤는데 눈시림이없는거? 발림성도좋고 그냥 로션바르는거처럼 흡수됨 당기는것도없는듯 몇일더 발라보겠다
5,땀나도 안따갑고 발림성도 좋아서 계속 구매중이에요! 애들한테도 발라주는데 순해서 좋더라구요:) 전 이제 이걸로 선크림 고정이에요!
5,시슨드시 선크림 처음 사용해보는데 백탁없어 너무 좋네요 전 사시사철 선크림 바르거든요 다른 메이크업은 생략할지 라도 선크림은 항상 휴대하면서 발라요 시슨드시는 휴대 하기에도 좋고 눈 주변에 발라도 눈 시림이 없어서 좋더라구요 착한 성분으로 만든 선크림 순해서 연약한 피부에도 굿이예요
5,시슨드시는 클린징폼을 사용하는데 매우 만족해서 썬크림을 찾아봤습니다 후기가좋아 결정하는데 도움됐고요 글쓴이는 썬크림를 사용해서 좋았던적이 한번도없었습니다 피부가 뒤집어지고 붉어지고 뭐가생기기도하고 그래서 거의 사용을 못하고 팩트만사용했는데 요아이를 받아 이틀동안 귀뒤랑 팔꿈치안쪽를 발라 테스트했는데 이상없네요~~ 야 호 우선 밀림도없고 하얗게 붕붕뜨는것도 없고 끈적임없이 산뜻하고 촉촉하네요 이게 썬크림이야 로숀이야 바다생물이나 산호들에게 나쁜성분이없다네요 그럼 사람에게는 더더욱 나쁜게없겠죠 썬크림 유목민이 정착할수있을꺼같네요 이제 매일 잊지말고 챙겨바를꺼예요
5,선크림은 필수인데 여름에 사용하던거 겨울에 사용하려니 좀 뻑뻑한거같아서 새로 구매했어요 일단 케이스가 너무이쁘네요 ㅎㅎ 발라보니 발림도 좋고 백탁없이 발려서 너무 좋습니다 성분도 순해서 애기랑 같이 써도될거같아요
5,제가 딱 원히던 선크림이예요 바른듯 안바른듯 햇빛차단은 우수하고 뿌옇게 뜨는거없구요 화장후에 눈이시리거나 눈물나지않아요! 썬크림바르고 바로 팩트쳐도 화장 잘먹어요 사이즈 미니헤서 들고다니기도 아주좋네요!
5,선크림이 보통 희멀틱하게 생기잖아요 요건 백탁현상없고 크림처럼 발림성이 좋아요 진짜 편하게 바르게 나갈 수 있어 좋아요 냄새는 신경쓰일정도로 나지는 않아요 편하게 쓰기에 딱이여서 만족합니다^^
5,며칠을 고민하다 구매했는데 만족입니다 광고 처럼 끈적이지 않고 밀리지 않고 제일 중요한 백탁 없고 눈시림 없네요 용량이 작아 아쉽지만 만족 하며 매일 잘 사용 하겠네요
5,"전... 눈이 너무나도 예민하고 약해서 지금은 좀나아졌지만 사진 후레쉬만 터지면 눈을 뜨지 못하는 통에 눈감은 사진 ㅜㅜ 웨딩 사진 찍을 때도 애를 먹었었다죠..흑.. 화장만 하면 눈이 시린 통에 늘 벌겋게 충혈되고 눈물이나서 실눈 뜨고 다녀야 했어요ㅜ 불행중 다행일까요 코로나 마스크 덕분에 과감히 화장없이 심지어 선크림도 생략하고 출근하다가..ㅋ 이젠 안되겠더라구요 나이도 들어가고 관리 안한 티가 팍팍 나서 순한 선크림을 열심히 찾았어요. 그러다 애기들 쓰는 평*율 평점 대박, 게다가 눈시림 없단 어떤 분 후기에 그래 요거다! 하고 샀는데 첨 바르고 나선 출근 길.. 오랜만에 느껴보는 눈시림ㅜ 아ㅜㅜ 난 애기들눈만도 못한 거신가 ㅜ 그날 내내 눈물나서 콧물 훌쩍 실눈 뜨고 다녔다는 슬픈 이야기ㅜ 그래도 이대로 지낼 순 없다 싶어 다시 떠난 모험 쇼핑 이 제품 돈 버릴 생각하고 함 사봤는데요 오오!!! 부드러운 발림에 첫느낌부터 뭔가 달랐다!!는~~ 눈 편안 합니다 뻑뻑한거 허얘지는거.. 그게 모에용??ㅎㅎ 오늘 잠깐 나갔다올까 하고 선크림 바르다가 이건 후기 써줘야해 하고 외출 포기 폰 들고 이러고 있어요 ㅋ 전 계속 이거 쓸라고요 좋은 제품 고맙습니다^^"
5,정말좋아요 눈시림없구요 백탁현상없구요 눈물안나구요 눈 충혈없어요 부드럽게 잘발리고요 좋아요
5,배송도 빠르고 가격을 싸게잘샀습니다 끈적임도 없고 밀림도 없습니다! 진짜 썬크림 끈적여서 쓰기싫은데 이 제품 그런거 하나없고 고루펴발라집니다 겨울에도 선크림필수인데 잘바를게용
5,현장직에서 일하는 사람입니다. 일주일 사용해본 후기입니다. 일단 첫번째로 향은 개인적으로 그냥 풀향기입니다. 바르고나면 향은 금방 적응되지만 아무래도 이런 류의 제품에서 흔치않은 향이기 때문에 아침마다 바를때마다 적응이 안됩니다. 냄새에 민감하지 않은 분들은 무시해도 될 수준입니다. 두번째로 크림의 질감인데 바르려고 손에 짤땐 되직한 질감이지만 이내 펴바르면 크림에서 로션 중간의 질감입니다. 세번째로 자극은 지성피부인 제 기준으로 피부에 자극은 없었고 바르고나서 땀과 얼굴기름이 올라와도 번들거리는 느낌없었습니다. 눈따가움은 아침 7시쯤 발라서 저녁 6~7시쯤에 슬슬 눈이 따가워지기 시작하는데 이 시간이면 퇴근하고 샤워할 시간이니 사실상 낮시간에 활동하는 동안 눈따가움은 없다고 봐도 좋습니다. 네번째로 발림성은 피부에 금방금방 흡수됩니다. 저는 끈적한걸 싫어해서 로션이나 선크림같은걸 바르고나면 끈적해진 손을 다시 씻는데 이 제품은 손에다 쳐발라놓은 크림도 금방금방 흡수되서 따로 손을 씻을 필요가 없습니다.
5,다른거 써봐도 이 제품이 가장 나은듯해서 다시 구매했습니다 눈시림도 없고 밀림도 없어요 효과를 의심하게 할 정도로 썬크림 바른 느낌이 안납니다 차단은 잘 되는것 같아요
5,"지금까지 썬크림만 사놓은게 한 트럭은 될듯.. ""눈 시러움 없어요""하는 멘트에 댓글에 속아 너무 많은 썬크림을 사봤지만 다 하나같이 눈시렵고 따갑고 안구가 튀어나올정도의 고통이었는데 이 썬크림은 전혀 없어요. 번들거리지않고 무겁지않고 밀리지 않아서 재구매 의사있어요"
5,눈이 시리지 않아 좋아요 백탁현상 없어 좋아요 끈적이지않아 좋아요
5,향은 좋은 향은 아니고 거의 무향에 가까운 것 같아요. 약하게 어떠한 냄새가 나는 것 같은데 일반적인 화장품 향은 아니고 제가 좋아하는 냄새는 아니예요. 무향인데 화장품 케이스 냄새가 나는것 같아요. 자극은 완전히 없어요. 썬크림에 대한 눈시림이 유난히 많은 편인데 이건 전혀 없어요. 그런데 용량은 적어요.기존에 100g짜리 쓰다가 요거 받아보고 작아서 놀랐어요. 그래서 얼굴에만 바르고 목과 손등은 기존에 사용하던것 바르고 있어요. 다쓰면 재구매 하고 싶습니다.
5,제가 귀찮아서 후기 잘 안오리고 진짜로 괜찮으면 귀찮아도 적거든요. 전 썬크림을 바르고나면 눈이 맵고 눈물이 질질흘러 화장도 망치고 이래저래 아쉬운대로 스틱형으로 바르고 다녔는데 후기에 끈적임도 없고 눈시림도 없다길래 속는셈치고 구매했는데요. 와~~~ 진짜 발림성도 좋구요. 눈시림 없고요~ 무엇보다 끈적임이 없어 요거 진짜 대박이다! 기존의 스틱형이 (제가쓰는거 눈시림없고 끈적임없는거) 겨울에는 피부에 문지르니 좀 자극적으로 (제 피부가 은근 예민한것같음) 느껴져서 어떡해야하나했는데 신세계~ 전에는 썬크림또는썬스틱 게으르게 발랐는데 (눈시림 끈적땜시 ) 이젠 부지런히 바를수 있을것같아요. 그만큼 저에게 이 썬크림은 신세계를 맛보여줬다는거죠. 끈적임없고 발림성좋고 눈시림없이 만들어주셔서 진심으로 감사합니다.
5,백탁 없이 자연스럽게 발리고 끈적임이 없어 산뜻하게 사용할 수 있는 선크림 백탁 없는 깔끔함 선크림 특유의 하얗게 뜨는 느낌 전혀 없음. 피부에 자연스럽게 스며들어 깔끔한 톤 보정 가능함. 눈 시림 없는 편안함 눈 주변에 발라도 시림이 없어서 편함. 눈가가 민감해도 부담 없이 사용 가능함. 화장 밀림 제로 덧발라도 화장 위에서 밀림 없이 깔끔하게 발림. 메이크업 전에 발라도 베이스 메이크업에 잘 맞음. 끈적임 없는 산뜻함 끈적이지 않아 보송하게 마무리됨. 여름철에도 번들거림 없이 산뜻하게 유지됨. 성분이 순한 착한 제품 자극적인 성분이 없어 민감한 피부도 사용 가능함. 이런 분께 추천해요! 자연스러운 피부 표현 원하는 분 눈 시림 없는 선크림 찾는 분 끈적임 없는 선크림 선호하는 분 화장 전에 발라도 밀림 없는 제품 찾는 분 자극 없는 성분을 선호하는 민감성 피부 분들
5,칼로 잘라냈는데 구멍이커서 많이 않이 나옹 ㅋㅋㅋ 흡수는잘되요 만족합니다
5,"이게 진짜루 썬크림~? 상세리뷰 안봤으면 처음에 정말 바르면서도 의심할 정도로 썬크림 발랐다는 느낌이 없었어요..ㄷㄷ 오히려 그냥 수분크림 인줄 알았습니다 ;;; 일단 톤업,백탁,이질감,따끔거림, 전혀 없구요.. 진짜 혁신적인 선크림 이라고 생각합니다.. 주변에 나눠주고 지금 3개째 구매했는데요 진짜 너무너무 좋아요 ㅠㅠ 뭔 브랜드랍시고 톤업이라고 해서 사다가 바르면 강시인지, 패왕별희 인지 바르면서 현타오고, 땀이 많아가지고 땀흘리면 곰탕육수마냥 질질 흘려대고... 이건 그런거 전혀없으니 정말 데일리로 티안나게 바르고 싶으신 분은 참고하셔서 발라보세요 정말 후회 안합니다 ^^ 구매에 참고하시길~~~! 평가 : ★★★★★★★★★★★★★★"
5,발림성이나 냄새 다 괜찮은데 생각보다 너무 묽어서 별로라고 하시네요 ㅠ 그거 빼고는 다 만족하신대요~ 느낌은 물이랑 로션 중간? 느낌이에요!!
5,스킨 로션을 발라도 세계평화를 염려하여 늘 눈물이 주루룩 흘렀는데 이제품은 그러지 않아서 정말 좋네요 처음 바르니 화~한 시원한 느낌이라 에고 이것도 눈이 시그러울 나나부다 했는데 웬걸? 눈물이 나지 않아 신기 했습니다 재구매로 이어질거 같아요 번창하십시요
4,"시슨드시 백탁없는 밀림없는 눈시림없는 끈적임없는 성분이좋은 선크림 SPF50+ PA++++이라니!! 깊은 자외선으로부터 피부를 보호하는 최고의 선크림으로 유명하죠! 시슨드시의 백탁없는 밀림없는 눈시림없는 끈적임없는 썬크림은 SPF50+, PA++++로 강력한 보호막을 형성하여 유해한 자외선으로부터 피부를 안전하게 지켜준대용 50g의 대용량으로 오랫동안 사용할 수 있고 우피부에 자극을 주지 않습더라구요! .가벼운 텍스처로 피부에 부담 없이 바를 수 있으며, 끈적임 없이 쾌적하게 지낼 수 있어용 * 강력한 자외선 차단: SPF50+, PA++++로 자외선 A, B파 모두 차단 * 백탁, 밀림, 눈시림 없음: 피부에 자극을 주지 않는 고품질 성분 * 끈적임 없음: 가벼운 텍스처로 피부에 부담 없고 쾌적함 유지 * 수분 유지: 히알루론산 함유로 피부에 수분을 공급하여 보습 효과 메이크업 방해없고 눈시림없어서 추~천!"
5,엄마가 백탁없는 선크림을 하나 사달라하셔서 이것저것 후기를 많이 찾아보다가 이게 좋아서 사드렸어요 눈시림도 없고 끈적임도 없고 백탁까지 없다니.... 이거 완전 럭키비키잖아요? ㅋㅋ 엄마가 써보시더니 부드럽게 잘 발린대요 로션 하나 더 바르는 것 같아서 편하고 좋으시다네요 거기게 spf가 50이나 되서 더 안심됩니다 추천드려요 ~~
5,선크림 바르면 항상 눈따갑거나 얼굴 푸석푸석한 느낌이싫어서 찾다찾다 겨우찾은 시슨드시 리뷰도 좋고 해서 한번 써보자 해서 써봤는데 확실히 로션처럼 잘발리고 끈적임도없고 근데 spf50+ pa+++++니까 편하게 데일리로 쓸수있어서 좋네요 굿입니다
5,로션 바르는 느낌이고 향도 진하지 않고 가볍다는 느낌이네요
5,"이거 진짜 대박입니다,, 최근에 선크림이 다 떨어져서 뭐살까 찾아보다가 쿠팡들어와서 맨위에 뜨는거 그냥 산건데 피부가 많이 예민한데도 이거 바르고 나서부터 완전 좋아죽겄어유,,✨☺️ 피부가 유분기도 많고 선크림 잘못바르면 완전 따끔거리고 홍조기도 많이 올라왔었는데 이거 바르고 나서부터 진짜 자극 1도 없고 발림성도 좋고 흡수도 잘돼서 너무너무 만족하고있는 꿀템이에요!! 피부예민하신분들 완존 강추에요!✋✋"
3,지금상품받고 포장디만 개봉한 미사용 상황에서 리뷰 남깁니다. 포장상태가 너무성의없어서 사용하기도 싫어지네요.배송비닐안에 제품만 포장돼잇어서 제품단상자가 찌그러지고..단상자 봉합라벨도 없네요.원래이렇게 배송되는건지 .. 받는입장에선 상당히 기분나쁩니다.
5,민감한 피부를 가진 남편때문에 자주 구매를 합니다. 뭘 발라도 피부가 따끔거리고 번들거리고 허옇게 화장한것 같아 싫다고 하는데 이 제품은 그런 모든 단점을 해결해 주니 계속 사용하고 있습니다. 타 제품보다 좀 비싼것 같아 어차피 무료배송이니 한개씩만 구입해서 쓰고 떨어지면 또 사서 쓰라고 했더니 계속 쓸건데 왜 번거롭게 그러냐고 한번에 꼭 두세개씩 사서 쟁여 놓고 쓰네요.ㅋㅋ 운전할때는 필수라고 이거 하나로 얼굴과 팔에 완전 무장하고 다닙니다. 민감한 피부에 알러지 없이 잘 맞는 이 제품을 만나게 되서 정말 다행입니다.
5,제품은 좋아요. 근데 가격이 자꾸 변동 되네요. 저는 매번 할인가에 구매하지 못했어요 ㅠㅠ
4,상품평이 좋아 구매했어요. 백탁현상도 없고 끈적임없이 성분도 좋다고 하니 사용해 보고 정착해야겠어요.
5,썬크림 바른후 햐얗게 흔적이 조금만 남고 시간지나면 표시가 조금밖에 안나서 좋네요
5,저는 썬크림 유목민이에요 좋다는거 비싼브랜드들도 다써봤구요 명품화장품들 선크림도 구매해서 한두번쓰고 지인줘버리고 그랬거든요? 근데 이 제품을 쓰곤 정착했어요 이번엔 남편이꺼 샀거든용 언제 티비를 보더니 자기도 자외선차단을 해야겠다며 사달라네요 남자분들이나 여자분들도 썬크림쓰면 눈따갑거나 약간 끈적하거나 이런제형들 겪어보셨잖아요? 이건 절대안그래요 정말로요 그래서 제가 이 제품을써요 그 좋다는 비싸다는거 다써봤지만요 그리고 제형도 크림이지만 묽어요! 대게 수분크림 제형같아서 끈적이지 않아 넘 좋구요 여러가지 좋은재료들로 만들어져 믿음이 갑니당 이거 바르고 쿠션이나 파데발라도 뜨지않구요 아 남편이도 얼굴에 뭐바르는거 대게 싫어하는데 이건 바르는 촉감도 좋데용!! 자외선차단도 잘되고 유지도 좋더라구용!!
5,피부가 예민해서 스킨조차도 잘못 쓰면 좁쌀 폭발에 화농성 여드름이 올라옵니다 천연화장품도 써봤지만 피부가 화닥거려 사용포기 했고요 원래 차앤박 선크림 쓰고 있었는데 어느 순간에 갑자기 피부가 뒤집어지더라구요 ㅠㅠ 그래서 순한 선크림 찾다가 폼클렌징만으로도 잘 지워질만한 선크림과 백탁현상 없는걸 찾아서 구매해봤어요 진짜 수분크림 바르는 느낌이구요 아벤느 시칼파트 크림 바르고 있는데 제형이 무거운 타입이라 크림 바르고 바로 선크림 안 바르고 시간 텀을 좀 두고 선크림 바르니 안 밀리네요 아직까지는 트러블도 없고 무난하게 잘 쓰고 있습니다~
5,"선크림은 여름 뿐만 아니라 4계절 내내 필수로 발라줘야 한다고 하더라구요. 지금까지 써본 선크림들은 백탁현상도 심하고, 끈적임도 심해 불편해서 잘 안바르게 됐었는데.. 시슨드시 선크림은 끈적임도 없고 순한 제품이라기에 구매해봤어요. 우선 제형은 꾸덕한 제형이 아니라 로션같은 제형이라 선크림이 아니라 로션을 바르는 느낌이더라구요. 그래서 그런지 가볍게 발려 발림성도 좋고, 흡수도 잘되는 것 같아요. 흡수가 잘되니 백탁현상도 없어 선크림 바른 후 위에 화장해도 전혀 뜨지 않고 오히려 화장도 더 잘먹더라구요. 피부자극도 전혀 없이 순한 성분에 온가족 다 사용해도 괜찮을 것 같구요. 무엇보다 끈적임이 전혀 남지 않는다는게 젤 만족스러웠어요! 이런 선크림이라면 저도 오래오래 잘 사용할 수 있을 것 같네요ㅎㅎ 다 사용하면 또 구매하러 올게요:)"
5,주근깨나 기미가 민감한편이여서 외출전 선크림 필수로 발라주고있는데요 마침 사용하던 제품을 다 써서 새로 구입해봤어요. 시슨드시 제품이 자극적이지도않고 좋더라구요 끈적임도없고 백탁도없고 밀림도없고 아주 만족합니다^^ 계속 이제품쓸것 같아요~너무너무 만족합니다~^^ 추천해요
5,"유기자, 무기자 장점들을 모아서 그런지 발림성이며 백탁없는 것 까지 너무 좋네요. 요거 쓰고나선 다른 선크림은 못 쓰겠어요 ㅎ"
5,와 드디어 눈시림 없는 선크림을 발견함. 그동안 족히 열종류 넘게 실패하고 반신반의하며 써봤는데 정말 눈이 안시려서 감격중.
5,"1. 가격 가격은 조금 비싸다고 생각을 했다. 하지만 내가 여태 너무 싼것만 쓴게 아닌가싶어서 가격은 뒷전으로 미루고 구매 2. 외형 판매사진과 동일하며 특이점은 없고 깔끔하고 맘에든다 3. 활용성 아주 마음에 든다. 무겁지도않고 그렇다고 너무 가볍지도않고 무거움 과 가벼움에서 완전중간도 아니고 가벼움쪽에 조금 더 치우쳐있는 느낌 딱 이정도가 맞는거 같고, 남자라서 화장과 함께하는건 잘 모르겠지만 남자들은 이거 바르면 충분할거같다 맘에 듦 @ 총평 다음에도 이거 사야겠습니다~"
5,일반 썬크림이랑 차원이 다르네요 끈적이지도 않고 눈시림도 없고 발랐을때 강시처럼 되지도 않고 좋아요
5,눈 안따갑고 백탁현상없고 좋은데 냄새는 살짝 제 취향은 아니에요 ㅠㅠㅎㅎㅎㅎ
5,야외활동이 많은 직업이라서 자외선 차단제를 발라야 한다는 생각은 갖고 있으나 50g 한개를 다 사용해본 기억이 없습니다 크림 타입이든 고체형이든 사용해 본 그 어떤 제품도 백탁 발림성은 빼놓더라도 눈시림 때문에 오래 사용할 수 없었기 때문에 몇시간에 한번씩 발라야 한다는 것을 알면서도 처음 개봉해놓고 하루에 한번 밖에 사용할 수 없었고 그마저도 일주일을 넘기지 못했습니다 그러던 차에 시슨드시 제품을 또 한번 속는 셈치고 사용하고 있는데 정말 눈시림이 거의 느껴지지 않아습니다 백탁 현상도 없구요 발림성도 너무 좋아서 로션 같은 느낌입니다 하루에 출근할 때 한번 점심때 한번 두번 바르고 있는데 당연히 제구매 해야죠
5,팩트는 헤프고 예전건 눈이 시렵고 강시가 되어 부담스러워 고르고 찾다가 발견~오늘 오자마자 바르고 출근 하루종일 눈편하고 피부 하얗게 뜨 나 신경 안써도 되네요.완존 순하고 재재구매 정착할려고요.
5,저희어머니가 선크림 눈시림으로 고생하셔서 선물드렸는데 안아프시다고 하네요!
5,"■ 시슨드시 백탁없는 눈시림없는 끈적임없는 성분이좋은 썬크림 ■ SPF50+ PA++++ ,50g,1개 ● 사용해본 썬크림중 가장 맘에 드네요~~ 다른 썬크림.썬팩트.썬세럼 다 사용해 봤지만~ 눈이 하루종일 시리거나 번질거리거나 하얂게 들뜨거나 해서 사용못하고 있었는데 대신 썬모자등을 사용하다가~ 그정도로는 반사되는 자외선도 심하고 광알러지도 심해서 늘 끍느라 목덜미.팔등이 자극이 되서~ 시슨드시 썬크림 두번째 재구입 합니다~~ 발림성 번질거리지않고 ~ 백탁현상도 없고~제일 중요한건 눈시림이 없다는거네요~~ 앞으로도 썬크림은 시슨드시로 정했네요~ 아~~!! 용량이 작기는 하네요~"
5,향이 자극적이지 않습니다 무엇보다 다른제품에 비하여 바른후 아무 불편함이 없습니다 기존에 썼던 제품들은 집으로 돌아온후 바로 얼굴을 바로씻곤 했는데 이제품은 불편하지 않습니다 마치 바르지 않은것 처럼요 광고에 거짓이 없습니다
5,피부를 많이 신경쓰는 남자입니다. 백탁기능 없이 로션처럼 촉촉하게 끈적이지않고 편하게 바를 수 있는 썬크림을 찾았는데 바로 이겁니다. 다 쓰면 또 주문할거에요. 기존에 쓰던 스킨 로션 라인업을 아예 시슨드시로 넘어오려고 합니다. 스킨로션도 좋을거같아요. 용기 포장질감도 고급스럽고 좋아요. 새벽2시에 자기전에 주문했는데 점심먹기 전에 도착해서 집에 넣어두고 외출했어요. 배송속도 무엇?ㅎㅎ
5,너무 좋아요 가격은 비싸지만 정말 발림성 짱이네요 눈도 하나도 안시려요~~
5,진짜 눈이 안셔요 너무 좋아요 선크림 바를 때마다 눈이 피로해져서 진짜 너무 싫었는데 얘는 정말 눈이 거의 불편하지 않아요 클렌징도 잘 쓰고 있었는데 선크림도 좋네요
5,피부가 민감한 편이라 썬크림 사는게 고민이였는데 이젠 걱정없네요 눈물이 나지않는게 특히 좋아요 강추드립니다
5,평이 좋아서 쵸이스~ 묽은 로션타입에 촉촉하고 잘 스며들어요 자극이 없데서 눈두덩이에 발랐는데 진짜 편안하네요 걷는 내내 썬크림 바른지 모르겠더라구요 그날 저녁 너무 피곤해서 세수 못한체 자버렸는데 다음날 피부 트러블 1도 없이 너무 편안하네요 그래서 대만족 중이기는 하나 국내 썬크림들 자외선 차단지수 조작 논란이 많았던터라 이렇게나 발림성 밀착성 피부 편안함까지 완벽한데 과연 50의 지수가 맞을까 하는 의구심이 들정도예요 제품의 지수만 믿고 있지 말고 수시로 덧발라 주면 고민 해결되겠죠? ^^ 일단 끈적이거나 불편함 없이 산뜻하고 편안한 제품이라 대만족 입니다!
5,저는 평소에 썬크림 잘사용하지않아요 그이유는 답답하고 묵직한느낌에 끈적임까지ㅠㅠ 근데 요즘 지인들이 기미가 많이올라왔다는 말에..(30대초반) 충격이였습니다. 그러다가 썬크림 찾으면서 묵직하지않고 끈적임없으면서 자외선 차단잘되는건 머가있을까 고민하면서 여러가지 상품 비교하다가 가격대비 성분도 좊고 후기도 좋아서 선택했어요 :-) 저는 화장을 자주해서 백탁잇으면 정말싫었는데 전혀없고 너무좋았던건 끈적임없고 화장이 밀리지않네요;-) 그리고 끈적임이 없다보니 답답함 또한 없었습니다! 거기다가 피부가 예민한편인데 ㅎ성분자체가 너무좋아서 트러블없네요 너무만족합니다
5,남편이 다른 제품도 썼었는데 눈이 따갑다고해서 다시 요걸로 쓰고 있는데 만족해합니다. 한달에 몇개를 쓰는건지 할인이 더 되면 좋겠네요..
5,"EU에서 적용되는 기준하에 바다friendly하게 제품을 만들고자 한점에서 선택함. 백탁이 전혀 1도 없고 유아용로션인듯이 부드럽게 피부에 스며들고 다시 덧바를시에 밀림이 없는점이 정말 좋음. 바다에 안전한 제품이란점이 확실히 증명(!)이 되는 certi를 받았다면 그것을 좀더 부각하여 홍보하면, 제품자체의 품질이 너무 좋으므로 상당히 도움이 될거 같단 생각이 듦. 에코 프렌들리 & 흡수력이 매우좋아서 끈적인단 느낌이 없는점이 최강점. 이런 중소업체들의 우수한 상품이 널리 많이 알려지길 바람."
5,안녕하세요 오늘은 시슨드시 백탁없는 밀림없는 끈적임없는 바다를 살리는 선크림 SPF50+ PA++++ 제품에 대한 상품평을 작성해볼께요 ~❤️ 저는 1년내내 썬크림을 사용하고 있는데요 전업주부라 집에 있는 시간이 많다보니 항상 집에서도 아침마다 발라주고 있어요 사이즈가 적당해서 휴대성이 아주 좋아요 여행갈때 챙겨가기 좋고 외출할때 화장품 파우치에 쏙 들어가는 크기라서 너무 마음에 들어요 선크림 성분이 너무 마음에 들고 피부에 발랐을때 백탁현상도 없고 아침에 바르고 저녁까지 있어도 눈시림이 없어서 무척 마음에 들더라고요 다 사용하면 또 구매할 생각이에요
5,"제피부는 정말 예만한 피부에요 화장품도 마음대로 못쓰거든요. 가렵고 따끔거리고 두드러기가 많이 나군 해서 많이 가리는 예민한 피부에요 행여해서 샀다가 못쓰면 어쩌나 해서 샀는데 근심은 저리가라. 정말 좋네요 괜한 근심이였나바요 발림성이좋고 바르다나면 눈에자극있어 아리고 하는데 눈이따끔 거리지도 않구요 , 정말좋아요 재구매원합니다"
5,전에 쓰던건 백탁도 있고 무엇보다 눈시림이 있었는데 이건 둘다 없네요
5,"썬크림 유목민이었는데, 잘맞는 썬크림을 발견. 유기자차를 썼더니 눈이 따끔거리고 시려서 눈물이 줄줄. 일상생활이 넘 불편해 검색하다가 쿠팡에서 여러 리뷰를 보고 반신반의로 써보게 되었는데, 대만족~!! 크리미한 텍스처로 쉽게 흡수되고 끈적임없이 잘 발리고 눈도 멀쩡~! 썬크림은 너로 선택했다~!!"
5,썬크림을 안쓰는게 뭔가 두꺼운걸 얼굴에 바르는 느낌이 싫어서인데 로션처럼 가볍게 발려서 좋네요
5,비타민 c와 같이 바른 후에도 끈적거리는 등 불편함 없이 하루를 보냈다 벌써 두 개 더 구매했습니다
5,발림성 좋고 향도 진하지 않고 촉촉하니 너무 만족 절대 번들거리지 않고 빠른흡수 좋아요 백탁없고~
5,일주일이상 사용후기에요 이제 선크림 정착하려구요!!좋다하는 선크림만 집에 50여종..항상 바르면 간지럽고 벌레기어다니는 그느낌을 그어느 고가 브랜드부터 피부과선크림까지 맞는게없어서 포기하고 살앗어요 ㅠㅠ 눈시림은 요즘 어떤 선크림이고 많이 좋아졋지만 시간이 지나면 스멀스멀 눈이 충혈되요.그렇게 파고파다가 알게된 무기자차!마지막이다 하고 리뷰제일좋은 이제품 골랏어요!꾸준히 써보면서 트러블이나 민감도 등등 해본결과 신세계발견!이제 선크림은 이제품으로 끝날거같습니다!내가 좀 많이 예민하다 하시는분들 이거예요!!꼭 써보세용
5,제가 좀 민감한가봐요.. 눈시림에...진짜 예민해서 조금만 시려도 바로 씻어버려야되요 진짜 여태 사서 버린것들ㅠㅠ 천지고... 생각해보니 팔뚝 목에 바를걸ㅠㅠ 그뒤로는 돈아까워서 눈시림 없는 제품만 찾아요~~ 찾다가 요제품.... 눈가발랐더니 너무 근처까지 덕지덕지바르면 좀 따갑기한데 다른 썬크림에비해 반의반도안되는 따가움ㅎㅎ 그래서 요건 눈위로 이마 눈근처 바르구요... 다른건 눈아래로ㅋㅋ 있는건 써야하니까ㅠㅠ 애들도 요걸로 발라줘요ㅎㅎㅎ 요량도 작고 비싸기도 하지만...엄청 빨리소진ㅠㅠ 눈시림없으니 당분간 요걸로쓰려구요~~^^
5,저는 화장전이든 집에서든 늘 바르고 있는게 썬크림인데~ 백탁없고 밀림없고 부드러운걸 좋아합니다! 꾸덕꾸덕..끈적하면은 저는 절대 못써요ㅠ 비싸게주고도산건데 그런거라도 처박아둔것만 몇개나 되네요~ 가격도 너무착하고 후기도 좋고 제목에서부터 밀림없고 끈적임없다해서 기대엄청하고삿네요~ 사실 가격도 착하기도한데 설마 진짜 저럴까하고 구매했는데 너무만족합니다 어제 나간다고 화장하기전에 쓰고나갔는데 화장밀림전혀없고 백탁현상없어서 좋았고요~ 끈적이지않아서 너무좋았습니다 오늘은 아침에 씻고 바라는데 너무좋았어요 ^^
5,시슨드시 제품이 전체적으로 순하고 좋아서 요즘 애용하고 있어요. 평소 눈이 예민한 편이라 눈시림이 없고 피부가 답답하지 않은 선크림을 찾다가 시슨드시 선크림 구매했는데 로션처럼 얇게 발려서 피부가 편안해요. 백탁현상도 없고 끈적임도 없어서 남녀노소 부담없이 사용할 수 있는 선크림이에요. 유기자차 + 무기자차 장점을 합친 제품이라 좋고 순한데 자외선 차단지수 높은 제품 쉽지 않은데 착한 성분으로 피부가 편안해서 좋아요. 요즘 기초 제품들 거의 시슨드시 제품으로 바꿨는데 촉촉하고 메이크업 전에 발라도 밀리지 않고 좋아요.
5,진짜 좋아요 한 번 구매해보고 좋아서 남자친구도 사주고 언니도 사주고 엄마도 사준 선크림 원래 귀찮아서 후기도 안 쓰는데 오래 팔아주셨음 하는 맘에ㅜㅜ 선크림 바르면 특유의 답답함과 번들거림이 싫어서 안 바르다 이제는 관리 좀 해야겠다 싶어서 샀는데! 이름이 휘황찬란해서 호기심이 생겨서 구매한건데 이렇게 순하고 백탁 전혀 없고 바른듯 안 바른듯 로션같은 선쿠림이라면 평생 바르고다닐수있음 지금 한 한달간 사용중인데 트러블 전혀 없구 목이랑 피부색 비쇼해보 অবিলম্বে 자차도 꽤나 잘되는듯 단종되면 안돼 내 인생 선쿠림~~~
5,얼굴 답답해서 화장은 잘 안하지만 피부관리는 자기만족을 위해서 하는중인데요 저는 제품 처음 써봤는데 냄새를 잘 맡고 민감한 편이라 향도 좋았으면 했는데 너무좋고 바를때 부드럽게 잘발리고 톤업선크림 바르고 활동을 꽤 했었는데 무의식중에 얼굴을 만져보니 너무 보들하고 좋아서 막 만져보라고 그러고 그랬어요 그래도 선크림인데 기름기가 거의없어서 너무 좋은게ㅜㅜ 저는 핸드크림도 10번에 9번은 손등만 바르는 사람이라(그정도로 미끌하고기름진촉감을싫어함 바로손씻거나물티슈) 이제라도 사게돼서 다행이에요
5,제가 아주 예민한 눈을 가지고 있어서 선크림을 요것 저것 많이사서 발라봤거든요 눈이 너무 시려서 눈물이 많이 나더라구요 근데 시슨드시 요 제품은 괜찮은것 같아요 오늘 1회 사용함 좀더 발라보고 후기 다시 올려볼께요^^
4,신랑 선크림 구입해 달라고 해서 이것저것 비교해보고 구입했어요 끈적이는거 싫어하는데 워터로션같이 싹 스며드는데 백탁현상 없어서 좋습니다 사용감이 일반 선크림에 비해서 많이 가볍고 묽은데 또 보습력은 있는거 같아서 신기?하면서 만족스럽네요^^
5,향기도 거의없고 발림성도 좋고 흡수가 빨라서 화장 진행속도가 더불어 빨라요.
5,엄마랑 같이 사용하려고 구매했어요. 성크림은 실내에 있을 때도 발라줘야 한대서 데일리로 쓰려고요. 백탁현상 없고 밀림없고 끈적임없는 선크림 찾고 있었거든요! 로션보다 조금 진한 제형이고 부드럽게 발립니다. 촉촉하게 흡수되는데 정말 답답함 없이 끈적이지 않아 좋았어요. 엄마는 피부가 더 예민해서 선크림 바르면 밀리고 눈 주변은 시린다고 했거든요. 이건 발랐을 때 눈시림 없고 밀림 없어 좋대요. ㅋ 유기자차와 무기자차의 장점만 섞은 선크림이라 좋네요! 가격대비 성분좋고 퀄리티 좋아 만족합니다.
3,백탁이나 눈시림이 없고 바다에 좋은 제품이라고했는데... 바다에 좋은건 잘 모르겠고 일단 우리가 흔히 쓰는양만 사용하면 괜찮을것 같긴한데 저는 피부과에서 썬크림을 꼭 권장량인 오백원짜리 동전만큼 사용하라고 얘길 들은터라 꽤 많은양을 사용해요 근데 오백원 동전만큼 사용하면 눈시림도 있고 백탁도 꽤 오래 문질러야 되고.. 전 썬크림까지만바르고 그 위에 화장은 안하는데 마스크를 쓰면 때처럼 밀리고 뭉치는게 생기네요 결론은 그냥그냥... 적은양만 쓸땐 괜찮을것 같긴해요
5,피부타입 : 건성 촉촉까진 아니지만 건조하지않구요 백탁도 딱 자연스러운 정도로 심하지 않아요 트러블은 없습니당 당분간 정착템
5,정착템 드디어 여기 후기올려주신분들꺼 읽어보고 반신반의해서 시켰는데 느므 느므 느므 좋아요~ 후기 올려주신분들 말들 다 옳앗!! 발림성 향 촉촉하믄스은은한 광 나이가드니깐 광이 안나믄 세상초췌해보이고ㅠ 광이 너무심하믄 개지름번들녀로 보이고ㅠ 이거슨 딱!은은하니! 마지막 젤좋앗던건 마스크안에서 땀나서 마스크벗으믄 다른썬크림들은 흡수를 아무리잘시켜도 허연땀이 송글송글 이건 그런거없어요~사람이 추잡하게 안보여요ㅠ 평쓰러온김에 하나 더 사갑니다~
5,안심하고 있다 뒤늦게 선크림을 중요성을 알고는 열심히 바르고있습니다 그냥 좋다고 하는거 사서 발랐더니 왠걸요.. 좀 예민한 피부이긴했지만.. 눈도 따갑고 백탁현상에 안그래도 지성인데 더 심해져서 정말 싫더라구요 그래서 한동안 안바르다 시슨드시 선크림을 알고는 정착했습니다!! 우선 눈이 안따갑고 바른듯 안바른듯해서 너무 좋아요~~ 백탁현상 역시 없구요 성분이 좋아서 아들래미도 같이 바를수있어서 너무좋아요 선크림 고민하시는분들 꼭 써보세요!! 강추합니다
5,"평소에 여드름도 있고 기름이 많은 피부여서 다른 선크림 바를 때마다 너무 끈적이고 여드름이 점점 늘어나서 너무 슬펐었는데 이 선크림은 끈적임도 없고 레몬같이 상큼한 향도 나고 그냥 로션 바르는 느낌이라서 대박대박 하면서 발랐어요 이제 처음 바르는 거라 여드름에 좋은지 안 좋은지는 확실히 모르지만 다른 선크림이랑 확실히 다르게 느껴지네요 기름 많고 지성이시고 얼굴 하얗게 되는 거, 끈적이는 거 싫어하시는 분들은 이거 꼭 쓰세요!! 눈도 안 시려요"
5,눈 안 따가워요~~ 저는 너무 너무 만족해서. 여러번 재구매 했어요~~~^^
5,일단 배송이 정말 빨리 도착해서 좋았어요!! 선크림만 바르면 눈이 시렵고 따갑고 특히 여름에 땀흘리거나 그러면 흘려내려와서 눈이 시그러운 썬크림.. 안바를수는 없고 항상 고민이였어요 ㅠㅠ 근데 지인분을 통해서 알게된 제품! 그리고 사용해본결과 눈이 시그럽지 않더라구용~ 그리고 썬크림을 바르면 끈적임과 붕뜨는 현상이 없어서 좋더라구용~ 피부가 조금 예민한 편인데도 따갑지도 않고 트러블이 나지 않아서 좋은거 같아요~ 번들거림이 없는것도 좋았어요~
5,평생 재구매해야할 썬크림이네요 짱 그동안 썬크림 바르면 눈물이 하루종일이였는데
5,"원래 유기자차 바르면 뒤집어지고 난리인데, 이건 안뒤집어짐. ( 아주 보수적으로 조금씩 발라서 그런가..? 아무튼ㅇㅇ ) 유명해져서 계속 팔아주세요.. 사쟝님.. 글구 역시 유기자차가 화장할때 편함ㅠㅠㅠ 후"
5,얼굴에 무거운거 바르기 싫어서 선크림 못 바르는 남성분들한테 추천합니다. 냄새도 산뜻한 자연향?이라서 자극적인 화장품냄새 안나구요. 톤업은 아주 미세하기 때문에 확실한 톤업 원하시는 분들에겐 비추합니다. 전에 쓰던 유기자차 선크림은 눈물이 줄줄했는데 이건 눈시림도 거의 안느껴집니다. 두통째 사서 쓰다가 쿠팡로켓 되길래 쿠팡으로 주문해봤습니다.
5,온가족이 함께 사용하고 있어요~ 그래서 자주자주 주문하고 있습니다~ 백탁현상도 없고 답답하지 않아서 참좋습니다~ㅎ 다른거 쓸때는 스킨 로션바르고 크림바르고 바로 썬크림 바르면 잘발라지지도 않고 얼굴이 하얗게 가부키 처럼ㅎㅎ 됐었는데 바썬크림은 바로 발라도 크림한번 더바른것처럼 깔끔 합니다! 너무 만족하고 사용하고 있어요~ㅎㅎ
5,"끈적이는거 극혐해서 토너만 바르고 로션도 잘 안바르는편인데(그래서 피부가 망했쥬) 썬크림은 특히 더 심해서 하도 안발랐더니 기미가 올라오더라고요... 울며 겨자먹기로 올해부터 바르려고 최대한 안끈적이는거 찾아서 샀는데 다른 썬크림에 비해서 끈적임이 약하긴하네요 제가 끈적이는거에 많이 예민해서(남들 다 바르는 로션, 에센스도 꺼려질 정도면 말 다했죠) 이정도지 다른사람들은 아예 끈적이는걸 못느낄지도?"
4,썬크림을 평소에 사용은 안해서 잘 모르지만 확실한건 뒤에 있는 타사제품보다 눈도 안아프고 백태 현상도 없네요 느낌 체감상으로는 두제품 중 뒤에 제품이 끈적끈적하고 손을 씻었을때 방수 도 잘되고 자외선도 잘 차단할것같고 ^^ 진짜 선크림 느낌이 나는대 시슨드시는 그냥 무거운 로션 느낌 입니다^^
5,백탁현상있는 썬크림이 싫어서 골랐는데 정말 눈시림도 없고 부드럽게 싹싹 잘 발라지면서 자극도 없습니다. 사길 잘했어요. 유통기한도 길고 양도 많은것보다는 이정도 양이 딱 좋고요. 들고다니면서 쓰기 좋네요. 썬크림은 자주 사용하니까 오래두고 쓰는것보다는 빨리 사용하고 계속 또 사는게 더 나은거 같더라고요. 만족스러운 품질입니다. 다 사용하면 또 살 것 같아요.
5,"실제 솔직 구매 후기입니다. 피지오겔 썬로션은 민감한 피부를 가진 분들에게 적합한 순한 자외선 차단제인데, 이번에 사용해보니 향기와 발림성 모두 만족스러웠고, 보습감이 강한 만큼 유분감도 꽤 있는 편이라 사용 후에는 세정에 신경 써야 한다는 점만 참고하면 좋겠습니다. 촉촉한 타입을 선호하는 분들께는 특히 잘 맞는 제품이에요. --- 1. 향기와 발림성 – 기분 좋게 바를 수 있음 ✔ 은은하고 깨끗한 향이 나서 아침 사용 시 거슬림 없이 산뜻한 기분 ✔ 제형은 부드럽고, 백탁이나 밀림 현상 없이 피부에 부드럽게 스며듦 ✔ 바르는 순간 피부에 수분막이 얇게 형성되는 듯한 촉촉한 사용감 --- 2. 보습력이 강한 대신 유분감도 있음 ✔ 피부가 건조한 분들에겐 보습 효과까지 챙기는 느낌이라 좋지만 ✔ 지성 피부나 여름철엔 유분감이 다소 부담스러울 수 있음 ✔ 특히 실외활동 후엔 클렌징오일이나 이중 세안으로 꼼꼼히 씻어내는 게 필요 --- 3. 민감성 피부도 안심하고 쓸 수 있는 저자극 성분 ✔ 피지오겔 특유의 약산성·무자극 컨셉이 잘 유지된 제품 ✔ 눈 시림이나 따가움 없이 편안하게 사용 가능 ✔ 아이, 성인 모두 쓸 수 있을 정도로 순한 포뮬라 --- 4. 이런 분들에게 추천합니다 건성 또는 민감성 피부로 보습력 있는 썬로션을 찾는 분 백탁 없는 부드러운 발림성과 은은한 향을 선호하는 분 피부 자극을 최소화한 자외선 차단제를 찾는 분 무기자차 특유의 답답함 없이 순하고 부드럽게 발리면서, 피부를 하루 종일 촉촉하게 유지해주는 느낌이 인상적이었습니다. 유분감만 잘 관리한다면 데일리로 꾸준히 쓰기 좋은 제품이에요. 특히 봄, 가을처럼 건조한 계절에 더욱 추천하고 싶습니다."
5,"역시 피지오겔입니다. 아토피가 있는 고딩아들을 위해 고른 제품입니다. 아토피가 어릴때부터 있어 피부에는 늘 세타*을 바릅니다. 피지오겔도 한번 써본적이 있는데 울 아들한테 맞지 않는지 바르면 얼굴이 가렵고 따갑다고 하더라구요. ㅜㅜ 얼굴엔 늘 스킨,로션 크림을 잘 바르는데 언제부턴가 어릴때부터 사용하던 썬팩트 냄새가 독하다며 썬크림을 거부하더라구요. 그래서 향기가 없는 제품으로 썬팩트말고, 썬크림으로 여러가지 사다 주었는데 썬크림이라 바르기도 번거롭고 눈도 따갑다고 하더라구요. 이미 산거는 제 얼굴에 바르기로 하고, 그냥 두다가 매년 여름날 이대로는 안되겠다 싶어서 피지오겔 썬로션을 구매했습니다. 썬로션이라 묽어서 우선 사용하기 더 수월할거 같아 구매했어요. SPF 50+, PA+++ 도 괜챃구요~ 제가 먼저 발라봤을때 로션타입이라 손쉽게 바를수 있고, 바르고 나서 코팅된거 처럼 되어 촉촉합니다. 아들에게는 촉촉한 로션 하나 더 바른다 생각하고 바르라고 했드만 눈쪽이 역시 따갑다고 하네요. ㅜㅜ 역시 울 아들한테는 피지오겔이 안맞는걸까요? 그래도 얼굴피부는 예전처럼 따갑거나 아프진 않다고 해서 , 우선 눈쪽만 빼고 바르라고 시켰어요. 우선은 불편한곳이 없는지 좀 지켜봐야할거 같아요 ❤️저도 다른분들 상품평 보고 도움 많이 받았어요. 누군가 제 글을 읽고 상품 구매에 도움이 되었으면 좋겠습니다 (❁´◡`❁)"
5,✅그동안 썬크림을 얼굴에만 발라왔는데요. 목과 팔등 노출되는 부위에도 잊지 말고 바르라고 추천들 하시더라구요. 그후 부담없이 슥슥 바르기 좋은 대용량 썬로션으로 구매하고 있는데요. 이번에는 온가족이 사용해도 부담없이 순할것 같고 용량도 100ml라 넉넉한 피지오겔 데일리 썬 로션을 구매해보았어요. ◼브랜드명만으로도 순할것 같은 제품 피지오겔은 여드름 피부에도 사용할수 있는 순한제품으로 기억하고 있어서 사용하기 전부터 왠지 순할것만 같은데요. 실제 사용감도 자외선 차단력이 우수한 제품으로 촉촉한 수분감이 가득한 제품입니다. 자외선 차단은 물론 주름개선과 미백기능까지 있구요. 백탁없이 가벼운 제품으로 피부자극없이 순해요. 잊지 말고 흔들어서 사용하시구요. 향은 예상보다 강한편입니다. ◼흐르는 제형으로 바르기 편해요. 얼굴외에도 바를 제품이라 꾸덕한 크림제형보다는 로션제형을 편한데요. 흐르는 수분로션타입이라 발림성이 좋아서 얼굴뿐 아니라 목과 팔에 바르기에 적당해요. 기분좋아지는 노란색 뚜껑의 세련된 용기디자인이 돋보이는데요. 양조절하기 쉬운 좁은 튜브형에 뚜껑은 돌리는 타입입니다. ✅온가족이 사용하기에 넉넉한 용량에 차단기능이 우수하며 순하고 발림성이 좋은 제품이라 만족하면서 잘 사용하고 있어요. 구매하시려는 분들께도 적극 추천드립니다.(❁´◡`❁)
5,"✔️이 상품을 구매하게 된 이유는? 저는 따로 쓰는 브랜드가 있어서 그걸로 계속 썬크림을 사용하고 있지만 남편은 주기적으로 올리브영에서 사거나 쿠팡으로 구매를 하거나 하거든요 이번에는 쿠팡으로 피지오겔 제품을 구매하게 되었어요 ✔️이 제품의 특징은? 1. 수분 보충 선케어 바르는 순간 촉촉 터지는 워터 타입이며, 수분, 보습 및 수렴 성분이 함유되어 있어요 그리고 피부를 촉촉하고 부드럽게 케어해주는 온가족용 수분보충 선케어에요 2. 3중 기능성 케어 자외선으로 푸석해진 피부에 촉촉하게 윤기를 주어 건강하게 케어를 하며 얼굴 전체에 발라주면 자외선 차단 뿐만 아니라, 주름 개선과 미백까지 피부 고민을 케어해줘요 3. 바이오미믹&UV프로텍션 피지오겔 바이오미믹 테크놀로지 적용 포뮬라에 자외선 차단 기능을 더해 진정 및 보습에 도움을 주고 자외선으로부터 피부를 보호해줘요 4. UV 밀착보호 텍스처 흔들어쓰는 워터 타입의 가볍고 촉촉한 텍스처로 피부에 부드럽게 밀착되어 자외선으로부터 피부를 밀착보호해요 그리고 페이스 및 바디 모두 사용이 가능해요 ✔️사용하고 난 후 느낀점? 부드럽고 산뜻한 로션타입으로 되어 있고 수분가득한 선케어에요 저도 한번 손등에 발라 보았는데 촉촉하니 부드러워서 잘 발라지더라고요 얼굴 말고도 바디에도 바를 수 있어서 좋은 거 같아요!! 그리고 미백, 주름개선, 자외선차단 등의 3중 기능성 케어가 가능해서 사용하는데에도 좋아요 리뷰에 도움이 되셨다면 ""도움이 돼요"" 부탁 드릴게요^^ 제 리뷰를 읽어주셔서 감사합니다!"
5,"쿠팡체험단 이벤트로 상품을 무료 제공받아 작성한 리뷰입니다. 성분 좋은 피지오겔에서 만든 썬로션이라 안심하고 사용하고 있어요. 얼굴과 바디 다 쓸 수 있는 타입으로 로션타입 보다는 워터 타입이 더 맞는 제형이라 온가족이 부담없이 다 쓰기 좋은 제형이에요. 보통 남자들이 로션, 크림도 유분감 많다고 답답해서 피하는 분들이 많은데 (우리집 남자들이 그렇습니다ㅠㅠ) 썬크림은 더 답답해서 도망가는 경우가 꽤 있거든요.. 근데 요 피지오겔 썬 로션은 흔들어 쓰는 워터타입 제형으로 바를땐 가볍게, 피부속은 촉촉히 잡아주는 제형이라 거부감이 없었어요. 미백과 주름 기능성이 들어 있어서 너무 어린 아이는 사용하면 안될 것 같아요. 저희 애는 좀 컸다고 같이 쓰겠다 해서 아침에 나가기 전 혼자 사용하는데 흔들어서 사용하는거라 애가 쓸 때마다 재미있어 하고, 주르륵 흐르는 제형이라 많이 나오면 어쩌나 했는데 입구가 작고 뾰족해서 애가 잘못 힘 줘도 너무 왈칵 나오지 않아 안심이더라구요. 썬 로션이라는 이름처럼 바르고 난 후 유분감이 거의 느껴지지 않아서 만족도가 높아요 보통 썬크림은 유분감이 겉돌아 번들거려 보이거나 화장이 뜨는 대참사가 일어나는데 싹 들어가고 말아서 덧바르거나 많이 발라도 걱정이 없네요. 백탁이 안느껴져서 마구마구 빠르게 되요ㅎㅎ 용량이 100ml나 되서 부담없이 듬뿍듬뿍 바르는 중이에요. 역시 화장품 잘 만드는 피지오겔이구나 감탄했어요. 끈적이지도 않는 썬크림을 찾는 분께 추천합니다."
5,"쿠팡체험단 이벤트로 상품을 무료 제공받아 작성한 리뷰입니다. 피지오겔 데일리 모이스쳐 UV 패밀리 썬 로션 사용후기입니다~ 배송일자:2025.03.21일 사용기한:2027.02.04일 소비기한 2년정도로 넉넉합니다~ --------------------------------------------- 피지오겔 데일리 100ml대용량 가성비 페이스&바디 선크림이네요.! 선크림은 365일 필수템이라 좋은기회로 사용해볼 수 있어서 너무 좋습니다. 한여름에는 강한 자회선으로 몸에도 기미가 생길 수 있어서 얼굴과 몸에 더 신경써서 발라줘야 하는데 대용량으로 몸과 바디에 함께사용하기 너무 좋아요. 워터타입으로 수분감이 촉촉하게 느껴지면서 로션처럼 부드럽게 발려요.! 바디는 바르는 부위가 넓기 때문에 발림성좋은 로션타입이 더 편한것같아요. 케이스 입구도 좁아서 한번에 푹나오는게 아니라 더 고르게 분포할 수 있어서 편해요. 안에 구슬같은게 있어서 잘 흔들어서 사용해 주셔야해요.! 묽은편이라 너무 누르지말고 쓰시면 좋을것같아요. 자외선 차단지수도 SPF50 PA+++ 로 높아서 야외활동에서 너무 좋을것같아요. 피지오겔 패밀리 선로션은 이름처럼 온가족이 사용할 수 있어서 어린 자녀들도 함께 사용할 수 있어요. 자외선 차단과 함께 주름개선,미백까지 3중 기능성 케어로 푸석해진 피부게 촉촉하게 윤기를 주어 건강하게 선케어를 할 수 있습니다.~ 발랐을때 피부게 윤기가 돌면서 답답하거나 무겁지않고 피부가 환해보였고 백탁은 없어서 좋았습니다. 온가족 패밀리 선크림 찾으신다면 피지오겔 추천드려요~"
5,"쿠팡체험단 이벤트로 상품을 무료 제공받아 작성한 리뷰입니다. 가면 갈수록 강해지는 햇볕! 이 햇볕에서 나오는 자외선을 막기 위한 다양한 선크림을 발라보았는데요? 백탁 현상이 어마무시하거나 땀을 흘렸을때 고대로 땀방울로 송골공골 맺히는 경우가 많더라구요. 그렇게 선크림 유목민으로 여기저기 돌아다니다가 좋은 기회로 사용해보게 된 피지오겔 데일리 모이스쳐 UV 패밀리 썬 로션 SPF50+ PA+++, 100ml, 1개 후기입니다. 먼저 간단한 스펙 설명을 해드리면! 용량은 100ml, SPF50+, PA지수도 +++로 한국에서의 자외선은 다 막기에 충분하구요? 이미 피부에 쓰는 화장품으로 유명한 피지오겔에서 만든 썬크림입니다! 이 제품은 '우리 가족 데일리 UV차단 수분 가득 썬 로션' 이라는 문구를 붙일만큼 남녀노소 사용하기에 부담없음을 어필하는 제품입니다! 그렇게 확실히 느낀게 그냥 일반적인 제품을 사용했을때 눈이 시린 경우, 끈적이는 경우 등 다양한 불편함이 존재했는데 이 제품은 그냥 로션 바르는 느낌으로 이질감없이 발리더라구요. 수분, 보습 및 수렴 성분도 함유되어 있어서 그런가보다 라는 생각이 들었어요! 그리고 자외선차단, 주름개선, 미백까지 3중 기능성 케어로 자외선 차단이라는 기능뿐만 아니라 주름과 미백까지! 아주 일석삼조구요? 남녀노소, 그리고 모든 피부에 사용하기에 좋은 피지오겔 패밀리 썬 로션 후기였습니다!"
5,"아토피 피부를 가진 아이 때문에 스킨케어 제품은 늘 신중하게 고르게 되는데, 그동안 피지오겔 제품들을 사용하면서 피부 트러블 없이 잘 맞아서 이번엔 선크림도 같은 브랜드로 선택했어요. 피지오겔 데일리 모이스쳐 UV 패밀리 썬 로션은 이름처럼 가족 모두 함께 쓸 수 있어서 더 마음에 들었고요 제형은 묽은 로션 타입이라 바를 때 부담 없고 부드럽게 펴 발립니다. 흡수도 빠른 편이고 바르고 나서 시간이 지나면 끈적임 없이 산뜻하게 마무리돼서 아이도 싫어하지 않아요. 무엇보다 피부에 자극이 없어 아이 피부에도 잘 맞고 사용 후 트러블이 없어서 안심하고 사용할 수 있었습니다. 민감한 피부를 가진 분들이나 아이와 함께 쓸 선크림을 찾는 분들께 추천드리고 싶어요. ദ്ദി ˃ ᴗ ˂ )"
5,"피지오겔 데일리 패밀리 썬 로션 아이들이랑 제가 사용하려고 구입을 했어요~ 매일 발라야하고 성분도 따져봐야하고 바르기 편한제품을 찾다보니 피지오겔이 딱 좋겠다싶더라구요^^; 첫째랑은 잘 맞지 않는지 얼굴에 살짝 뭔가 오돌오돌 해져서 둘째랑 저만 바르고 있는데 묽은제형이라 바르기 수월하더라구요~ SPF 50+, PA+++ 이구요 바르는 순간 촉촉~ 워터타입 보습 성분이 함유되어 있어 피부에 촉촉함을 오래 유지시켜 주고 피부 온도를 낮추는 쿨링 효과로 뜨거운 햇빛으로 인한 열감을 완화해주기도 해요 사용전에 몇 번 흔들어주고 적당량을 덜어 얼굴에 골고루 펴 바르고 있어요~ 끈적임 없으니 사용하기 좋아요 꾸준히 사용해봐야겠어요~"
5,쿠팡체험단 이벤트로 상품을 무료 제공받아 작성한 리뷰입니다. 성분이 좋기로 유명한 피지오겔 로션 성인인 저도 피부가 민감해서 로션 잘못쓰면 피부 트러블이 생기는데 피지오겔은 그런 게 전혀 없어서 쭉 쓰고 있는데 썬크림까지 나오는지 몰랐네요! 거기다 페이스&바디 다 사용 가능한 제품이라 더 만족스럽습니다 유통기한도 보통 선크림은 1년인게 많은데 2년이라 길어서 넉넉해서 좋아요 아이랑 같이 쓸 수도 있고 성분도 믿을만한 회사기때문에 안심하고 쓸 수 있어요 저자극에 자외선 차단은 잘 되고 민감한 피부에도 사용 가능할 수 있습니다 처음 사용할 때는 몇번 흔들어서 사용하면 되요 손에 발라 봤는데 약간 묽어요 그리고 촉촉하게 잘 흡수되었습니다 백탁현상도 없어서 마음에 들었고 그리고 끈적거림도 심하지 않고 기름지지 않아서 만족스러워요 하지만 지성피부는 얼굴에 바르면 조금 번들거리는 느낌은 들 수 있어서 몸에 바르는게 좋을 거 같아요 보통 선크림은 여름에 많이 사용하지만 지금도 햇볕은 엄청 따가워서 자외선이 없진 않지요 야구장 갔는데 햇볕이 정통으로 있어서 벌써 타더라고요 ㅜㅜ 이번주 야구장갈때는 꼭 바르고 가야겠어요!
5,"쿠팡체험단 이벤트로 상품을 무료 제공받아 작성한 리뷰입니다. ❤️ 온가족이 사용하기 딱 좋아요❤️ ✅ 구매 이유 최근에 피지오겔 썬 로션을 처음 알게 됐어요. 기존에 쓰던건 살짝 되직한 느낌이라 바르기가 귀찮아서 로션형으로 구매해봤어요. 결과는 대성공!! 로션형이다보니 발림성이 진짜 좋고 편하게 바를 수 있더라구요. 피부에 부담 없이도 없어서 데일리하게 사용하기 정말 좋았어요. 지금까지 사용했던 UV 차단 제품 중. 가장 만족스러운 제품이랍니다. ✅ 제품 후기 이번에도 재구매하면서 다시 한 번 느낀 건, 정말 피부에 순하고 발림성이 좋다는 점이에요. 향: 거의 무향에 가까운데, 약간 자연스러운 느낌의 풀 향 같은 게 은은하게 나는 편이에요. 특별히 거슬리지는 않아요. 제형: 로션처럼 부드럽고 묽어서 아이에게 발라줄 때도 빠르고 쉽게 발립니다. 흡수도 금방 돼서 얼굴에 밀리거나 끈적이는 느낌 없이 산뜻하더라고요. 효과: SPF50+ PA+++로 강력한 UV 차단 효과를 제공하면서도 촉촉한 마무리감을 느낄 수 있어요. 저자극 제품이라 예민한 제 피부와 아이 피부에도 딱 맞았어요. 눈시림: 눈에 가까이 바르면 약간의 자극이 있을 수 있지만, 다른 제품들에 비하면 훨씬 덜하고 참을 만해요. 백탁 현상: 없어요! 피부 톤이 자연스럽게 정돈되는 정도라서 평소에도 부담 없이 사용할 수 있습니다. 데일리로 최고예요! ✅ 총평 & 재구매 의사 피지오겔 데일리 모이스쳐 UV 패밀리 썬 로션은 미백, 주름 개선 효과까지 함께 기대할 수 있는 저의 최애 썬 로션이에요. 아이와 함께 온 가족이 부담 없이 사용할 수 있어서 더 좋아요. 겨울에도 피부가 촉촉하게 유지되니 앞으로도 쭉 재구매할 생각입니다. 데일리로 바를 수 있는 썬로션을 찾으신다면 추천드려요! ⭐️ 제 후기가 도움이 되셨다면 ‘도움이 돼요’ 꾹 눌러주세요 ◡̈ ⭐️"
5,"쿠팡체험단 이벤트로 상품을 무료 제공받아 작성한 리뷰입니다. 올해에는 유난히도 길고 길었던 여름~ 자외선 차단 크림은 필수템이죠. 사용하고 있는 선크림이 얼마 남지않았는데 쿠팡체험단으로 선정 되어서 피지오겔 데일리 모이스처 UV패밀리 썬 로션을 받게 되었습니다. 믿고 쓸 수 있는 피지오겔 브랜드~ 피지오겔 데일리 모이스처 UV패밀리 썬 로션 SPF50+ PA+++ 용량은 100ml 일반적인 썬 크림에 비해 양이 훨씬 많은것같아요. 디자인이 깔끔하고 사용하기 편리합니다. 묽은 형태의 하얀색 썬로션이고 로션 처럼 부드럽고 촉촉하게 발리는 느낌이네요. 흡수도 빠르게 되어서 무거운 느낌이 없고 가벼운 느낌으로 자연스럽게 스며들어요. 자외선으로 푸석해진 피부에 촉촉하게 윤기를 주네요. 얼굴 전체에 발라주면 자외선 차단뿐만 아니라 주름 개선과 미백개선이 가능한 3중 기능성 케어 제품입니다 . 수분감이 많아서 피부가 하루종일 촉촉한 느낌이 들고 바르고 나서 번들 거림이 없어요. 남자들이 싫어하는 백탁 현상이 전혀 없고 무향에 가까운 타입으로 온가족이 사용하기 좋은 제품인거 같아요. 사용전에 5회 정도 흔들어 사용하세요. 온 가족이 함께 쓰는 촉촉한 수분감의 선케어를 원하시는 분,장시간 햇빛에 노출 되면 피부가 건조 해지는 분, 온몸에 펴바르기 쉬운 산뜻한 수분 로션 타입의 선제품을 찾으시는 분, 자외선 차단은 물론 미백.주름개선까지 3중 기능성 케어를 원하이는 분,답답하거나 무겁지 않고 백탁 없는 자외선 차단제를 찾으시는 분들께 적극 추천 드립니다.♡♡♡♡"
5,"쿠팡체험단 이벤트로 상품을 무료 제공받아 작성한 리뷰입니다. 새대주와 14개월 아기랑 같이 사는 3인가족의 트러블없이 촉촉한 성크림 사용 후기 입니다 어른과 아이가 사용하기에 적합한 제품으로 이미 로션과 크림으로 피지오겔을 사용중입니다 피지오겔 선크림 용량 100ml + SPF 지수 50+ + PA+++ 크림타입의 제형이 아닌 묽은 로션같은 제형으로 발림이나 스며드는 촉감이 촉척해서 사계절 사용하기 좋은듯 개인적으로 향이 강한 것을 좋아하지 않는데요, 거의 무향에 가까운 타입으로 어른아이 누구나 사용가능한 클린한 제품같아요 남자들이 너무 싫어하는 백탁현상은 전혀없습니다 자외선차단, 주름개선, 미백개선이 가능하다는 3중 기능성케어 제품으로 ㅋㅋ 이것만 사용해도 이뻐질것 같은 기분 뭔줄 아시잖아요 아기랑 같이 발라도 트러블하나도 없구요 참, 사용전엔 5회정도 흔들어서 사용하세요 [ 장점 ] / 광범위한 보호: UVA 및 UVB 자외선으로부터 피부를 보호합니다. / 민감한 피부용_예민하고 자극받기 쉬운 피부에 적합합니다. / 가벼운 질감_피부에 쉽게 바르고 빠르게 흡수됩니다. / 모이스처라이징_피부를 보습하고 건강하게 유지하는 성분이 포함되어 있습니다. / 내수성_수영이나 땀을 흘려도 보호 기능을 유지합니다. [ 피지오겔 선크림의 사용법 ] / 피부 건조 시 15-20분 전에 바르세요. / 충분한 양을 바르고 얼굴, 목, 손 등 노출된 모든 부위에 펴 발라주세요. / 2시간마다 또는 수영이나 땀을 흘린 후에는 재도포하세요. [ 선크림 선택 시 고려 사항 ] 선크림을 선택할 때 고려해야 할 중요한 사항은 다음과 같습니다. / SPF 등급: SPF50 이상을 선택하세요. / 광범위한 보호_UVA 및 UVB 자외선 모두를 차단하는 제품을 선택하세요. / 피부 유형_민감한 피부나 지성 피부와 같은 피부 유형에 맞는 제품을 선택하세요. / 내수성_수영이나 땀을 흘려도 보호 기능을 유지하는 제품을 선택하세요."
5,"얼굴용과는 별도로 팔, 다리 등 바디에 무난하게 사용할 자외선 차단제를 찾다가 구매하개 된 된 제품이에요. 제형은 묽은 워터타입이라 사용 전 흔들어 바르는 방식인데, 가볍고 부담 없이 발려서 여름철 바디 전용 선크림으로 딱입니다. 끈적이거나 답답한 느낌 없이 산뜻하게 흡수돼요~ 향은 은은한 일반 로션 향이라 호불호 없이 누구나 무난하게 사용할 수 있을 것 같아요. 100ml 용량이라 여유있게 쓸 수 있는 점도, 민감성 피부에 적합하다는 제품 특성 덕분에 자극 없이 사용할 수 있어 좋았어요."
5,"쿠팡체험단 이벤트로 상품을 무료 제공받아 작성한 리뷰입니다. 피지오겔 데일리 모이스처 UV 패밀리 썬 로션 SPF50+ PA+++ 피지오겔 로션은 오래전부터 사용하고 있었는데, 이번에는 좋은 기회로 썬 로션을 체험할 수 있어서 사용해 보고 리뷰 남깁니다. •믿고 쓰는 피지오겔의 온 가족 순둥 선크림 •시시각각 자외선에 노출되고 자극받는 내 피부 point 1 바르는 순간 촉촉 수분 폭탄 온 가족용 수분보충 선케어 point 2 자외선차단 주름개선 미백까지 무려 3종 기능 케어 point3 피부의 건강함 힘을 길러 주는 바이오미믹&UV프로텍션 point4 백탁 없이 촉촉하고 부드럽게 UV밀착보호 텍스처 이런 분들께 추천드려요. -온 가족이 함께 쓰는 촉촉한 수분감의 선케어를 원 하시는 분 -장시간 햇빛에 노출되면 피부가 건조해지는 분 -온몸에 펴 바르기 쉬운 산뜻한 수분로션 타입의 선제품을 찾으시는 분 -자외선 차단은 물론 미백 주름개선까지 3중 기능성 케어를 원하시는 분 -답답하거나 무겁지 않고 백탁 없는 자외선 차단제를 찾으시는 분 <피부 고민에 따라 골라 쓰는 피지오겔 UV CARE>"
5,"쿠팡체험단 이벤트로 상품을 무료 제공받아 작성한 리뷰입니다. 피지오겔에서 나온 썬크림로션을 궁금해서 발라 봤답니다, 발라 본 뒤 후기 남겨요! 일단 이 제품은 묽은 형태의 하얀 썬로션인데, 로션처럼 부드럽고 촉촉하게 발리는 느낌이에요. SPF 50이라 강력한 자외선 차단 효과도 있어서 요즘 같은 계절에 딱 좋더라구요! 용량은 100ml인데, 일반적인 선크림들보다 훨씬 양이 많아서 가성비도 괜찮고요. 특히나 한 손에 딱 잡히는 사이즈라서 사용하기도 편해요. 디자인도 깔끔하고 세련된 느낌인데, 노란 뚜껑이 포인트! 너무 귀여워서 디자인도 마음에 들었어요 향은 딱 일반적인 썬크림 냄새에요! 나쁜 냄새는 아니고 썬크림의 그 냄새랍니다 거슬리지는 않아요. 그리고 가장 큰 장점은 바로 이 제품이 수분 선크림이라서 발림성이 진짜 좋아요! 로션처럼 부드럽게 발리고, 흡수도 빠르게 되어서 무거운 느낌 전혀 없이 가벼운 느낌으로 촉촉함만 남아요. ☀️ 솔직히 썬크림을 자주 바르는 타입이 아니라 처음엔 잘 안 쓸까 했는데, 이건 너무 촉촉하고 자연스럽게 스며들어서 매일 사용하게 되더라구요. 다 쓰면 구매 각 입니다! 수분감이 가득해서 피부가 하루 종일 촉촉한 느낌이에요. 바르고 나서 번들거림도 없고, 오히려 피부가 편안한 느낌이라 너무 좋네요. 요즘 같은 건조+추운날씨에 바르기 딱 좋은 선크림이에요!"
5,"가족들도 다 같이 쓸 수 있는 선크림을 찾다가 발견했어요. 피부에 순하게 쓸 수 있다고 해서 사봤습니다. ✅상품 설명 -온가족용 수분보충 선케어 -3중 기능성 케어 -피부의 건강한 힘을 길러주는 바이오미믹 & UV 프로텍션 -UV 밀착보호 텍스처 ✅실사용후기 온가족이 함께 쓰는 수분폭탄 선크림, 피지오겔 데일리 모이스쳐 UV 패밀리 썬 로션입니다. 저자극으로 안심하고 사용할 수 있는 선크림이고 미백 주름개선 효과가 있는 제품이라고 해요. 자외선 차단 지수는 SPF50+ PA+++이고요. 용량은 생각보다 용기 크기는 작은데 100ml으로 보통의 선크림의 2배정도라 데일리로 부담없이 쓰기 좋아요. 피지오겔 데일리 모이스쳐 UV 패밀리 썬 로션은 수분, 보습 및 수렴 성분을 함유하여 피부를 촉촉하고 부드럽게 케어해준다고 해요. 그리고 자외선으로 푸석해진 피부에 촉촉하게 윤기를 주어 건강하게 케어해주며 얼굴 전체에 발라주면 자외선 차단 뿐만 아니라 주름개선, 미백까지 피부고민을 케어할 수 있다고 하네요. 또한 피지오겔 바이오미믹 테크놀로지 적용 포뮬라에 자외선 차단 기능을 더해서 진정과 보습에 도움을 주고 자외선으로부터 피부를 보호해준다고 합니다. 사용하기전엔 살짝 흔들어서 사용하심 됩니다. 일반 흰색 선크림 제형이구요. 워터타입으로 수분감을 머금고 있어 촉촉하게 발리는게 발림성이 참 좋아요. 산뜻하게 발리면서 끈적이지 않아 사용감이 깔끔합니다. 제형이 무겁거나 답답하지 않고 가벼워서 데일리로 바르기 딱인거 같아요. 얼굴 뿐만 아니라 자외선차단이 필요한 곳에 로션 바르듯이 부드럽게 펴바르기 좋네요. 발림성 좋은 선크림 찾으시는 분들께 추천드려요. ✅한줄평 가볍고 촉촉해서 온가족이 함께 바르기 좋은 선크림"
5,썬크림을 자꾸 까먹고 안바를때가 있어요. 요즘 날씨가 더워지면서 자외선이 강해지는것을 느껴서 재빠르게 구매했어요. 로션처럼 살짝 흐르는 느낌이라 넓은 부위에 바르기 좋고 바르고 나면 살짝 광이 도네요. 살짝 무겁게 느껴지고 진득한 느낌도 있어요. 향이 진하지 않아서 좋아요. 저의 피부는 복합성인것 같은데 피부의 컨디션에 따라 자극이 조금 느껴지긴했어요. 저는 대부분의 썬크림이 그렇기 때문에 트러블이 나지 않는이상 그냥 씁니다. 용량이 커서 몸에도 바를수 있어서 좋아요.
5,"피지오겔 데일리 모이스쳐 UV 패밀리 썬 로션 기존에 쓰던 썬스틱을 다 사용해서 더이상 썬크림은 구입하지않으려고했어요.더운날이 계속되고 날이 선선해져도 볕은계속 따가워서 아이도 저도 같이 쓸수 있는 썬크림 제품을 찾다가 피지오겔 썬로션을 보고 구입해보았습니다. 강력한 자외선 차단 효과를 제공하며, 가족 모두가 사용할 수 있도록 설계되었습니다. 100ml의 적당한 용량으로 언제 어디서나 쉽게 사용할 수 있습니다. 피지오겔 데일리 모이스쳐 UV 패밀리 썬 로션은 SPF50+와 PA+++로 자외선 A 및 B를 효과적으로 차단할 수 있습니다. 또한 고급 보습 성분이 함유되어 있어 피부를 촉촉하게 유지시켜주고, 자외선 차단과 동시에 피부 보습을 동시에 실행합니다. 여름철 뜨거운 태양 아래에서도 피부가 건조하지 않도록 도와줍니다. 피지오겔 데일리 모이스쳐 UV 패밀리 썬 로션을 사용할 때는 적당량을 피부에 골고루 발라주시는 것이 중요합니다. 특히 외출 30분 전에는 미리 발라주어 자외선 차단 효과를 극대화하세요. 그리고 2~3시간마다 덧바르는 것을 추천합니다. 가족 모두가 사용하기에 안전하고 효과적인 자외선 차단제로, 실제로 사용해본 사람들의 긍정적인 후기가 많은것같아요. 건강한 피부를 위해 꼭 필요한 아이템입니다. 직접 비교하며 구매해서 사용하고 작성하는 리뷰입니다. 많은 분들 걱정을 덜어드리기 위해 솔직하게 작성했습니다. 제 리뷰가 도움이 되었다면 도움이 됐어요 버튼 한 번 눌러주시면 감사하겠습니다"
5,"피부가 극극 예민한 온가족이 쓰는 썬로션 아빠피부랑 아기 피부는 예민하고 엄마 피부는 여름철이면 햇빛알러지로 심해지는 두드러기를 가진 집이예요! ✅ 제품 특징 & 첫인상 자외선 차단제는 무조건 SPF와 PA 지수만 보는 시대는 끝났다고 생각해요. 특히 *민감 피부, 유아 피부, 성인까지 함께 쓸 수 있는 ‘진짜 패밀리용 자외선 차단제’*를 찾는 건 쉽지 않은데요, 피지오겔은 역시 기대를 저버리지 않았습니다. ✔ SPF50+ / PA+++의 강력한 자외선 차단력 – 강한 햇빛 아래에서도 하루 종일 든든하게 보호됨 ✔ 논나노 무기자차 – 피부에 흡수되지 않고 겉에서 차단해줘서 유아나 민감 피부도 안심하고 사용 가능 ✔ 피지오겔 특유의 보습감 – 선크림 바르고 나면 건조해지는 제품이 많은데, 피지오겔은 촉촉하게 발려서 따로 보습제를 바를 필요가 없어요 ✔ 백탁 거의 없음 – 무기자차 특유의 백탁이 거의 없어 자연스럽고, 톤업도 부담스럽지 않음 ✅ 사용감 & 피부 반응 ✔ 4세 아이부터 민감한 제 피부, 남편까지 모두 문제 없이 사용 ✔ 끈적임 없음 + 빠른 흡수력 – 여름철에도 부담 없이 사용 가능 ✔ 트러블, 알러지 전혀 없음 – 특히 마스크 속에 발라도 답답하거나 뾰루지가 생기지 않아 만족 ✅ 총평 ✔ 성분, 발림성, 보습감 모두 만족스러운 가족용 무기자차 선크림의 정석 ✔ 어린아이부터 민감한 성인까지 한 제품으로 해결 가능한 진짜 패밀리템 ✔ 가성비도 좋고, 대용량이라 오래 쓸 수 있어서 재구매 의사 100% 민감한 가족 피부를 위한 데일리 자외선 차단제를 찾는다면 이 제품은 믿고 선택해도 좋습니다."
4,늘 믿고쓰는 피지오겔 입니다 일단 따끔 거림없고 끈적임 없어요 미백효과는 글쎄 거의 없는데요 저는 이상하게 미백효과가 없으면 ㅋ 썬크림이 제대로 발린건가? 싶어 더 바르게 되긴 하는데요 뭐 자외선차단 잘 되겠죠 흔들어서 사용해야하고여 향은 향없는 썬크림냄새입니다 로션보다 묽고 스킨보다 되직한 에센스 같은? 그런 느낌 입니다~~ 입구가 뾰족하게 되어잇어 위생적으로 보여요 아이 잘 발라주고 전 미백있는거 ㅋ사야할듯해요 ㅎㅎ
5,"지난 여름, 저희 가족은 피지오겔 데일리 모이스쳐 테라피 UV 패밀리 썬 로션을 사용해 보았습니다. 우리 가족은 피부 타입이 다양하고, 특히 저와 제 아이는 예민한 피부를 가지고 있어서 선크림 선택에 항상 신중을 기해왔습니다. 피지오겔이라는 브랜드를 믿고 선택한 이 제품은 그 기대를 저버리지 않았어요. 첫째로, 이 선크림은 매우 순합니다. 사용 후에도 피부가 답답하거나 건조해지지 않았고, 무엇보다도 저희 가족 중 누구도 피부 자극이나 알레르기 반응을 보이지 않았습니다. 특히 제 아이의 예민한 피부에도 무리 없이 사용할 수 있어서 더욱 만족스러웠습니다. 둘째로, 이 제품은 보습력이 뛰어납니다. 선크림을 바르고 나면 피부가 보다 촉촉해지는 느낌이 들며, 일반적인 선크림에서는 느낄 수 없는 피부의 유연함을 경험할 수 있었습니다. 바다나 수영장에서의 장시간 활동 후에도 피부가 건조해지는 것을 크게 느끼지 못했어요. 셋째로, 이 제품은 경제적입니다. 패밀리 사이즈로 출시되어 가족 모두가 여름 내내 충분히 사용할 수 있었고, 적은 양으로도 넓은 부위에 충분히 펴 바를 수 있어서 경제적이었습니다. 마지막으로, UV 보호 기능도 매우 만족스러웠습니다. 강한 여름 햇살 속에서도 피부가 타는 일 없이 잘 보호받을 수 있었습니다. 특히, 야외에서의 활동이 많은 가족에게 이 선크림은 필수품이 되었어요. 결론적으로, 피지오겔 데일리 모이스쳐 테라피 UV 패밀리 썬 로션은 예민한 피부를 가진 우리 가족에게 아주 잘 맞았고, 여름 내내 우리를 효과적으로 보호해 주었습니다. 보습과 UV 보호 두 가지 측면 모두에서 우수한 성능을 보여준 이 제품을 다른 가족들에게도 자신 있게 추천할 수 있습니다."
5,"메이크업 전 바를려고 수분썬크림을 찾다가 구매하게되였습니다 제형이 묽고 로션 같은 제형입니다 점도가 일반 선크림처럼 크림이 아닌 로션 형태의 제품이구요흐를 수도 있습니다 향은 거의 무향이구요 저는 딱히 냄새가 안났습니다 선로션 특성상 흔들어서 쓰는 점이 좀 귀찮습니다 하지만 부드럽게 발려서 사용 감이 매우 좋았습니다 게다가 흡수력도 좋아서 위에 메이크업 하면 밀리는거 하 나도 없이 촉촉하게 잘 흡수됩니다. 용량도 많아 좋았습니다 얼굴 몸 겸용인데 전 그냥 얼굴에 바릅니다 잘 발리고 산뜻하면서 촉촉합니다 그리고 미세하게 끈적임은 있지만 막 거부감이 크게 드는 끈적임은 아니였습니다 하지만 바를때는 되게 쓰윽 발리고 쉽게 흡수가되고 바디에 쓸 썬크림이랑 발라도 괜찮을 제품입니다 피부 건강의 중요성 자외선으로부터 피부를 보호하는 것은 전반적인 건강과 안녕에 필수적입니다. 자외선은 피부암, 주름, 검버섯과 같은 심각한 피 부 문제를 일으킬 수 있습니다. 이러한 위험으로부터 피부를 보호 하기 위해서는 효과적이고 신뢰할 수 있는 선크림이 필수적입니 다. 피지오겔 데일리 모이스쳐 테라피 UV 패밀리 썬 로션"
5,쿠팡체험단 이벤트로 상품을 무료 제공받아 작성한 리뷰입니다. ■피지오겔 데일리 모이스쳐 UV 패밀리 썬로션 LG생활건강에서 나온 선로션은 보통 바르는 썬크림보다 묽게 나온 로션에 가까운 제형이에요 ■언박싱 택배 비닐포장용지에 배송이 되었는데 썬로션이 플라스틱 케이스에 2중 포장되어있어 흐르거나 깨지지않고 잘도착했네요. 유통기한도 넉넉하고 생각보다 아담한 사이즈로 한손에 쏙 잡히는 바디입니다! 뚜껑을 열어보니 토출구가 특이한게 로션이 한번에 왕창?나올 일은 없겠어요. ■바를때 느낌 묽고 하얀 점도의 로션이라 바르기가 편합니다. 아이들 얼굴에 바를때 크림형은 뻑뻑문지르다 두드리다보면 눈썹에 백탁이 끼고 자극을 주게 되지않나요?ㅎ 하지만 점도가 낮다보니 펴바르기 정말 수월합니다. ■총평 일단 백탁현상이나 끈적임이 많지않아 아이들과 같이쓰기 좋은 것 같아요 늘 썬크림이나 썬스틱만 썼었는데 썬로션이 이리 편할 줄 몰랐네요 SPF50+ 제품이고 자주 펴바르기도 수월한 점이 제일 좋아요!
5,"쿠팡체험단 이벤트로 상품을 무료 제공받아 작성한 리뷰입니다. * 쿠팡 체험단이벤트로 상품을 무료로 제공받아 작성하는 허위과장 없는 솔직한 후기입니다. 요즘,얼굴에 트러블이 올라와서 기초 제품을 수분진정라인으로 바꾸고 있어요. 썬크림도 바꿔야 하는 찰나에 쿠팡체험단으로 피지오겔 썬로션을 보고 바로 구매하였습니다. 피지오겔 데일리 모이스처 썬로션 이름처럼 제형이 묽어요 사용하기 전에 5회이상 흔들어서 사용하라고 되어있습니다. 기초제품 바르고, 발라보았습니다. 백탁현상 전혀 없구요, 향도 거의 무향이예요. 자외선 차단 뿐만 아니라 주름개선,미백기능도 있네요. 톤업기능은 따로 없어서 발라도 본래의 얼굴색이예요. 부드럽게 발리고,유분기가 많이 없어서 그런지 끈적이지도 않고 촉촉해요, 로션제형이라 팔이랑 목에도 슥슥 바르면 되니 편해요! 여름에 팔이랑 목 손등에도 선크림 바르고 싶었지만 끈적이는 느낌이 싫어서 안발랐는데 이건 바디로션 처럼 바르면 되니까 너무 좋네요. 썬크림 유목민이었는데 앞으로 정착할 수 있을거 같아요."
5,"쿠팡체험단 이벤트로 상품을 무료 제공받아 작성한 리뷰입니다. 100ml라고 해서 뭔가 막연하게 크기가 클 거라고 생각했는데 딱 도착했는데 생각했던 것보다 크기가 작아서 조금 당황했어요 생각해보니 보통 쓰는 썬블럭이 50ml 정도니까 딱 두 배 만하긴 하더라구요 용기는 얇고 긴 편이고, 캡은 돌려서 여는 타입이라 뚜껑이 쉽게 열릴 염려는 없어서 좋았습니다 입구도 좁아서 양 조절하기가 쉬웠습니다 질감은 로션같지만 매우 묽은 워터리한 질감입니다 그래서 발림성이 좋아서 좋습니다 간혹 되직하게 뻑뻑한 것들이 있는데 그런 선크림은 진짜 바르기가 힘들어서 로션이랑 섞어서 바르기도 하고 그렇거든욧 SPF50+ 에 PA+++ 이라 차단성도 좋아서 이번 여름 아주 잘 사용할 것 같습니다"
5,쿠팡체험단 이벤트로 상품을 무료 제공받아 작성한 리뷰입니다. 피부가 민감한 아빠를 위해서 선크림을 찾다가 피지오겔 데일리 모이스쳐 UV 패밀리 썬로션을 받았어요 피지오겔은 순하기로 유명해서 수분크림을 쓰고 계신터라 믿고 사용하수 있었어요 여름이 다가오기때문에 자외선으로부터 피부를 보호해주기위해 선크림을 매년 구매해서 드리지만 끈적임이나 백탁현상이 있으면 싫어하셔서 항상 실패했어요 이번엔 썬로션으로 제형이 묽고 로션같아서 끈적임이 없고 바로 흡수가 되어서 만족하셨어요 사용전 흔들어쓰는 워터타입으로 얼굴과 몸 모두 사용할수 있어요 피부를 촉촉하고 부드럽게 커어까지 해주는 썬로션이라 좋아요
5,쿠팡체험단 이벤트로 상품을 무료 제공받아 작성한 리뷰입니다. 믿고쓰는 피지오겔입니다 썬크림을 애들것 제것 다 따로썼었는데 이건 순해서 애들이랑 같이 사용할수있어서 좋네요~~ 크림타입은 아니고 워터타입 입니다 피부에 촉촉하고 부드럽게 발립니다~~ 수분보충이 충분해서 보습효과에도 좋은것같아요 자외선 차단 뿐만 아니라 미백에도 좋은것같고 주름개선에도 좋다고하는데 지켜보는 중입니다 ㅋㄱ 얼굴이나 바디 모두에도 사용가능하고 자극적이지 않고 순한게 가장 마음에들고~~ 답답하거나 무거운 느낌도 전혀없네요 도움이 되셨으면 좋겠습니다~~^^~♡♡♡♡
5,보통 선크림은 차단지수가 높을수록 뻑뻑하다는 생각을 합니다. 저는 그 점이 별로지만 어쩔 수 없다 생각하고 사용했어요. 이 제품은 아주 묽은 로션타입입니다. 설명에 적힌대로 5회 이상 흔들어 사용합니다. 흔들면 안에 구슬이 움직이면서 딸깍딸깍 소리가 나면서 가라앉은 입자들이 더 잘 섞이게 도와주는 것 같아요. 손에 짜내어보니 흐르는 타입이고 얼굴에 부드럽게 펴바를 수 있어요. 받자마자 오늘 처음 사용해보니 자극이 없어요. 다바른 후에도 끈적임이 별로 없어요. 최근 코스트코에서 유명브랜드의 톤업선크림을 사서 사용한지 한달 정도 되어가는데 자꾸 얼굴이 가렵더라구요. 아무래도 피지오겔로 갈아타야할 것 같아요. 생각보다 작은 사이즈에 놀랐지만 잘 사용할게요. 30미리보다는 훨씬 많아서 얼굴 말고도 여러부위에 데일리로 펴바르기 좋네요. 배송은 빠른데 케이스가 깨져 왔어요. 그럴 수도 있다고 생각합니다. 따로 밀봉처리는 되어있지 않지만 첫 개봉에 뚜껑에 묻어나오진 않았기 때문에 그러려니 합니다. 이런 점 괜찮으신 분들께 추천합니다~~
4,쿠팡체험단 이벤트로 상품을 무료 제공받아 작성한 리뷰입니다. 애둘맘입니다! 아가씨땐 기미도 주근깨도 별로 없더니 임신하고 출산하면서 많이 생겨서 레이저시술을 받았는데 관리가 중요하다하더라구요! 그래서 선크림을 알아보던중 기회가 생겨서 접하게된 피지오겔 데일리모이스처테라피 유브이 썬로션! 일단 제가 평상시 쓰던 썬크림하곤 달랐어요~ 아무래도 페이스 및 바디 썬크림이라 그런지 묽은느낌! 이름과같이 썬로션이 이런거구나 라는 느낌이랄까요? 그래서 그런지 화장대신 바르는 썬크림은 절대아니란!! 그래도 일단 피지오겔은 믿고쓰는 브랜드라 그런지 향도 괜찮고 성분도 좋아서 잘바를꺼같아요! 얼굴보단 바디에 편하게 바를꺼같은 생각이 듭니다! 아무래도 묽다보니 꼭 흔들어서 사용하셔야하는점! 저처럼 메이크업 겸용으로 생각하신다면 아쉽다는점 참고하시면 될꺼같아요~ㅎㅎ
5,"피지오겔 데일리 모이스쳐 UV 패밀리 썬 로션 SPF50+ PA+++는 피부 보호와 보습을 동시에 제공하는 제품으로, 특히 민감한 피부를 가진 사람들에게 적합한 선크림입니다. 이 제품은 강력한 자외선 차단 효과를 자랑하며, SPF50+와 PA+++ 등급으로 UVA와 UVB를 효과적으로 차단해줍니다. 피지오겔의 독자적인 DMS(Dermatological Moisturizing System) 기술이 적용되어 있어, 피부 장벽을 강화하고 수분을 유지하는 데 도움을 줍니다. 이로 인해 피부가 건조해지지 않고, 오랜 시간 동안 촉촉함을 유지할 수 있습니다. 또한, 피부 자극을 최소화하기 위해 인공 향료나 색소, 알코올이 첨가되지 않아 민감한 피부에도 안심하고 사용할 수 있습니다. 텍스처는 가볍고 부드러워 피부에 쉽게 흡수되며, 끈적임 없이 산뜻한 마무리를 제공합니다. 바른 후에도 백탁 현상이 거의 없어 자연스러운 피부 톤을 유지할 수 있습니다. 특히, 가족 모두가 사용할 수 있도록 설계되어 있어, 아이부터 어른까지 모두에게 적합한 제품입니다. 피지오겔 데일리 모이스쳐 UV 패밀리 썬 로션은 일상적인 외출은 물론, 야외 활동 시에도 강력한 자외선 차단 효과를 발휘합니다. 수분 공급과 피부 보호를 동시에 원하는 분들에게 강력히 추천드리는 제품입니다."
5,"쿠팡체험단 이벤트로 상품을 무료 제공받아 작성한 리뷰입니다. ■ 구매이유 평소 기초단계에서 챙겨바르는 썬크림이에요. 어렸을때부터 썬크림 바르기 습관화 되어있어서 이제는 썬크림 없이는 못살아요ㅋㅋ 썬크림 여러종류 써봤지만 피지오겔 데일리 모이스쳐 썬크림 다시 정착하게 됩니다. ■ 장점 흘러내리는 워터리한 묽은 제형으로 가볍다 바르면 촉촉하고 에센스처럼 흡수력이 좋다 백탁현상 없다 아토피 있는 아이들도 쓰기 좋다 수분이 가득해서 페이스, 바디용 모두 사용 가능하다 자외선차단, 주름개선, 미백 3종 기능이 합쳐진 제품 뾰족하고 얇은 토출구라 양조절 가능함 대용량이라 온가족 모두 사용하기 좋다 ■ 단점 잘 흔들어주지 않으면 수분과 선크림이 제대로 섞이지 않음 5회정도 흔들어 준 뒤 사용 제 리뷰가 도움 되셨다면 ""도움이 돼요"" 부탁해요♡"
5,"피부에 직접 바르는 제품이라 특히 아이와 남편이 함께 쓸 선크림은 더욱 꼼꼼하게 따져보고 고르게 되는데요, 이번에 구매한 피지오겔 데일리 모이스쳐 UV 패밀리 썬 로션은 정말 만족도가 높은 제품이었어요. 저희 신랑은 평소에 선크림 바르는 걸 굉장히 귀찮아하고, 바르더라도 금방 끈적이거나 번들거린다고 싫어하는 편이에요. 아이 역시 얼굴에 뭐 바르는 걸 꺼려해서 늘 바르자고 하면 도망가기 바빴는데요, 이 제품은 처음 발랐을 때부터 반응이 좋았어요. 제형은 가볍고 부드럽게 발리는 로션 타입으로, 바를 때 밀리거나 뻑뻑한 느낌 없이 피부에 자연스럽게 스며들어요. 백탁 현상도 거의 없고 흡수도 빨라서 바르고 바로 외출해도 전혀 부담이 없어요. 무엇보다 끈적임이 없고 마무리감이 산뜻해서 남편이 특히 만족스러워하더라고요. 평소엔 아예 안 바르던 사람이 이젠 먼저 찾을 정도예요. 아이 피부는 예민한 편이라 걱정도 있었는데, 무향에 가까운 부드러운 성분과 자극 없는 사용감 덕분에 트러블 없이 잘 사용하고 있어요. 눈에 들어가도 따갑지 않다고 하고, 피부도 전혀 가렵거나 붉어지지 않았어요. 피지오겔 특유의 보습력 덕분에 하루 종일 피부가 촉촉하게 유지되는 점도 좋았고요. 용량도 100ml로 넉넉해서 온 가족이 매일 써도 오래 사용할 수 있어 가성비 면에서도 만족스럽습니다. 특히 외출 전 한 번, 야외 활동 많은 날엔 덧바르기에도 부담이 없어서 데일리 선크림으로 딱이에요. 민감성 피부를 가진 분들, 선크림 특유의 끈적임이나 냄새, 백탁이 싫은 분들, 그리고 아이와 함께 쓸 수 있는 안전하고 순한 제품을 찾고 계신 분들께 진심으로 추천드리고 싶은 제품이에요. 앞으로도 이 제품은 계속 재구매할 것 같아요!"
5,아이들과 함께 로션처럼 쓸 수 있는 썬크림을 찾다가 발견~~케이스 각지고 이뻐요~~ 노란색도 이쁘구요. 이 브랜드는 워낙 유명해서 아이들과 사용해도 좋을 것 같았어요. 아이들도 별 거뷰감 없이 잘 바르더라구요. 스틱형도 써봤는데 꼼꼼하게 발리지 않는 느낌이라ㅠㅠ 바르는 형태가 가장 나은 것 같아요. 아이들거 내꺼 따로 쓰려니 돈도 돈인데 아이들것만 따로 사서 사용하기에는 번거로웠거든요! 제형은 엄청 묽어서 로션과 스킨의 중간 정도였어요. 향도 나쁘지 않았구요. 단지 번들거림이 심해서 얼굴에 기름이 잔뜩 낀.것 같은 .. 느낌이 들더라구요ㅠㅠ 가끔 얼굴에 바르면 눈이 따가운 것도 있던데 이건 그렇지 않아서 좋았어요. 저는 얼굴이 건조한 편이라 너무 매트한건 또 바르면 얼굴이 당기는 느낌때문에 좀 힘든데 이건 당기는 정도는 아니였답니다. 묽어서 좀 헤프게 사용하긴 하겠지만 그래도 아주 나쁘지는 않아요~ 몇 번 더 사용해보고 후기를 더 남겨보도록 할게요^^
5,우리집 딸랑구가 썬크림을 너무 많이 발라서 사용량이 감당이 안되서 용량큰제품을 찾다가 발견한제품입니다. 솔직히 향이 좀.....제취향이 아니지만 약간 숨참고 바르고 발림성이라던지 SPF 지수라던지 양은 딱 제취향입니다. 워터타입 선크림이라 백탁은 전혀없고 가벼움 바람성이 정말 장난이 아닙니다. 약간 물광느낌에 피부표현이 되서 좋은거같아요. SPF50+ PA+++ 인 제품이라 지속력이나 시간도 걱정안 하셔도됩니다. 가벼워서 살짝 화장후 올려줄수도 있다고 보시면됩니다.
5,쿠팡체험단 이벤트로 상품을 무료 제공받아 작성한 리뷰입니다. 저는 썬크림을 물놀이 갈때나 바르지 거의 잘 사용하지않았어요!! 40대가 되다보니 피부관리좀 해야할듯해 마침 체험단에도있고 선택했어요 썬크림이 아닌 썬로션 이라길래 무슨차이가있으려나 했는데 손듯에 테스트로 짜보았습니다 로션보다 묽어요 토너와 로션 사이? 발림성은 짱입니다 일단 백탁현상이라하는 하얗게올라오는게 전혀없어요 진짜 로션 바르듯 싸악 스며드는데 옆에서 지켜보던 남편이 신기해합니다 ㅋㅋㅋ 투명하게 발라지니 썬크림 맞냐고ㅋㅋ 썬로션이라 그렇다고 설명하니 이정도면 자기도 바를만하겠다고 ㅋㅋ 바르고 나서는 바른 표면이 거칠거칠하긴하네요 ㅋ 이정도는 이해할수있을듯해요!! 욘량도 작은게아니라서 맘에드네요!!! 선택 잘한듯해요!!
5,쿠팡체험단 이벤트로 상품을 무료 제공받아 작성한 리뷰입니다. 쿠팡체험단 이벤트로 상품을 무료 제공 받아 작성한 리뷰입니다 피오겔 데일리 모이스쳐 UV 패밀리 썬 로션 SFP50T PA+++ 바르는 순간 촉촉한 수분으로 온가족용으로 수분보충 선케어 굿굿♡ 얼굴에 발라보면 백택이 전혀 없으며 자외선 차단과 주름개선과 미백효과까지 무려 3중의 기능성 케어해 주는 피오겔 데일리 모이쳐 UV 패밀리 썬 로션으로 배송후 우리가족용으로 기분좋은 하루가 시작되는 하루가 되었습니다 양도 아주 넉넉 100ml 너무 사용하기 좋아요 부드럽고 흡수력 최고ᆢ♡ 추천합니다~!!
5,쿠팡체험단 이벤트로 상품을 무료 제공받아 작성한 리뷰입니다. 평상시에 피지오겔 ai 크림과 ai 로션을 쓴지 4-5년 됐는데 좋은기회에 선크림도 써보게되서 리뷰 작성합니다! 장단점 중심을 빠르게 갑니다 장점 -피부가 매우 예민한 편인데 발진이나 따끔거림이 없다 -제형이 가벼워 전체 도포시 골고루 잘 발린다 -가향된 향이 강하지않아 어린아이도 부담없이 쓸수있다 -그립감이 좋은 통 형태라 사용시 편하다 -1시간뒤에도 촉촉하게 피주에 남아있었다 -바르고 10여분 뒤에는 은은한 약한 꽃향이 낫다 -백탁현상이 없는 제품이다 단점 -몸에 바를땐 도포하기 편한 제형이지만 얼굴에 바를때는 줄줄흘러 빨리빨리 발라야 손실이 없다 -용량대비 키가 큰 형태의 선크림 통이라 휴대는 다소 어렵다
5,쿠팡체험단 이벤트로 상품을 무료 제공받아 작성한 리뷰입니다. 피지오겔 로션도 쓰고 있어서 썬 로션이 있길래 써 보았어요. 제형 - 묽어서 흘러내리는 제형입니다 수분감 많아서 피부가 촉촉해져요 흡수력 - 흡수력이 좋아요 몇번 문지르지도 않았는데 금방 흡수되네요 아침에 급하게 바르고 나갈 때나 야외활동할 때 추가적으로 바를 때도 금방 흡수되어서 편할듯합니다 용량 - 100ml가 듬뿍 바르기 좋네요 후기 - 바르고 피부 자극도 없어서 얼굴뿐 아니라 전신에 다 바를 수 있네요 살짝 광택?도 있긴한데 눈에 띌 정도는 아닙니다 향은 미세하게 나는데 튀는 향은 아니라서 크게 거북하지는 않습니다 사용감이 좋아서 여름에 쓰기에 좋을 것같네요
5,"썬크림이 똑 떨어져서 구입했어요. 피지오겔 제품은 유명하기도 하고 사용자들의 선호도가 높은것 같아서 구매하게 되었어요. ​ 피지오겔 데일리 모이스쳐 UV 패밀리 썬 로션 SPF50+ PA+++, 100ml는 일상적인 자외선 차단을 위해 설계된 제품으로, 피부를 효과적으로 보호하면서도 촉촉한 사용감을 제공합니다.​ 주요 특징: 강력한 자외선 차단: SPF50+와 PA+++ 등급을 통해 UVA와 UVB를 효과적으로 차단하여 피부를 보호하기 때문에 ​믿고 샀어요. 수분감 있는 로션 제형으로 가볍고 촉촉한 로션 형태로 피부에 부드럽게 흡수되어 끈적임 없이 편안한 사용감을 제공합니다.​ 또한 가족 모두 사용 가능하기 때문에 100ml 용량은 든든함으로 다가왔어요. 저는 아이들도 많이 사용하기 때문에 두개를 샀어요. 가족 단위로 사용하기에 적합하며, 휴대하기에도 용이합니다.​ 특히 높은 자외선 차단력과 함께 피부에 자극이 없고 촉촉한 사용감이 인상적이었습니다. 로션 형태로 되어 있어 바르기 편하고, 끈적임 없이 산뜻하게 마무리되어 여름철에도 부담 없이 사용할 수 있었습니다.​ 또 무향이라서 더 마음에 들어요. 가족 모두가 함께 사용할 수 있는 효과적인 자외선 차단제로 딱 입니다."
5,"쿠팡체험단 이벤트로 상품을 무료 제공받아 작성한 리뷰입니다. 원래 쓰고 있던 선크림이 백탁현상과 밀림이 너무 심해서 선크림 유목민이었어욥 ㅜㅜ 백탁현상없고 위에 화장 했을 때 뜨지 않는 제품을 찾고 있었습니다! 요 제품은 워터리한 제형으로 일단 흡수가 너무너무 좋더라구요! 건조하지도 않고 촉촉해서 밀림도 없어요 백탁현상도 없어 남자도 사용하기 좋고 끈적거림이 없어서 뭘 바른 느낌이 싫으신 남자분들도 잘 사용할 수 있을 것 같아 가족들 다 같이 써봤는데 모두 만족했어욥 ㅎㅎ 거기에 미백,주름개선까지 되서 자외선차단까지하면 무려 3중기능이라고 해요! 기능도 마음에 들고 사용감도 무겁지 않아 넘 좋네요 온가족 데일리로 딱이예요"
3,"1. 구매이유 선크림은 이제 사계절 필수잖아요. 저희 가족도 다 같이 선크림을 꾸준히 사용하는 편이에요. 특히 큰딸이 꼼꼼히 바르는 습관이 있어서, 유아동용이 아닌 좀 더 폭넓게 쓸 수 있는 제품을 찾고 있었어요. 그러다 믿을 수 있는 브랜드인 피지오겔에서 나온 이 제품을 알게 됐고, 온 가족이 쓸 수 있다니 딱이다 싶어서 구매했어요. 2. 제품특징 이 제품은 **SPF50+ PA+++**로 강한 자외선 차단력을 가지고 있어서 야외활동할 때도 안심하고 사용할 수 있어요. 피지오겔답게 보습 성분도 포함되어 있어서 바를 때 건조하지 않고 촉촉하게 발려요. 크림 타입인데도 끈적이거나 기름지지 않고 산뜻하게 마무리되는 느낌이 좋아요. 하지만 아이가 사용했을 때는 살짝 따갑다고 해서 유아나 민감 피부에는 맞지 않을 수도 있다는 걸 알게 됐어요. ( 적어도 저희아이와 제 개인적 기준입니다 !!!!ㅣ 어른들이 데일리로 쓰기에는 아주 순하고 부담 없는 사용감이었어요. 용량도 100ml로 넉넉해서 오래 사용할 수 있어요. 3. 후기 전체적으로 어른이 데일리로 사용하기에 정말 만족스러운 제품이에요. 특히 촉촉하게 발리고 백탁 현상이 없어서 화장 전에 발라도 전혀 밀리지 않더라고요. 자외선 차단 기능도 확실하니 외출할 때도 마음이 놓여요. 다만, 온 가족이 함께 쓰기에는 아이가 따갑다고 해서 조금 아쉬웠어요. 민감한 피부나 유아동용으로는 다른 제품을 추천드리고, 어른들이라면 정말 잘 맞는 선크림이에요. 믿을 수 있는 브랜드라는 점도 마음에 들고, 앞으로도 저는 !!!!(아이말고 ㅠㅠ) !!꾸준히 사용할 것 같아요."
5,"쿠팡체험단 이벤트로 상품을 무료 제공받아 작성한 리뷰입니다. 이 제품은 선크림과 로션을 합해 놓은 듯한 제품입니다. 피지오겔 브랜드 답게 포장부터 굉장히 탄탄했고 얼굴과 몸 전체에 바를 수 있는 썬 로션입니다. 배송은 쿠팡답게 새벽에 바로 도착해서 받자마자 바로 발라보았습니다. 발릴 때는 로션처럼 부드럽게 발렸고 바른 후 전혀 질척거리거나 끈적하지 않았으며 향은 조금 센 편이었습니다. 바른 후 백탁 현상도 없었고, 아이와 어른 모두 바를 수 있다는 점이 굉장히 매력적입니다. 다른 선크림에 비해 조금 묽게 느껴질 정도로 수분감이 가득해서 평소 선크림의 끈적하고 찝찝한 느낌이 싫으신 분들은 피지오겔 데일리 모이스처 UV 패밀리 썬 로션을 바르시면 굉장히 좋을 것 같습니다."
5,쿠팡체험단 이벤트로 상품을 무료 제공받아 작성한 리뷰입니다. 화장전에 선크림 바르면 답답한 느낌이 너무 싫거든요ㅠ 그래서 그냥패스할때도 많았는데 피지오겔 선크림은 촉촉해서 발림도 좋고 백태현상도 없고 딱원하던 선크림이예요!! 아이들이랑 같이 쓰기도 좋고 아이들도 맨날 선크림바르면 눈아퍼라고 해서 선크림 엄청 고민하면서 고르는데 피지오겔 선크림은 애들이 눈이안아프다고 좋아해요 땀많이 나는 여름에도 쓰기 좋을거 같아서 완전 강추!!!!합니다 온가족 선크림으로 추천해요♡
5,쿠팡체험단 이벤트로 상품을 무료 제공받아 작성한 리뷰입니다. *구매동기 아이들과 같이 쓸만한 썬크림을 찾아보다가 구매했어요. *써본 느낌 가끔 백탁이 심하거나 바르는 느낌이 너무 되직하고 뻑뻑해서 별로인 것들이 있는데 이건 아주 부드럽고 산뜻해요. 백탁현상 전혀 없고 묽은 질감이라 스르르 잘 발리더라구요 *장점 아이들과 같이 쓰기 좋게 저자극에 바르기 편한 로션형태예요. *단점 겨울철보단 여름에 쓰기 좋은 제형 같아요. *총평 아이들과 함께 온가족이 산뜻하게 쓰기 좋은 썬크림
5,쿠팡체험단 이벤트로 상품을 무료 제공받아 작성한 리뷰입니다. *************************** 겨울되면서 로션도 발라야하고 썬크림도 발라야하고 번거로운 아침이에요. 그런데 피지오겔 유브이 썬로션 하나면 바쁜 아침에도 로션과 썬크림을 한번에 해결 할 수 있어요. 질감은 약간 묽은 질감읋 사용하기 전에 5회 정도 흔들어준 후 사용해야 잘 섞인걸 쓸 수 있어요. 보습도 잘 되는거 같이 엄청 촉촉해요. 건조한 썬크림 바르면 피부가 하얗게 뜨는데 이건 그런 느낌 없이 촉촉하고 좋아요. 얼굴용뿐만 아니라 바디에도 사용가능해서 손등이나 이런부분 겨울에 잘 탈 수있는데 손등에도 바르니 아주 촉촉해요.
5,"2024. 6. 23 주문 배송완료 6/25(화) 도착 당시 구매가 17890 리뷰작성 2024. 10. 07 (현재가 16110) <한 줄 요약 평> 자극 적음 - 산뜻하고 가볍습니다 백탁 없음 - 얼굴이 하얘지지 않습니다 굉장히 묽은 로션 - 굉장히 묽어서 얼굴에 짜면 주르륵 흘러내립니다 묽어서 발림성 엄청 좋음 - 묽어서 쓱쓱하면 엄청 얇고 가볍게 펴 발려집니다 가볍게 잘 발림, 무겁지 않고 산뜻한 느낌 수분기 많아 그런지 얼굴 반들반들 - 건조함을 잡기 위함인지 반들반들 물광피부 됩니다 (시간이 지나면 괜찮) 시간 지나 손으로 얼굴 비비면 밀림 크기는 형광펜 만해요 ★사용전 충분히 흔들어 주세요 ! - 안 흔들면 투명색 물?이 나옵니다"
5,쿠팡체험단 이벤트로 상품을 무료 제공받아 작성한 리뷰입니다. 2027년 2월 4일까지 사용 가능한 제품으로 배송받았어요 기미 치료후 유지를 위해 썬크림에 관심이 많아 졌는데 평소에 썬크림은 필요성은 느끼지만 끈적함이 싫기도 하고 해서 스틱형도 써보기도 하고 여러 제품들을 써 봤는데 이제품은 그 중에서 정말 제일 마음에 들어요 왜 진작 안써봤을까 싶을 정도에요 체험단으로 받은 제품이지만 정말 추천하고 싶네요 피지오겔이라는 브랜드에 믿음이 있어서 고르게 되었는데 평소에 피지오겔 제춤 로션을 쓰고 있어서 제품 좋은건 알고 있었어요 이 제품은 썬 로션인데 아주 묽어서 전 스킨에 더 가깝다고 느낄 정도에요 다른 회사 로션타입 썬크림보다 훨씬 묽다보니 발림성도 좋고 흡수도 빠르고 끈적임이 전혀 없어요 백탁현상도 당연히 없고 바르면 약간 피부에 광이 날정도로 반짝 거린다고 느껴집니다 페이스 앤 바디에 사용 가능한 제품입니다 꼭 흔들어서 사용하시고 조금의 양으로도 넓은 부위에 빠를수 있어요 다음에는 내돈내산으로 재구매 할 생각입니다
5,"전 선크림을 잘 바르지 않아요. 뭔가 성분이 제게 맞지 않은지 트러블이 심하거든요. 예전에 피부과 갔을때도 사실 선크림 안 맞는 환자분 많다며 그래도 바르는게 좋으니 성분 좋은 걸로 잘 골라서 사용하라는 얘기는 들었거든요. 제 얼굴에 바르는 건 사실 포기 했어요. 아이들이 다른 친구들과 달리 너무 까무잡잡하게 타서 아이들용으로 구입해봅니다. 아이들도 선크림을 싫어해서 매해 사서 1~2번 사용하고 버렸어요. 아이들 로션은 피지오겔을 발라서 한번 썬로션도 시도해봅니다. 아주 부드러운 묽은 제형입니다. 얼굴에 눈가 제외하고 살짝씩 발라줬어요. 부드러운 제형이라 쉽게 발리고 번들거림도 없어요. 첫째는 혼자 바른다고 상남자 세수하듯 부욱부욱 발랐는데도 눈 따갑다는 소리가 없네요. 자극적이지 않나봐요. 그래고 상체 노출되는 부위도 발라줬어요. 씻길때도 잘 닦이고 피부가 답답한 느낌이 없네요. 저도 아이들 발라주고 손에 발랐을때 느낌이 촉촉하니 좋네요. 100미리 용량은 어느정도인지 느낌이 안왔는데, 사무용 칼만한 키에 아주 납작합니다. 사용 전 5번정도 상하로 흔들어 사용하시면 됩니다. 올 여름은 피지오겔 패밀리 썬로션과 함께 해야겠어요."
5,"쿠팡체험단 이벤트로 상품을 무료 제공받아 작성한 리뷰입니다. 썬 로션이라 그런지 발림성도 부드럽게 잘 발리고 워터처럼 가벼운 질감이라 수분크림 바르는 느낌 같았어요(촉촉해버렷~) 그래서 피부자극도 거의 없고 흡수도 굉장히 빠르더라구요 끈적임이 아예 없는건 아니지만 적은편이고 백탁현상 아예 없어요~~ 제 개인적으로 아쉬운점은 톤업 기능은 없다는것! 100ml 용량이 적을 줄 알았는데 조금만 써도 잘 펴 발라져서 꽤 오래 쓸것같아요! 묽은 로션이라 잘 흘러내려서 사용하기 불편할 수 있는데 입구가 뾰족해서 양 조절하기 어렵지않아요 남편이 곧 두바이로 출장을 갈 예정이라 썬 로션 챙겨주려고 주문했는데 쓱쓱 바르기 쉽고 흡수 빠르고 백탁없다고 저희 남편은 너무 만족하네요ㅎㅅㅎ 저의 리뷰가 구매하는데 도움이 되셨다면 ""도움이 돼요"" 부탁드립니다:❤️"
5,"쿠팡체험단 이벤트로 상품을 무료 제공받아 작성한 리뷰입니다. 썬크림을 바르긴 하는데, 너무 무겁게 발리거나 너무 텁텁한 것은 별로더라고요. 그 위에 특히 메이크업을 덧바르면 더더욱 얇고 가벼운 걸 선호하게 되는 것 같아요. 그래서 이것저것 고민하던 중에 요 제품을 만나게 되었습니다 - 이름을 아는 브랜드라 그런지 거부감이나 낯설음은 크게 없이 비교적 친숙했던 것 같아요. 배송은 로켓배송답게 정말 일찍 도착했고, 깨끗하고 손상없이 가벼운 포장으로 잘 받아봤습니다 ㅎㅎ 우선 크기가 제 생각보다 조금 더 작았던 것 같아요. 그래도 용량이 적당하다고 느끼긴 했습니다. 아무래도 썬로션이니..! 패키징도 간단하니 모던하고 깨끗해서 좋은 것 같더라고요. 그리고 중요한 발림성은 좋다고 느꼈습니다. 부드럽고 얇게 잘 발리고, 단독으로 올려도 맘에 들더라고요. 또 생각보다 더 촉촉한 듯 해서 약간의 수분감을 환영하는 저에겐 최고의 제품이 아닐 수 없는,, 너무 무겁지 않은 가격에 가볍고 간단히 바를 수 있는 썬로션 찾으신다면 추천드려봅니다 :) 만족해요 -"
5,아이어릴때부터 피지오겔 로션이랑 크림을 오랫동안 사용했었어요 아이들 침독이라던지 피부안좋을때 건조할때 소아과갔을때 피지오겔 크림추천해주셔서 쓰기시작했는데 꽤오래전부터 썼었네요 그러다 최근에 초등딸아이 선크림찾다가 피지오겔선크림을 봤어요~ 그래서 페이스용으로 하나사고 바디용도 사고싶어서 용량크고 로션타입인것도 있어서 구매했습니다 우선로션타입이라 많이 묽어요~ 그래서 아주 쓱쓱 바르기 쉽습니다 평상시 학교갈때 아침에 바르고 가는데 확실히 도움이 되는거 같아요! 이지워셔블이라 좋구요 온가족 다사용할수있는 순한선크림이라 마음에 듭니다.
5,"요즘 같은 날씨에 자극없는 무향 선크림 찾고 있다면, 이 제품 추천해요. 화장 전에 발라도 밀림 없고, 무엇보다 자극이 없어서 피부 예민한 날에도 걱정 없이 쓸 수 있어요. 배송은 빠르게 왔고 포장도 깔끔하게 잘 도착했어요 처음엔 ‘어? 좀 작다?’ 싶었는데, 묽은 제형 덕분인지 양 조절만 잘 해서 쓰면 꽤 오래 쓸 것 같아요. 크기 대비 효율은 좋아요! 제형은 묽은 로션처럼 부드럽고, 백탁도 전혀 없어요 피부에 착 감기듯 스며들고 끈적임 없이 산뜻해요. 아침에 바르고 외출 준비해도 뭔가 쓱- 편하게 끝나는 느낌이랄까요? 이런 점은 좋았어요 :) - 피지오겔답게 자극이 전혀 없음 - 화장 전에 발라도 밀림 전혀 없음! - 무향이라 호불호 없이 누구나 편하게 쓸 수 있어요 - 가볍고 산뜻한 마무리감이 데일리용으로 딱이에요 이런 점은 아쉬웠어요 :( - 제형이 꽤 묽어서, 뚜껑 열자마자 너무 기울이면 흘러요 - 실제로 옷에 한 번 묻혀봤어요… 주의해야 해요! [정리하면] 자극 없는 데일리 선크림 찾는 분들께 강력 추천! 무향이라 유아부터 어른까지 온 가족이 함께 써도 부담 없어요. 특히 ‘선크림 바르면 답답하다’는 느낌 싫은 분들, 이거 한번 써보세요."
5,쿠팡체험단 이벤트로 상품을 무료 제공받아 작성한 리뷰입니다. ✔️구입동기 선크림을 다써서 새로 구입하려고 알아보던 중 사용 볼 수 있었어요! ✔️사용후기 -왜 ‘선로션’인지 발라보니 바로 알겠더라구요>0< 우선 바르기가 너무 편해요! 선크림은 뻑뻑(?)해서 잘 안바르면 백탁현상도 일어나는데 이건 발라진것 맞나 싶을 정도로 잘 흡수되거든요 - 바르는 순간 마일드하고 촉촉한 제형이 피부 깊숙이 스며들어 즉각적인 자외선 효과를 보여줍니다. - 그래서 평소 수분이 부족하거나 푸석한 피부엔 더더욱 제격인 아이템입니다. - 자외선 차단 뿐만 아니라 미백 및 주름 개선 효과까지 있다고 하니 이건 정말 안 쓸 이유가 없네요!
5,"ⓞ 믿고 쓰는 피지오겔. LG생활건강! 언제나 피지오겔은 믿음이죠. 순함의 대명사!!! ① 다른 피지오겔 선크림이랑같이샀는데, 이 제품은 몸에바르는 용도로 샀습니다. 로션이어서 몸에 바를때 딱 좋습니다. 액체형이라 팔같은데 바를때 발림섬도 좋고 너무 편해요! ② 백탁 전혀 없구요, 뭐 이름 모르겠는 기술을 적용해서 진정 보습에 도움도된다니!! 는 뭐 상관없고 선크림 역할 잘해주니깐 좋습니다. ③ 저자극, 안심, 순둥 이라는 단어를 제품홍보글에 많이 사용했더라구요? 그만큼 마일드한 제품이라고 생각됩니다."
3,✅️ 사용법 : 꼭 사용하기전에 5번 정도 흔들어서 사용해야해요 사용법에도 흔들어서 사용하라고 적혀있네요 ✅️ 발림성 : 로션하고 스킨 중간정도의 농도에요 거의 액체라서 바르는거는 쉽게 발려요 백탁현상도 없는데 좀 번들거리기는 해요 ✅️ 후기 : 남편도 쓰고 저도 써는데 처음에 바를때 부드럽게 발리고 좋은데 나중에 눈이 따끔거려요 눈이 따끔거려서 눈주변에는 바르면 안되네요. 몸에 바르는거나 눈밑까지 바른거 추천드려요 ✅️ 성분 : 성분 보니 주의성분이 제법있네요 선크림이라서 어쩔수없으나 아이들 사용은 자제해야겟어요 마지막 사진 참고해주세요
5,"쿠팡체험단 이벤트로 상품을 무료 제공받아 작성한 리뷰입니다. 선크림 바르는걸 안 좋아하는데, 이건 묽은 로션 제형이라서 부드럽고 흡수력도 좋아요...!! 당연 촉촉함까지 완전 최고람니다. 피지오겔은 워낙 유명브랜드라서 믿고 사용할 수 있는 제품인만큼 실망감이 없습니다!! 저처럼 피부에 뭐 묻거나 찝찝한거 싫어하시는 분께 추천드리고싶어요"
5,"순하고 편하게 바를 수 있는 선크림을 찾다가 피지오겔 썬 로션을 구매했어요! ✨ 좋았던 점 - 정말 부드럽게 발리고, 끈적임이 거의 없어요 - 촉촉하면서도 답답하지 않아서 데일리로 딱이에요 - 무향이라 민감한 피부에도 안심하고 쓸 수 있어요 - 용량이 넉넉해서 온 가족이 함께 사용하기 좋아요 ✔️아쉬웠던 점 - 수분감이 많다 보니 지성 피부는 살짝 번들거릴 수 있어요 - 땀이나 물에는 약해서 야외에서는 자주 덧발라야 해요"
5,가족끼리 쓰려고 구매했어요. 여행시 가지고 다니기에 용량도 크고 좋아요. 뚜껑을 돌려서 여는 타입이라서 잃어비리지 않게 조심해야해요. 입구부분으로 조금씩 나오게끔 되어있어서 좋아요. 로션과스킨을 섞은정도의 묽은 제형이라서 넓은 부위에 바르기 좋아요. 향이 조금 있는데 시원한 느낌의 향이라서 좋았어요. 두세가지 제품을 사용하여 때에따라 쓰려고 합니다.
5,"남편이 평생 썬크림을 안 바르고 살다가, 최근 피부과 다녀온 뒤 자외선 차단이 얼마나 중요한지 알게 됐다고 주문해달라더라고요. 주변에 물어보니 남자들이 쓰기에 산뜻하고 부담 없는 제품으로 피지오겔을 많이 추천해서 선택했어요. 로션처럼 묽은 제형이라 바르기도 편하고, 끈적임 없이 바로 흡수돼서 남편도 거부감 없이 잘 바르고 있어요. 자외선 차단 지수도 높아서 안심되고, 처음 써본 썬크림인데도 만족도가 높았는지 며칠 전엔 제가 추가로 하나 더 주문했어요. 민감한 피부이거나 썬크림 처음 바르는 분들에게도 부담 없이 추천할 수 있을 것 같아요. 사진은 따로 찍어놓은게 없어서 제품 사진 올려요"
5,"피지오겔 데일리 모이스쳐 UV 패밀리 썬 로션 SPF50+ PA+++, 100ml, 1개 실사용 후기 요즘 날씨가 슬슬 강해져서 가족용으로 구매했어요 피부 민감한 편인데도 트러블 없이 잘 발리더라고요ㅎㅎ 끈적임 거의 없고 바르면 금방 흡수돼서 외출 전 바르기 편해요! 백탁 현상 있나요? → 거의 없고 자연스럽게 스며들어요 자외선 차단은 잘 되나요? → SPF50+라서 야외에서도 든든했어요 향은 자극적인가요? → 무향에 가까워서 부담 없어요 ✅ 민감 피부에도 무난하게 사용할 수 있었어요 ✅ 가볍게 펴 발리고 흡수도 빨라서 데일리로 좋아요 ✅ 대용량이라 온 가족이 같이 쓰기에도 충분해요 ✅ 휴대용 사이즈는 아니지만 욕실에 두고 쓰기 좋네요 민감 피부용으로 찾는다면 이 제품 추천해요! 아이랑 어른 모두 무난하게 사용할 수 있어요 ▼구매 결정에 도움될 정보▼ 설치 난이도: 해당 없음 디자인: ⭐⭐⭐⭐☆ (심플&기능적) 가성비: ⭐⭐⭐⭐☆ (대용량 기준 적절) 사용 목적: 가족용 자외선 차단"
5,"저는 일단 꾸덕한걸 엄청나게 싫어합니다. 안바르는걸 택하고 차라리 얼굴이 타는걸 선택할 정도로 싫어해요 그래서 로션처럼 잘 발리는 걸 찾고 있었어요 이 로션은 작년에 사서 1년동안 한통 다 비울때까지 싹싹긁어 썼었어요 그래서 얼마나 좋은지 (얼마나 끝까지 참고 쓸 수 있는지 ㅋㅋㅋ) 잘 압니다. 올해도 똑같은 걸 사게 되었어요. 먼세점가격정도로 구매한거 같아요(이번에 특가가 떠서) 잘 발라져서 좋고 잘 씻겨져서 좋습니다. 딱히 물에 빠지실거 아니면... 평상시 데일리로 쓰기엔 이만큼 좋은게 없는 거 같아요 용량은 잘 안보시고 사게 되실텐데 이거 100ml입니다. 엄청 많아요. 이거 하나 사서 저희는 세가족인데 면적큰 남성 1, 여성 1, 아이1 이렇게 다른제품하고 병행하긴 했는데 아침마다 바쁠떄 대충 덜어서 2초만에 발라주고 여름을 나게 해준 제품이에요 자외선 차단 효과도 높은 편이고 용량도 많고 잘 발려서 손이 잘 가는 제품이니 저같은 성향이면 사시면 후회 안하실거에요"
5,쿠팡체험단 이벤트로 상품을 무료 제공받아 작성한 리뷰입니다. 제 피부는 수부지에 얇고 자극에 민감한 민감성 끝판왕 피부를 가지고 있습니다 ㅎㅎ 온도차에도 반응해서 알레르기가 올라오고 조금만 습해도 뾰루지가 나는데요 ㅎㅎ 이런 피부에도 잘 맞는 로션이 피지오겔 이었어요ㅜㅜㅜ 그런데 피지오겔 썬로션!! 안써볼수 없었어요 역시나 예상 했던대로 자극 전혀 없고 끈적임 기름짐 무너짐 백탁 들뜸 전혀 없고 100점 짜리 선크림이 될..뻔 했으나 향이 너무 별로 였어요ㅠㅠㅠ 차라리 로션처럼 무향 이었으면 좋았을텐데 요상한 향기가 나요ㅜㅜ 저는 불호..ㅜㅜ 토할뻔 했어요 하지만 너무 기능이 좋은 썬로션이라 포기 할수없네요. 그냥 숨 안쉬고 쓰겠습니다 향기 빼고 진짜 100점 !! 끈적임과 두껍게 발리는 무거운 느낌이 아니라 너무 좋았고 오후 돼서 개기름도 없이 아주 좋았어요 향기는 물론 저의 개인 취향이라 좋아하시는 분도 계시겠지만 전 별로 였어요 ㅎㅎ 나머진 100점~~~
5,페이스전용으로 따로 사두었지만 궁굼헤서 얼굴에도 발라보았는데 기존 선크림보다 발림성도 좋고 수분감도 좋아 종종 바를려고해요 처음으로 피지오겔 선크림을 써보았는데 발림성도 좋고 매우 만족해서 이번꺼 다 사용하면 바로 또 구매해서 사용할거에요
5,요즘 운전 쪼금 했다고 손만 타고있어요ㅠㅠ 얼굴에 바르는 선크림은 톤업용이어서 손까지 바르기 그렇고 기름지지 않고 사물에 묻어나지 않는 끈적임 없는 선크림 찾다가 주문하였습니다. 일단 묽은 제형으로 사용할때 흔들어서 사용해야해요 그래야 좀 아래와 섞이는 느낌이랄까 ㅋㅋ 바를때 부드럽고 촉촉하고 백탁없어요 딱 바디용이나 집에서 화장 안해도될때 편하게 바를수 있어요 그래서 남성분들도 부담없이 바를 수 있는 제품입니다. 마침 운전만 하는 제부 가 썬크림도 안 바르고 운전하고 다닌다고 해서 하나 선물해 주려구요~~ 바르자마자 살짝 유분기는 돌지만 시간 지나면 흡수되요 가격부담없고 용량커서 올 여름 실컷 발라서 피부지켜야겠어요. 덧바르고 덧바르고
5,"[피지오겔 데일리 모이스쳐 UV 패밀리 썬 로션 SPF50+ PA+++] 100ml인데 크기가 제 갤럭시울트라보다 조금 작네요. (오히려 좋아요!) 가방에 넣어가지고 다니면서 틈틈히 발라주기 좋을 것 같아요 썬로션이라 그런지 제형은 묽은 로션제형로션으로 궁중비책 썬로션 써보신분은 좀 비슷한 느낌이라고 보시면되요. 피지오겔 데일리 모이스처 테라피 UV 썬로션 100ml는 유기자차 성분이네요 ​유기자차:자외선을 흡수해서 열 에너지로 방출해줍니다. (피부에 자극 줄 수 있으나, 발림성 좋고 백탁현상 없음.) 무기자차:물리적인 자외선차단제로 방어벽을 만들어준다고 생각하시면 됩니다. (백탁현상 있을 수 있으나, 피부에 자극은 유기자차보다 적다.) ​그동안 무기자차만 사용했었는데 이제 아들도 크기도 컸고, 아들이 바르기 쉽도록 발림성 좋은 유기자차를 선택했어요. 사실 저희 아들은 어렸을때 무기자차도 눈시렵다고 난리였는데 크고나니 그런것도 없어졌어요! 저는 사용하는 선크림,선스틱,선로션이 여러가지 있어서 바다갈때, 회사갈때, 집앞갈때 다르게 사용하는편인데 내돈내산으로 지금 리뷰하고 있는 피지오겔 선로션은 데일리 선로션으로 순하고 괜찮은 것 같아요, 유기자차의 눈시림에 취약하신분만 아니라면 강추드립니다. 앗!! 꼭 5번 이상 흔들어서 사용하세요! 혼합물이 섞여야 효과적으로 사용할 수 있습니다.!"
5,"다른 베이비키즈 선크림 썼다가 둘째가 발진올라오고 피부 뒤집어지고ㅠㅠ (남편은 괜찮대서 남편이 바르고 있어요) 그래서 신중하게 고른게 피지오겔 선크림 이었어요. 발진없이 잘 쓰고 있답니다^ ^ 30ml로 사서 괜찮네- 싶어서 똑같은거 큰용량으로 사려다가 선로션 있길래 한번 사봤어요. 이건 100ml라서 부담없이 쓸 수 있을 것 같아요. '로션'으로 나온 제품이라서 굉장히 묽습니다. 일반 로션보다 더 묽어요. 워터로션같은 !!! 그리고 아쉬운 점은 로션이라 그런지 PA+++ 이네요. 그래도 만족합니다~~ 끈적임은 크게 없는 편이긴 하나 안바른 것 처럼은 아니고 로션 발랐을 때의 끈적임이라 해야하나,, 여튼 그정도는 있어요. 그래도 매우 가벼운 제품이라 부드럽게 잘 롤링 됩니다."
5,쿠팡체험단 이벤트로 상품을 무료 제공받아 작성한 리뷰입니다. 좋네요! 아들이 고학년인데 선크림 바르기 싫어해서 얼굴이 얼룩덜룩 탔어요 ㅠ 이건 로션제형이라 여룸엔 로션대용으로 발라도 될것 같아요! 그리고 안끈적여서 좋아하네요~ 입구가 좁게 되어있어서 양조절하기도 좋고 피지오겔이니 보습력도 저도 쓸것 같어요~ 선트림 끈적임 있으면 쓰기 싫은데 아들이 잘쓰겠다고 하네요
5,"여름철 다가오니 팔다리용으로 썬로션알아보는중 후기가좋고 약간할인해서 주문해봤어요 전 피부가 민감한편이고 향도 없었음했어요 그리고무엇보다 여름외출시 바를거라 답답함이나 나이가있어 건조함이 덜해야합니다 한두번 흔들어 사용해보니 묽은질감에 향이 연하게있어요 시간지나니 아주조금남아요 향이진하면 날벌레, 모기가 꼬이거든요 아직은 벌레가없어 두고봐야겠어요 한여름엔 어떨지몰라도 오늘은 건조함 답답함이 없어요 최근몇년동안 썬로션을 매년 바꿨는데 요번엔 맘에들어 정착했음합니다"
4,"거의 무향에 가깝고 백탁없이 선로션 스타일인데, 피지오겔은 워낙 유명한 스킨브랜드니까 믿고 구매했어요. 저는 원래 썬그림을 잘 안바르는데, 그 이유가 선크림을 바르면 꼭 뭐가 나거든요. 트러블이 생기고 좁쌀 여드름 번지고....선크림을 발라서 안타는데 여드름으로 뒤집어지는거보다 차라리 타는게 낫겠다 싶어서 그냥 파데 자체에 있는 spf 기능에 의존했어요. 근데 요즘 또 너무 잘 나온다해서 속는셈 치고 기름지지않고 라이트한 선제품 찾다가 요거 새로 나왔다고 해서 삿어요. 근데 진짜 스킨케어하고 요거까지 발라주면은 화장 안밀리고 딱 잘되요. 그리고 목에도 그냥 잘 발려서 여러모로 괜찮네요."
5,아이들이 스티형은 두껍게 발려서 얼굴이 갑갑하다고 하고 어떤 썬크림은 뻑뻑하고 백탁현상이 심해서 썬크림을 매번 사놔도 잘 안바르더라구요 제가 발라줘도 짜증내고.. 이번에는 조금 부드럽게 발리는 제품을 사고싶어서 선택했어요 뚜껑이 스크류형태로 돌려서 여는 건 조금 불편했는데 제형이 로션같이 묽어서 부드럽게 발리는게 좋았어요 아이들이 평소에도 어디 놀러갈때로 편하게 바르기 좋을 것 같아요.
5,"쿠팡체험단 이벤트로 상품을 무료 제공받아 작성한 리뷰입니다. 제품명 피지오겔 데일리 모이스쳐 UV 패밀리 썬 로션 SPF50+ PA+++, 100ml, 1개 구매이유 복합성피부여서 이것저것 다써봐도 결국 피지오겔로 돌아오게되더라규요.. 로션이라서 되직한느낌은 없고 흔들어써도 묽게나와서 그냥 바로 바르기좋아용 찐득함없고 끈적임없고 발랐을때 밀림없눈 제품들을 찾다찾다보니 피지오겔이 최곤거같어요 구매후기 저는 토너 앰플 로션 아토크림 썬크림 순으로 맨 마지막에 발라주는데 진짜좋어요 ㅎㅎ 그리고 썬크림바루고 다룬쿠션울 발라도 밀림이있거나 들뜸이 있는데 이제품은 전혀그런거없고 얼굴에 광나보이는게 좋아요 ㅎㅎ 그리고 젤중요한 볼쪽이 건조한데 땡김이전혀없어요!! 그래서 만족하면서 쓰는중이예여 ㅎㅎ 바르고나서 피부따가움이나 눈따가움같은거 전혀없어서 애기들듀 바르기 좋을거같고 3-4시간에 한번씩 발라쥬면 좋다해서 바루는데 밀림이없어서 더좋네요 ㅎㅎ 총평으로는 피지오겔 데일리 모이스쳐 UV 패밀리 썬 로션만큼은 제최애 썬크림으로 등극했고 ! 쥬변에 썬크림 추천 해줘야겠어요 ㅎㅎ 아 ! 그리고 뮤조건 충분히 흔들어서 써야합니당 ㅎㅎ 구래야지 흐르지않고 잘 바를수잇어요 ! 제 후기가 도움이되셨다면 도움이됐어요 부탁드립니당~~"
5,8세 6세 남매에게 아침마다 가볍게 발라줍니다. 선팩트나 선스틱은 손에 묻지 않은 장점이 있는대신 로션 바르고 두들려 줘야해서 요건 로션처럼 발라주니 손에 묻어서 불편하긴 해도 한번에 끝나니 편하기도 합니다. 팩트나 선스틱처럼 애들 얼글이 매트해지지 않아서 유분기 넘치면서 부자집 애들 느낌이 납니다 응? ㅋㅋ
5,"날씨가 따뜻해지면서 자외선 지수도 올라가 온 가족이 함께 쓸수 있는 피지오겔 썬크림을 구매하게 되었습니다. 로션 타입이라 부드럽게 발리고, 흡수도 빨라서 바른 후 끈적임이 거의 없었습니다. 썬크림 바르고 나면 얼굴이 하얗게 뜨는 그.. 현상도 없어 자연스러운 피부 톤을 유지할 수 있었고, 무엇보다도 하루 종일 촉촉함이 유지되어 건조함을 느끼지 않았습니다 첫날엔 눈이 조금 따가움을 느꼈고, 그 이후에는 눈가를 피해 바르니 괜찮았어요! 아이부터 어른까지 모두 사용할 수 있는 제품이라 가족용으로 안성맞춤입니다. 특히, 아이 피부에도 자극 없이 사용할 수 있어서 안심하고 사용할 수 있었습니다."
5,"피지오겔 데일리 모이스쳐 UV 패밀리 썬 로션을 사용해본 결과, 정말 만족스러운 제품이었습니다. 자외선 차단 효과가 뛰어난 SPF50+ PA+++로, 강한 햇볕 아래에서도 안심하고 사용할 수 있었습니다. 피부에 자극을 주지 않는 부드러운 텍스처로, 특히 민감한 피부를 가진 저에게 잘 맞았습니다. 가벼운 느낌의 로션은 피부에 스며드는 속도가 빨라서 끈적임 없이 산뜻하게 마무리됩니다. 이 덕분에 여름철에는 물론, 일상에서도 부담 없이 사용할 수 있었습니다. 또한, 보습 성분이 함유되어 있어 피부가 촉촉하게 유지되는 점이 특히 마음에 들었습니다. 썬로션을 바른 후에도 피부가 건조해지지 않아 하루 종일 편안하게 지낼 수 있었습니다. 가족 모두가 사용할 수 있는 제품이라는 점도 큰 장점입니다. 아이부터 어른까지 누구나 안심하고 쓸 수 있어서 가족 외출 시 함께 챙기기 좋았습니다. 사용 후에도 백탁 현상이 거의 없어서, 피부에 자연스럽게 밀착되는 느낌이었습니다. 100ml 용량으로 휴대하기에도 적당해서 여행이나 야외 활동 시에도 간편하게 챙길 수 있었습니다. 실용적인 디자인이라 파우치에 쏙 들어가서 부담 없이 가지고 다닐 수 있었습니다. 피지오겔 썬 로션은 앞으로도 계속 사용할 계획이며, 자외선 차단제를 찾고 계신 분들에게 적극 추천합니다. 이 제품 덕분에 여름에도 걱정 없이 야외 활동을 즐길 수 있게 되어 정말 기쁘네요!"
4,내돈내산 후기 피지오겔 dmt 썬크림을 너무 잘썼어요. 너무 촉촉하게 가볍게 발리고 잘지워져요. 피부에 부담이 하나도 없어서 좀 더럽긴하지만 세수 안하고 잔 날도 많았습니다. 얘는 산뜻이라길래 더 가벼운가 해서 사봤어요. 흐르는듯한 아주 묽은 로션제형인데 이거 만든 사람은 산뜻이라는 한국말을 모르나? 하는 기분이 듭니다. 피부에 무겁게 찌덕하게 코팅된 느낌. 미세먼지 다 달라붙을거 같은 번질거리는 기름막. 이중세안이 부담스러우면 패스하세요. 그리고 결정적으로 눈이 시려요. 눈이 민감한편인데 하루종일 눈이 시려서 눈물이 계속 납니다. 순하고 촉촉한거 찾는분들은 이거 아닙니다. dmt썬크림을 사세요.
5,"쿠팡체험단 이벤트로 상품을 무료 제공받아 작성한 리뷰입니다. 피지오겔 데일리 모이스쳐 UV 패밀리 썬 로션 SPF50+ PA+++, 100ml, 1개 피지오겔 데일리 모이스쳐 UV 패밀리 썬 로션 SPF50+ PA+++는 부드러운 제형과 빠른 흡수력으로 메이크업과의 궁합도 좋고, 민감한 피부에도 적합하여 가족 모두가 사용할 수 있는 제품입니다. 이 제품은 피부를 보호하면서도 촉촉함을 유지하고 싶으신 분들에게 추천드립니다. 피지오겔 데일리 모이스쳐 UV 썬로션은 피부 보습을 위한 다양한 성분이 포함되어 있습니다. 특히, 40% 이상의 보습 성분이 함유되어 있어 피부에 수분을 공급하고SPF 및 PA 지수: 이 제품은 SPF50 이상과 PA+++의 자외선 차단 지수를 가지고 있어 강한 자외선으로부터 피부를 보호합니다. 연약한 피부에도 사용할 수 있는 마일드한 더마 코스메틱 제품입니다. 백탁현상 방지 및 윤기 부여 기능이 있어 사용 후 피부가 매끄럽고 촉촉하게 유지되어서 무난하게 사용하기 좋습니다."
5,쿠팡체험단 이벤트로 상품을 무료 제공받아 작성한 리뷰입니다. 평소에 썬크림을 자주 바르기 시작해서 눈따갑고 눈물나는 썬크림은 잘 안바르게 되더라구요 근데 이건 생각보다 눈물이 안나네요 그전에는 스틱위주로 썬크림을 발랐거든요 온가족이 바를수 있다고 해서 구매했구요 아이가 아직 아가라 썬크림은 못바르지만 신랑과 제가 열심히 바르고 있네요 발림성도 좋구요 제형고 맘에 들어요
4,"이거 바르면 세안할때는 클렌징워터나 클렌징폼으로 잘 지워줘야 합니다. 하얀 묽은 제형이고, 바르면 촉촉해요. 저희집은 청소년과 초등3이 씁니다. 아이들이 부담없이 잘 써요~"
5,스킨로션처럼 스며들어요.. 발림성이 좋아요... 제품력은 사용해 봐야 알겠지만 기대됩니다..
3,"- 에센스와 로션 중간의 묽은 질감으로 발리성 좋음. 뭉치지 않음 - 색이 자연스러움 바르면 살짝 환해지는 느낌 - 워터프루프가 아니라서 물놀이하는 경우엔 부적합. 다 씻겨내려감 - 유통기한 넉넉함 바디선용으로 쓸 가벼운 선크림 찾다가 구매했는데, 발림성은 아주 좋았음 그런데 워터프루프가 아니라서, 바르고 물에 들어갔다가 다 씼겨내려가서 효과 없음 이건 확인 안하고 산거라 할 수 없는 부분인데, 그래도 아쉬운 부분 가볍게 발려 좋아서 데일리로 바디에 쓰기엔 좋음"
4,하지만 조금 끈적거림... 조금 번들거림. 조금이지만 한여름엔 힘들듯. 그래도 가족들이 부담없이 쭉쭉 편하게 짜서 바르기에 좋아용.
5,"피부 자극 없이 순하게 잘 발려요! 민감한 피부인데도 전혀 자극 없이 부드럽게 발려서 너무 만족해요. 백탁도 거의 없고, 촉촉해서 건조한 느낌도 없어요. 얼굴이랑 몸에 같이 써도 될 정도로 순해서 온 가족이 사용하기 딱 좋네요. 무엇보다 피지오겔이라 믿고 쓸 수 있어서 재구매 의사 있어요! 할인할 때 잘 산 것 같아서 기분도 좋아요."
5,가족들 일상으로 쓰고 있어여 아들들이 학교 갈때 사용하라고 구매했는데 생각보다 거부감없이 잘 쓰고 있네요
4,상표가 맘에들고 양도 적당 합니다 바르니 두껍지 않아서 얇게 펴바를수 있어서 얼군이 무겁지 않아요 요즘 잘사용 합니다 슽틱 보다 낳은거 같네요 물론 내돈새산
5,제형이 로션타입이라 발림성도 좋고 잘 흡수됩니다.
5,로션처럼 잘 발라집니다 생각보단 크기가 작은편이예요
5,거의 물타입로션이에요. 피지오겔이니 믿고 쓸수있어 아이랑 함께 몸이랑 얼굴 다 바를려고 주문했어요. 몸에는 가벼운 타입 선로션이 좋아서 듬뿍 바를려구요. 공홈보다 저렴히 팔길래 주문했답니다.
5,완전부드럽고 미끌거리거나 끈적임 없음 자외선 차단은 잘되것죠^^
5,"얼굴보다는 바디(목, 귀, 손)에 바르고있어요. 물처럼 묽어서 얼굴보다는 몸에 바르니까 조아요."
5,쿠팡체험단 이벤트로 상품을 무료 제공받아 작성한 리뷰입니다. 봄이 다가오면서 자외선 차단지를 준비해야 하는데 좋은 기회로 피지오겔 데일리 모이스쳐 UV 패밀리 썬 로션을 사용해 볼 수 있게 되었어요. 여린 피부에도 사용 가능하고 로션처럼 바르기도 쉬워서 아이와 함께 사용하기 좋아요. 백탁 없고 잘 흡수되고 눈시림도 없어요. 사용 전에 흔들어 사용해야 해요.
5,쿠팡체험단 이벤트로 상품을 무료 제공받아 작성한 리뷰입니다. 썬로션! 이제 곧 봄이 오니까 자와선 차단할 일이 많을 것 같아서 구비해봤습니닿ㅎㅎ 일단 발림성도 너무 좋고 물처럼 연해서 몸에 바르기에도 부담스럽지 읺을 것 같아요 그리고 바르고 나니 흡수력도 꽤나 좋아서 저 같이 빠르게빠르게 움직이는 사람들한테도 엄청 좋은 것 같어요
5,살짝 흔들어 외출전 얼굴 .목. 손등 묽은 제형에 백탁 없어 사용감이 좋아요.
5,"해외갈때 급하게 선크림이 필요해서 쿠팡을 통해 시켰습니다 하루만에 오는 선크림이 필요했거든요 딱히 기대하지 않았었는데, 발라보니 너무 좋았어요!! 발림성도 부드럽고, 끈적이지 않고 바로 흡수되고, 피부도 안탔어요~~! 다만 바를때 꼭 흔들어서 사용해야하는 점이 불편하긴 했지만 가족들 모두 사용하기 편하게 용기에 적어놓으니 헷갈릴 일 없어 좋았습니다! 원래 햇빛에 엄청 잘타서 빨갛게 타고 아파하는 정도인데 이번엔 그런 걱정 하나도 없이 잘 놀다왔어요~ 아이들 바르기에도 순하니 선크림 필요하시면 추천드려요~"
5,1. 눈 따가움 전혀 없음 2. 백탁 아예없음 3. 보습효과 오래감 4. 발림성 좋음 5. 재구매의사 있음
5,백탁없이 편리하게 바르고 싶어하는 아들을 위해 구입한 선로션~피지오겔제품이라 믿음이 갑니다.
2,엄청 물같고 촉촉한 제형의 선크림입니다. 그래서 사실 휴가철 아니라 평상시에 로션처럼 온몸에 바르는 용으로 편하게 사용했어요. 평상시에 사용허기에는 향도 뮤향이고 백탁이나 끈적임도 없어서 사실 정말 만족허면서 사용했습니다. 문제의 발단은 휴가철 물놀이인데요. 자외선이 강한 날씨에 1시간에 한번씩 다시 덧발라줬는데도 불구하고 피부가 벗겨질 정도로 탓더라구요 이정도면 실질적으로 선크림의 역할을 못하는 것이 아닌가라는 의문이 들었습니다. 평상시에는 옷을 입고 있다보니 자외선에 노풀이 되어서 피부가 타는지 안타는지 확인을 못했다면 수영복만 입고 노출된 팔 다리는 그냥 새까맣게 타는 게 문제가 아니라 피부가 아프더라구요 워터프루프가 아니거나 혹은 선크림의 기능이 부족하던가 둘 중 하나일 것 같아요
5,엄청 물같은 질감이라 처음에 바를려고 짜는 분들은 당황하실 수 있어요 안에 구슬같은게 들어있는거 보면 흔들어 쓰는거같아서 저는 사용하기 전에 꼭 흔들어서 쓰고있어요 간간히 썬크림 중에서 따갑고 간지러운 제품들도 있는데 이건 가족 모두 사용이 가능한 제품이라 그런지 순하고 좋아요 그리고 물같은 제품이라 보통 썬크림 제대로 사용하려면 많이 발라야한다고 말을하는데 그렇게까지 많이 바르기가 부담스러운데 이건 그냥 주욱~짜서 많이 바르기도 편해서 저는 듬뿍듬뿍 발라주는데도 양도 많아서 좋아요 근데 물같은 제형이라 그런지몰라도 좀 너무 끈적하긴해요ㅠㅠ 그래서 실외 나갔다가 실내로 들어오면 바로 씻거나 물티슈로 닦아주고 다시 바르는게 너무 번거로워요ㅠㅠ
5,온 가족이 사용해도 되는 썬크림이라고 해서 구매했어요 동남아로 해외여행 갈 때 가져가서 잘썼습니다 해외여행 가뜩이나 짐 많은데 이거 하나만 챙겨서 짐 덜었어요 제형은 생각보다 묽어요 많이 묽은 로션 느낌 입니다 향은 특별한 향은 없어서 무난해서 괜찮았어요 몇번 흔들어서 사용해야해요 매트한 느낌은 전혀 없고 촉촉합니다 겨울에 촉촉하게 바르기 좋은거같아요 여름에는 약간 번들거린다고 생각 할 수 있을거같아요 전반적으로 모난데 없고 단점 딱히 없습니다 저희는 얼굴이나 몸이나 그냥 다 아끼지 않고 발랐습니다^^
5,묽은 타입으로 몇번 잘 흔들어서 바르는데 약간의 광택과 함께 당김없이 잘 발라져요 썬크림을 잘 안썼던 이유가 바를 때와 바른 후 뻑뻑함이 너무 싫어서였는데 우선 발림성이 좋아서 편하게 사용하고 있어요 사용 후 팩트 사용시에도 밀리지않구요
1,"이 제품 쓰자마자 바른 부위에 두드러기가 올라왔고, 피부과 전문의에게서 선크림 사용으로 인한 접촉성 피부염이라는 진단을 받았습니다. 그래서 피지오겔 코리아로 1:1 문의를 드렸더니, 쿠팡 쪽으로 문의하라고 하시길래 판매자 문의로 환불 관련해서 말씀을 드렸습니다. 그런데 사진처럼 매크로 답변에 다른 데로 접수하라고 떠넘기시더라구요 엘지생활건강 소비자상담실에서도 제품 환불은 판매자 문의 쪽 일이라고 하셨는데 공식몰 일처리 개 어지러움"
5,1. 구매동기 저는 피지오겔만 사용하는 사용자 입니다. 요즘 아침에 아이 등원시킬때 자외선 너무 심해서 썬크림 안바르면 안될것 같아요. 2. 효능 아침에는 세수도 양치도 왜그렇게 하기 싫은지(게을러서 겠죠ㅎㅎ) 세수 못하고 피지오겔선로션만 바르고 나가봤거든요? 근데 안땡겨요 ㅋㅋㅋ 신기해요 ㅋㅋㅋ 스무스하게 발리고 향은 거의 없구요. 그리고 spf50 이거든요? 숫자가 높을수록 좋은거 아시죵? 3.총평 썬로션이라 스무스하게 잘 발립니다. 아이들과 가족 모두 함께 쓰세요^^
5,피지오겔 잘 맞는 아이들인데 선크림제품 이것저것 사용해봤는데 예민한피부니나 쓰고 버리는게 많았거든요. 근데 오프라인에서 보고 아이들이 잘 맞는 피지오겔제품이리 믿고 먼저 구입해서 써봤는데 역시나 트러블없이 잘맞아서 다쓰고나서 주문했어요. 용량 작은건 페이스말고 팔다리까지 바르니 너무 금방써서 큰걸로 주문했는데 약간 질감이 더 묽은데 부드럽게 발리고 역시나 잘 맞고 괜찮아요~~ 꾸준히 쓸꺼 같아요~
5,"모 배우의 인마이백에 있는걸 보고 구매하고 잘 쓰다가 아무래도 바디전용이고 한여름이라 자주 바르다보니 금방 써서 또 재구매했어요 엄청 묽은 제형이라 주르륵 흘러서 잘 발라줘야하구요 엄청 촉촉하게 발려요! 향은 파우더리한 향이라 부담도 없고 대신 유기자차라,,호불호가 좀 있을듯해요 사실 전,,이번에 재구매하면서 유기자차라는걸 알았네요 ㅋㅋㅋ 그래서 늘 시간이 지나면 이 위에 무기자차 선크림을 덧발라요~~"
5,올여름 가장 열심히 쓴 썬크림. 리뷰가 여름 끝이라 좀 그렇긴 한데 이런건 꼭 써봐야 리뷰를 하는 타입이라. 거의 2/3를 썼다. 아이들도 나도 같이. 백탁도 없고 가려움도 없었다. 썬쿠션이 올여름 너무 빨리 다써서 재구입 않고 이재품으로 사용후 화장했는데 밀리지 않았다. 겨울도 계속 쓸것 같은 느낌!
1,평상시 크림 하나에 썬크림 하나만 바르는데 썬크림 이거로 바꾸고 시림을 떠나 눈이 졸라 따갑고 아픔 ㅡㅡ아까워서 참고 바르 বিদ্যমান는데 아 도저히 안되겟음 갖다버림 열받음 요즘 썬크림 눈 시리거나 아픈거 없는데 이거 진짜 내인생 최악의 썬크림임 바르고 1시간 이내부터 눈 미친듯이 따갑고 시림 눈아파서 운전하다 사고날뻔해서 지금 너무 열받음 갖다 버렸음
5,피지오겔은 순해요. 온가족이 사용해도 좋은 참 잘만든 제품이죠. 전 참 쿠팡 클릭을 즐겨요. 사용하고 있는 제품 있는데 피지오겔이 떠서 구매했어요. 때찌. 그래서 아직 미사용중입니다. 믿고 구매해서 그래도 좋아요. 화장할 때 항상 선크림 사용중이라 금세 사용하게 될거에요
1,"피지오겔 예찬하는 사람인데요, 이건 눈이 시려도 너무 시려요. 이거 바르고 강원도까지 운전하는데 두 시간 동안 눈이 시려서 너무 힘들었어요. 눈 주변을 발라야 주름으로부터 보호가 될텐데 눈 가까이는 아예 바르지도 못해요. 팔에나 발라야겠어요. 피지오겔 너무 좋아하는데 썬로션은 진짜 완전 비추!"
2,7살 남자아이 피지오겔 크림에 바디로션 다 사용중이라 괜찮겠지 하고 발랐는데 일주일에 한번 산에가는 날만 팔이랑 목에 두번 발랐는데 두드러기 올라왔어요 긁어서 딱쟁이지고;;; 간지러워 하더라고요 클렌징으로 다 씻었는데도… 남편이 쓰는데 남편은 좋대요 ㅋㅋ 아이한테는 자극이 있나봐요 아이용으로는 비추입니다
4,볕이 세면 팔에 반점이 올라오기 때문에 샀는데 바른다고 안올라오지는 않고 (화장할 때도 쓰는 얼굴용 고가 제품이 효과는 더 나은 듯) 볕때문에 뜨거운 느낌 드는건 괜찮아집니다. 제형이 묽다고 해서 발라서도 묽은 느낌은 아니고 달라붙는 느낌의 선크림 느낌이 나므로 샤워할 때는 미리 한번 바른 부분을 씻어내는게 좋을 것 같네요.
5,여름에 팔 다리같은 바디에 바르려고 샀습니다 바디는 아무래도 물처럼 묽어야 발림성이 좋다고 생각해서 구매했는데 정말 바르기 편하고 피부자극이 없어 다음에 또 재구매하려구요
5,잘 발리지만 번들거림은 있어요. 민낯으로 자외선 차단제만 필요할 때 바릅니다. 어른부터 아이까지 모두 사용할 수 있어 좋아요
3,제곧내입니다. 발림성은 정말 좋아요. 하지만 바르고 나면 좀 끈적이고 그 느낌이 꽤 오래 지속됩니다.
3,로션을 늘 쓰는 브랜드라 첨 구입했는데 선크림과는 조금 다르게 많이 묽어요~ 눈에 들어가면 따가우니 조심해야 겠어요
3,"민감피부, 아무거나 못 바르는 편인데 기대하고 구입했으나 바로 오돌오돌하게 올라오네요... 발림성이 로션처럼 묽어서 바르게 편해요"
5,저도 신랑도 아기도 다 같이 바르고 있어요. 뭉침 없고 로션 바르고 바로 발라도 들뜸이나 뭉침 없어요.
5,끈적이지않아 이번여행내내 가족모두 바디용으로 잘썼어요 묽은 로션재형이라 흔들어서 팔다리에 슥짜주고 문지르면 빠르게흡수되고 끈적이지않아서좋고 양도많아서 부담없이 가족모두 사용하기좋아요
5,우리 가족 쓱쓱 바름니다^^ 2개사서 부모님도 쓱쓱 너무 가볃고 편하다고 하세요. 근데 어머니는 아주 가볍워서 자외선차단이 안되는 느낌이라고ㅋ 하지만 그렇지않은거 아시줘~ 너무 가볍워서 그런것같아요^^
5,"아토피가 있어서 피지오겔 로션을 사용하고 있는데, 처음으로 선크림을 구매했어요. 로션처럼 묽고, 바를 때 건조함이 전혀 없어요. 이번 휴가에 함께 왔어요~"
5,약간 묽은 액체? 비슷한 느낌인데 오전에 저거만 바르고 화장하고 나가용 피지오겔 크림 로션 거의 15년 계속 쓰고있는데 편하고 역시 피지오겔 그런느낌 ㅎㅎ 잘쓰고있습니당!
4,로션처럼 묽은 제형이고 흡수도 잘되긴하는데 땀이나 물에 강하지는 못한것 같네요 등산할때 바르고 갔는데 땀이 많이나서 효과가 떨어지는것같아요 땀이 적으신분은 괜찮을듯합니다
2,향에 알콜향이 나는거 같다고 느끼며 이틀 발랐는데 아이 얼굴이 붉게 올라왔어요 얼굴 바디 전부 피지오겔 제품 사용하고 있어서 구매했는데 아쉬워요 다만 로션이라 애들 금방 발라주기는 좋네요
1,민감성 피부는 사용하지마세요.. 끈적이지않고 발림성은 너무 좋은데 저는 사용했을때 두드러기처럼 피부가 올라오더라구요. 잘 맞는 사람도 있지만 저는 바로 사용중지했구요.사용전 소량만 먼저 약한 부위에 테스트해보는걸 추천합니다.
5,훈련병으로 간 아들 얼굴말고 목이나 팔에 사용할려고 준비했어요. 끈적이지 않고 좋네요.
4,완전 편한 선로션 흔들고 손바닥에 쭉 짜서 얼굴에 쓱싹~! 거울 안 보고 발라도 괜츈! 백탁없음. 바르고 눈 비비면 안되요. 눈 시림. 출장때 가져갔다가. 내께 좋다고 내꺼만 씀…
5,약간 묽은 느낌은 있으나 백탁현상도 없고 바르기가 매우 좋습니다. 특히 남편이 로션처럼 편하게 사용하기 좋다고 이 썬로션만 찾습니다. 사계절 내내 사용중입니다. 쿠팡이 가장 싸네요
5,이만한 선크림이 없어요 로션같고 물같아서 부담스럽지가 않음
5,훈련병 준비물에 썬크림이 있어 구매했습니다. 눈이 따갑지 않고 묽다고해서 골랐어요. 묽으면 아무래도 바르기 편할거같습니다
1,상품은 둘째치고 누가 반품으로 버린 상품 배송해준줄 알았습니다. 뒤에 같이산 피지오겔 로션도 난리난리 뚜껑 열어보니 사용흔적은 없어보여 그냥 씁니다ㅋㅋㅋㅋㅋ
5,필요해서 구입했습니다. 로션처럼 묽어서 바디용으로 써야겠어요.
5,이청아님이 사용하신다고 해서 구매했어용 눈시림 증상은 눈물 흘리면 있어요 가만히 있으면 없고 순해서 트러블 난 적도 없어요!
4,발림성이 좀 부족한편이라 몸에 물기가 마르기전에 쓱쓱 발라주세요. 물기가 없는 상태에서는 좀 부족해요.
5,가족들 다같이 쓰려고 사써용 히힣 오십이라서 조아요
4,햇빛에 팔다리가 타는게 싫어서 구매했습니다. 운전하다보면 양쪽 팔 자외선 받는 상태가 다른데 열심히 발르렵니다.
5,로션같이 잘 발리고 남편과 아이가 잘 쓰는 제품이에요 눈도 따갑지 않아요
5,피지오겔로 필요한 화장품은 사보고있어요 ㅎㅎ변우석 홧팅!!!ㅋㅋ
4,주르륵 흘러요 꼭흔들어쓰세요 가족들쓰기좋은 대용량썬크림 효과는 기대에 못미침
2,묽은 제형이고 처음 바를땐 별 느낌 없는데 시간이 지날수록 눈이 너무 따가워 뜰수가 없어요 얼굴말고 다른데만 발라야할듯..
2,츄브형발라보고 눈시림없고 순해서 로션 타입 도 구입후 발라본결과 눈이시리고 눈물나고 그리고 너무 물거요 거이 물처럼 담엔 요제품은 구입 안합니다~~~~~
2,피지오겔 워낙 순한 제품이어서 구매한건데 눈이 시려서 눈물이 계속나서 도저히 못 쓰고 다른제품 구매했어요
5,한번 보고 쓰고 싶어서 검색하다가 구입하게 되었어요. 써보니 백탁도 없고 잘발리고 끈적임도 없어서 잘 바르고 다녀요. 너무 좋습니다.
5,안끈적거리고 제형이 로션타입처럼 가벼워서 넘 좋네요 온몸에 바르기 좋아요
5,타임특가로 구매해서 잘샀는데 더살걸 그랬어요 ㅎㅎ
5,로션의 느끼보다는 스킨의 느낌이나네요. 짜면 지르르 흘러서 바르기가 약간 불편하네요. 발림성은 좋아요.
3,로션처럼 잘 발려서 넘 편하고 찝찝하지 않아서 좋긴 한데요.. 땀나거나 그러면 눈이 좀 따가워서 잘 안쓰게돼요ㅠ
1,피지오겔에서 두드러기 날줄은 생각지도 못했는데 썬크림때문이었네요ㅠㅜ 넘나 속상
4,촉촉하고 발림성은 좋은데 성분에 후추열매 들어가서 그런지 향이 적응이 안되네요 ㅠㅠ
4,무난한 선크림 같습니다. 쿠팡에서 저렴하게 구입해서 만족합니다.
2,"하루종일 눈물 흘리고 다니고 눈도 못 뜰정도로 너무 눈이 시려요 이거는 얼굴 빼고 몸 바르는용으로만 써야할듯요.. 진짜 며칠 고생하고 힘들었어요.. 제가 왠만하면 리뷰 안쓰는데, 눈이 너무 시려서 저처럼 눈물 줄줄 흘리고 고생하실까봐 리뷰 합니다. 절대 얼굴에 쓰지마세요ㅠㅠㅠㅠㅠㅠ"
5,자외선 차단 효과가 있으면서도 바를 때 무겁지 않아서 추천합니다
3,눈시림이 강해서 다움기뢰눈 없어요. 대신 발림성이 매우좋아 몸용으론 좋아요
4,일반 피지오겔 로션에 비해 살짝 자극이 있긴한듯 썬로션이니 어쩔수없나봅니다
2,잘 발라지고 씻기는 점은 장전이나 많이 번들거립니다. 그리고 바르고 생활하면 눈을 안만졌는데도 눈이따가움
2,눈매워요ㅠㅠ 눈알 지지는 줄... 몸에 바르긴 좋으나 얼굴에 발랐다가 지옥행이용ㅠ
4,하루만에 3천원 떨어졌네요. ㅠㅠㅠ 너무해~ 그래서 별 하나 뺐어요
2,발림성하나좋고 나머지는다별로예요 ㅡㅡ
5,자극도 없고. 향도없고. 발림성 좋고
5,좋은 제품 좋은 가격 빠른 배송 모두 만족합니다.
2,아..바르고 하루종일 눈이 아파서 알르레기인 줄 알고 안과 다녀왔어요ㅠ 이거 바른 날만 눈물 주르르ㅠ 냄새도 없고 발림성도 좋은데 왜... 민감한 내 눈ㅠ
1,이거 정품 맞나요?? 선크림 바르고 얼굴이 간지럽고 살이 벗겨진 것처럼 얼굴이 붉게 변하는 경험은 정말 처음이라 난감하네요. 가격이 저렴해서 두 개나 샀는데 이걸 어떻게 발라요?
5,"★. 27년차 주부의 내돈 내산 솔직한 리뷰 ★. 제품명 : 이자녹스 UV 선 프로 365 데일리 커버 SPF 50+ PA+++, 70ml, 1개 ★. 제품 특징 및 사용 - 자연스러운 톤업 효과, 가볍게 사용하기 좋은 선크림 피부 관리는 젊을 때부터 신경 써야 한다는 말을 이제야 실감하고 있어요. 평소 화장을 거의 하지 않는 편이지만, 나이가 들면서 선크림의 중요성을 깨닫고 꾸준히 사용하려 노력 중인데요. 이 제품은 일반 선크림보다 약간 톤업 효과가 있는 제품으로, 자연스럽게 피부 톤을 보정해 주는 점이 가장 마음에 들어요. 일부 톤업 선크림은 마치 파운데이션을 바른 것처럼 두껍게 발리거나, 부자연스럽게 피부를 하얗게 만들기도 하는데, 이 제품은 안 그러네요. 자연스럽게 발리기 때문에 잡티나 주근깨를 가려주는 건 아니지만, 피부에 화사한 생기를 더해줘서 데일리로 사용하기 좋아요. 크림 제형이라 부드럽게 발리며, 딱히 향이 난다거나 하지는 않구요. SPF50+/PA+++의 자외선 차단 기능까지 갖추고 있어 올 여름 잘 사용할 수 있을 것 같아요. 그리고 처음에는 촉촉한 느낌이 있지만, 시간이 지나면서 건조해지는 부분은 어쩔 수 없나봐요. 선크림을 바르기 전 단계 기초제품을 좀 충분히 바르면 해결이 되는 거 같기는 해요. 물론 평소에 피부관리에 신경을 좀 쓰구요. 부드럽고 자연스럽게 발리기 때문에 다 쓰고 나면 재구입할 의향도 있답니다. ★ 제 글이 쇼핑에 도움이 되었으면 합니다~~!!"
5,"4월이 되니 햇살이 따갑게 느껴지네요. 기존 바르던 썬크림이 바닥을 보이고 있었는데 마침 골든박스에서 착한 가격으로 판매하길래 얼릉 구입했어요. 이자녹스는 예전에 기초라인으로 사용해 본적이 있어서 고민없이 바로 주문!!!!! 오랫만에 만나보는 이자녹스~~~~ 새벽배송으로 잘 도착했고 덕분에 아침에 바르고 외출했습니다.^^ 부드러운 크림처럼 발림성은 나쁘지 않았고 톡톡 가볍게 두드리며 바르니 잘 스며 듭니다. 끈적함 전혀 없고 무거운 느낌도 전혀 없어요. 자연스럽게 피부톤도 화사해 집니다. 좀더 피부톤 업 되는걸 원하신다면 썬크림 바르고 위에 다른 색조 화장품으로 커버를 해야 될것 같아요. 저는 평상시 메이크업을 연하게 하는 편이라 썬크림 바른후 파우더로 마무리 했어요. 향은 연하고 오래 가지는 않아서 화장품 향기에 예민하신 분이 사용하셔도 문제 없을듯 합니다. 이자녹스 썬크림은,,,, 자외선 차단은 물론 물과 땀에 강하고 피부 진정과 보호 성분이 있어 피부 관리도 됩니다. 썬크림이지만 텁텁하지도 않고 급하게 나갈때 이거 하나로 피부톤을 편리하게 정리할수 있어서 좋아요. 오전에 바르고 저녁쯤 되니 피부가 조금 건조해지는걸 느낍니다. 썬크림 바르기 전 기초라인을 충분히 바른후 사용해야 될것 같아요. 그 외엔 저녁까지 피부톤 유지 잘 되고 지저분해 지지는 않는것 같아 만족합니다.^^"
5,"《 이자녹스 유브이 선 프로 365 데일리 커버 선크림 》 ========================================================== ○ 구매일자 ㅡ 4월 29일 ○ 배송일자 ㅡ 4월 30일 ○ 내용량 ㅡ 70ml ○ 유효기간 ㅡ 28년 2월 24일 ========================================================== 이자녹스 유브이 선 프로 365 데일리 커버 선크림은 저희 남편과 제가 함께 사용하는 선크림으로 예전부터 꾸준히 구매해서 사용중이에요. 이자녹스 365 데일리 선크림은 메이크업 베이스 성분이 함유된 톤업 선크림이에요. 자연스런 톤업으로 남편과 함께 사용해도 좋더라구요~~~~ 또, 워터프루프 기능도 있어서 땀이나 물에 지워지지 않아 좋아요. 여름에는 땀 때문에 눈이 따갑고 하는데 이제품은 그런게 없어서 사용하기 좋다고 남편이 좋아하더라구요. 자외선 차단 지수도 SPF50+으로 지속시간도 길어서 마음에 들어요. 부드러운 제형으로 살짝 촉촉한 타입의 선크림이에요. =========================================================="
5,"[상품 리뷰: 이자녹스 선크림] ✅ 총평: ★★★★★ 이 선크림 정말 너무 좋아요! 평소에 피부 화장이 자꾸 뜨는 편이라 고민이 많았는데, 이 제품은 발림성도 부드럽고 가볍게 톤업이 돼서 피부가 깔끔하고 환해 보여요. 색감도 예뻐서 그런지 주변에서 “뭐 쓰는 거야?” 하고 물어본 적도 꽤 있었어요. 장점 1.발림성: 텍스처가 부드럽고 밀착력이 좋아서 쓱쓱 펴 바르기만 해도 금방 피부에 착 달라붙어요. 2.톤업 효과: 자연스럽게 피부 톤을 밝혀줘서 메이크업 안 한 날에도 이거 하나만 발라도 충분히 피부가 정돈된 느낌이에요. 3.지속력: 아침에 바르고 하루 종일 돌아다녀도 톤업 효과가 꽤 오래가요. 덧바르지 않아도 괜찮았어요. 4.피부 자극 없음: 민감성 피부는 아니지만, 트러블이 잘 나는 날에도 이 제품은 문제없이 잘 사용했어요. 피부에 부담이 없어서 너무 좋더라고요. ⚠️ 단점 아무래도 선크림이다 보니까 커버력은 별로 없어요. 잡티나 붉은 기는 따로 파운데이션이나 컨실러로 보완해야 할 것 같아요. 그래도 톤업 효과가 자연스러워서 크게 불편하진 않았어요. 그리고 저녁쯤되면 속건조 살짝있는느낌?? 사용 팁: 피부결대로 얇게 여러번 레이어드해서 바르면 더 좋은 피부결로 연출가능합니당 추천 대상: 피부 화장이 잘 뜨거나, 무겁지 않은 선크림을 찾는 분들께 강력 추천이에요. 자연스러운 톤업 효과 덕분에 데일리로 사용하기 딱 좋아요!"
5,"혹시 이런분 계시나요? 마스크 때문에 화장 잘 안하는데 자외선 차단과 가볍게 톤업되는 선크림을 찾으시는 분, 야외 활동을 자주 하는 편인데 땀과 물에 강하고 지속력 좋은 선크림을 찾으시는 분, 퍽퍽하지 않고 부드럽게 발리는 선크림을 찾으시는 분들이라면 이 제품 정말 추천합니다. 이 제품은 정말 제가 10년은 쓴 것 같아요. 이 제품만 쓰면 피부결이 정말 좋아보여서 주변 사람들이 피부가 좋아보인다고 해요. 저는 피부가 화장을 하게 되면 오히려 텁텁해 보이고 모공과 요철이 부각되는 피부거든요. 그래서 평소 기껏 화장을 하면 다들 화장 안한게 낫다고 말을 많이해요. 그러다 이 제품을 한 번 써본적ㅇ ㅣ있는데 제 피부에 착붙이더라고요. 그래서 정말 오래 사용하고 있는 제품입니다. 메이크업 없이 간편하게 자연스러운 톤업이 가능합니다. 매일 쓰는 선크림에 메이크업 효과를 더해 자외선 차단과 동시에 피부 톤까지 화사하게 케어해 줍니다. 물과 땀에 쉽게 지워지지 않고 오래 지속되어 걱정 없이 야외 활동을 자유롭게 할 수 있는 강한 워터프루프 제품입니다. 피부 진정과 보호 성분인 프랑스 해송 성분을 함유하여 매일 매일 부담 없이 사용 가능한 제품입니다. 텁텁하지 않고 부드럽게 발리는 촉촉한 크림 텍스처로 발림성 정말 좋습니다. 스킨케어 마지막 단계에서 자외선에 노출되기 쉬운 피부에 골고루 발라주시면 좋습니다. 차분한 색상으로 제 피부톤에 정말 찰떡이고 은은하게 광 나는 피부로 만들어 주어 너무 만족하고 잘 쓰고 있네요!"
5,"내돈내산으로 구매해 2주 정도 사용 후 후기 남깁니다. 민감성 피부라 기존에 썼던 선크림은 순한 걸로만 썼고 찐득거리거나 밀리는 건 쓸 수가 없었어요. 화장을 좀 얇게 해볼까 해서 톤업 효과도 있으면서 순한 선크림을 찾았는데 이자녹스 이 제품이 딱 보이더라구요. 반신반의 하면서 주문했는데(안 맞으면 엄마 줄 생각 - 뭐든 잘 맞는 엄마 피부 부럽ㅠ) 막상 써보니 오 괜찮네요. 전 더 얇게 바르려고 스폰지에 먹여서 바르는데 자연스럽게 톤업 되고 좋아요. 화장 밀리는 것도 없고, 컨실러와도 잘 맞아요. 이 가격에 이 정도 퀄이면 비싼 브랜드 제품 쓸 필요 없어요. 이자녹스 선프로 선크림 적극 추천드립니다! 지성 중건성, 여름엔 건성 분들도 잘 맞으실거예요. 제 후기가 도움이 되길 바랍니다"
5,선케어 명가 이자녹스 선크림 ^^ 저는 20년보다 훨씬 전부터 이자녹스 선크림을 바르고 있어요. 최근 2년정도만 살짝 쉬었지만 ㅎㅎ 저희 친정엄마는 아직도 선크림은 이자녹스만 쓰세요. 선케어 명가 이자녹스 선크림~~ 다들 아시는 것 같아요^^ 이 제품 유브이 선 프로 365 데일리 커버 제품은 톤업효과가 있는 제품이에요. 선크림 색상이 흰색이 아니구요. 메이크업 베이스 겸용으로 피부색의 선크림입니다. 바르면 비비크림 바른 것처럼 톤업효과가 있어요. 화장을 굳이 하지 않으셔도 잠깐 밖에 나가거나 아이등원 시키거나 할 때에 살짜기 커버효과가 있어요. 그래서 만족하실거에요. 저도 2년만에 다시 사봤더니 요제품 하나만으로도 충분히 괜찮네요. 그래서 팩트바르는 시간이 단축되었습니다 ^^ 바쁜 시대에 참 좋은 효과에요 ㅎㅎ 오랜만에 써보니 바를 때 특유의 냄새는 조금 나구요. 그리고. 제가 좀 묽고 유분기가 많은 선크림을 써왔어서 그런지 바르고 나서 피부가 살짝 건조한 감이 있었어요. 로션보다는 조금 되직한 느낌입니다. 그래서 미스트를 주기적으로 뿌리게 되네요. 피부가 심하게 건조하신 분들은 좀 당기는 느낌을 받으실 수 있어요. 기초단계에서 수분을 충분히 주시길 바래요. 이자녹스는 이미 선케어로 많은 사람들의 사랑을 받는 브랜드이기에 믿고 쓰지요 ^^ 저는 세일 할 때 친정엄마꺼까지 쟁쳐놓으시라고 보내드렸네요~ 근데 제가 이제 나이가 들어서 그런지 피부가 좀 당기는 느낌이 들어서. 건조해지는 가을 겨울보다는 여름에 쓰는게 좋겠다는 느낌을 받았어요. 제품이야 그대로인데 제 나이와 피부가 변했나부네요 ㅠ.ㅠ 아무튼 이자녹스 선크림 오랜만에 만나서 참 반가웠어요 ^^
5,《 이자녹스 유브이 선 프로 365 데일리 커버 듀오 기획 세트 》 ========================================================== ○ 구매일자 ㅡ 4월 29일 ○ 배송일자 ㅡ 4월 30일 ○ 내용량 ㅡ 70ml ○ 유효기간 ㅡ 28년 3월 16일 ========================================================== 이자녹스 유브이 선 프로 365 데일리 커버 선크림은 자외선 차단과 톤업 효과를 동시에 제공하는 선크림으로 데일리용으로 적합한 제품이라고 해요. 이번에 구매한 기획세트는 선크림이 2개 들어간 세트 상품으로 2개를 저렴한 금액으로 구매할 수 있어요. ✔️ SPF50+ / PA+++ 으로 강력한 자외선 차단 ✔️ 자연스런 톤업효과 ✔️ 땀과 물에 강한 워터프루프 ✔️ 저자극 순한 마무리감 ==========================================================
5,"#내돈내산 1년 365일 선크림이 필수라는거 아시나요?! 결혼하기 전에는 항상 화장을 꼭 하고 다니고 선크림도 필수로 바르고 다녀서 몰랐는데... 아이낳고 바쁘게 나갈때는 선크림도 못나가고 그러다 보니 기미가 생겼어요 ㅜㅜ 다른 이유도 있겠지만 확실히 선크림을 꾸준히 빠짐 없이 발라주면 안 바르는 것과는 큰 차이가 있다고해요. 선크림도 브랜드도 많고 종류도 너무 많아서 고르기가 어려운데 특히!! 백탁이 있는 선크림을 꼭 피하게 되더라구요. 그러다 알게 된 ' 이자녹스 UV 선 프로 365 데일리 커버 ' ✅️ 기능 ✔️ 자외선 차단 ✔️ 톤업 기능 ✔️ 워터프루프 ✔️ 부드럽게 발림 ➡️일반 선크림 보다 발랐을 때 메이크업 효과가 있어서 이번에 재구매를 했어요^^ 저번에 사용하고 새로 구매했는데 용기 디자인이 좀 바껴있네요. 제가 피부가 건성이다 보니 화장이 잘 안먹기도 하는데 이건 그런거 상관없이 촉촉하게 잘 발려요!! 사용해보면 아시겠지만, 사진에서처럼 색상이 베이지 색상이라서 피부에 너무 잘 어울리게 발려요. ❗️촉촉한 텍스쳐로 피부 톤 보정이 되면서 백탁현상 없고 이것만 발라도 일반 선크림보다 화장한 얼굴 같아서 계속 구매하게 되는 제품입니다 ㅎㅎ 선크림 고민하시는 분들께 추천해드리고 싶어서 열심히 후기를 쓰고 있어요!! 예전에는 쿠팡 로켓배송에 LG화장품 제품이 없었던 것 같은데 이제는 가능하니 구매하기 쉬워서 너무 좋아요^^ 적극추천합니다!! ❤️제 후기가 조금이나마 도움이 되었길 바랍니다."
4,"구매 동기: 365일 거의 선크림을 발라서 그런지 사고나면 금방 없어지는것 같네요~ 자외선이 점점 더 강해지는 계절이 와서 자외선 차단 효능이 뛰어난 제품을 고르다가 이자녹스 선크림이 맘에 들어서 구매하게 되었어요~ 제품명 : 이자녹스 UV 선 프로 365일 데일리 커버 SPF: 50+/ PA+++ 피부타입 :모든 피부 기능성 화장품 인증: 자외선 차단 기능성 @@@ 장점@@@ 1. 메이크업 없이 간편하게 자연스러운 톤업=> 매일 쓰는 선크림에 메이크업 효과를 더해 자외선 차단과 동시에 피부 톤까지 화사하게 케어 해줘요~ 2. 강력한 자외선 차단력과 물과 땀에 강한 워터프루프=> 물과 땀에 쉽게 지워지지 않고 오래 지속되어 걱정없이 야외 활동을 자유롭게 할 수 있어요~ 3. 자꾸만 바르고 싶은 피부 진정 마일드 포뮬라=>피부 진정과 보호 성분인 프랑스 해송 성분이 함유되었고,매일 매일 부담없이 사용할 수 있어요~ 원래 잡티가 많은 편이라서 선크림을 365일 하루도 쉬지않고 바르는 편입니다. 그래서 구매시 SPF 수치나,PA 수치를 꼼꼼하게 따져 보고 사는 편입니다. 이자녹스 제품은 SPF 수치나,PA 수치 둘다 적합한 상품이라서 구매 하게 되었어요~ 그리고 봄철엔 더욱더 커버력도 좋은 제품을 사용해야 해서 메이크업 효과까지 있어서 좋네요~ 일단 손등에 발라보니 부드럽게 잘 발리고,그렇게 묽지도 않고 적당한 제형이라서 맘에 들고, 커버력도 좋은것 같아요~ #발림성 :좋음 #제형: 적당함 #커버력: 좋음 그리고 중요한 가격까지 착해서 만족입니다. 다음에 재구매 의사 100% 추천합니다~~~"
5,《 이자녹스 UV 선프로 데일리 365 커버 선크림 》 ========================================================== ○ 구매일자 ㅡ 4월 6일 ○ 배송일자 ㅡ 4월 7일 ○ 내용량 ㅡ 70ml ○ 유효기간 ㅡ 28년 2월 24일 ========================================================== 이자녹스 365 데일리 커버 선크림은 메이크업 베이스 성분이 함유된 커버선크림이에요. 일반 톤업 선크림 보다는 자연스러워서 한톤 밝아지는 느낌이에요. 부드러운 크림 제형으로 부드러운 발림성으로 뭉침없이 고루 잘 발리는 타입이에요. 또 워터프루프 타입으로 땀이나 물에 강해서 좋더라구요. 여름에 땀이 많이 나도 유지력이 좋아 자주 구매하게 되더라구요. 자외선 차단지수는 SPF50+ PA +++ 제품으로 지속력도 좋아요. 자연스런 톤업으로 남녀노소 누구나 사용하기 좋은것 같아요. ==========================================================
5,"구매 계기 아이들과 함께하는 야외 활동이 많아지면서, 선크림은 필수더라구요 ✅ 장점 SPF 50+ PA+++의 높은 자외선 차단 지수로, 강한 햇빛에서도 피부를 보호가능 자연스러운 피부 톤 보정 가벼운 베이지 톤의 제형이 피부에 자연스럽게 밀착되어, 메이크업 베이스로도 활용 가능해요~ 촉촉한 보습감 수분감 있는 제형으로 건조함 없이 피부에 촉촉하게 발리며, 편안한 사용감을 제공합니당 단점 가격대가 다소 높음 할인할때 사는걸 추천 향에 민감한 분들에게는 호불호 은은한 향이 있어 향에 민감한 분들에게는 호불호가 갈릴 수 있습니다. 개인적으로 무향을 선호하는데 저는 이정도 향은 괜찮았어요 추천 대상 및 이유 이자녹스 UV 선 프로 365 데일리 커버는 강력한 자외선 차단과 자연스러운 피부 톤 보정을 원하는 분들께 추천해요~ 특히 아이들과 함께하는 야외 활동이 많은 부모님들, 메이크업을 간편하게 하고 싶은 직장인들에게 좋을거 같아요:)"
5,15년? 그때부터 이자녹스 썬크림만썼어요 피부가 얇고 모세혈관 확장증 때문에 실핏줄이 다 보이고 붉은얼굴... 일명 술톤을 가지고있는 피부입니다... 40대 중반이구요 30대때부터 이자녹스만 쭉 쓰다가 단종!!! 이제품으로 리뉴얼 된거 같드라구요... 썬크림!!! 자외선 가리는 용도와 얼굴에 붉은끼를 잡아주는 베이지색... 저에게 딱입니다... 기미 주근깨... 낚시와 캠핑을 자주하다보니 그래도 이거 바르면 촉촉하고 붉은끼 잡아주고 잘쓰고있어요...
5,"○ 이자녹스 유브이 선프로 365 데일리 커버 선크림 SPF50+ PA+++ ○ ㅡㅡㅡㅡㅡㅡㅡㅡㅡㅡㅡㅡㅡㅡㅡㅡㅡㅡㅡㅡㅡㅡㅡㅡㅡㅡㅡㅡㅡㅡㅡ 이자녹스 365 데일리 선크림은 제가 좋아하는 선크림으로 자주 구매해서 사용하고 있는 제품이에요. 메이크업 베이스 성분이 함유되어 있어 피부 톤업이 되는 제품이라 쌩얼에 발라도 피부가 환해져서 좋더라구요. 또, 워터프루프 기능이 있어 더운 날씨에 발라도 땀이나 물에 강해 눈 따가움이 없어요. 이렇다보니 선크림은 이자녹스 데일리 선크림만 바르게 되는것 같아요. 자연스런 톤업으로 남자가 발라도 자연스러워서 남녀공용으로 사용하기에도 좋아요. 저는 남편과 함께 같이 사용하고 있네요. 제형도 부드러워 뭉침없이 고루 잘 발라져요 ~~~ 이자녹스 365 데일리 선크림은 ✔️ 피부진정과 보호 성분인 해송성분도 함유되어 있어요. ✔️ 부드러운 텍스쳐 ✔️ 워터프루프 ✔️ 톤업 선 땀이나 물에 강하고 톤업까지 되니 아주 만족스러워요. 스킨케어 마지막 단계에 발라주면 피부 보호도 되고 자외선 차단을 시켜주니 잊지 않고 꼭 챙겨주고 있네요^^ * 내돈내산 후기입니다. ㅡㅡㅡㅡㅡㅡㅡㅡㅡㅡㅡㅡㅡㅡㅡㅡㅡㅡㅡㅡㅡㅡㅡㅡㅡㅡㅡㅡㅡㅡㅡ ◆ 주문일자 ㅡ 10월 25일 ◆ 배송일자 ㅡ 10월 26일 ◆ 내용량 ㅡ 70ml ◆ 소비기한 ㅡ 27년 5월 12일 까지 ㅡㅡㅡㅡㅡㅡㅡㅡㅡㅡㅡㅡㅡㅡㅡㅡㅡㅡㅡㅡㅡㅡㅡㅡㅡㅡㅡㅡㅡㅡㅡ"
5,코로나 이후 선크림 정말 오랜만이네요 화장도 잘 안하고 나가기도했고 민낯에 마스크를 주로 끼다보니 그랬나봐요 화장을 하더라도 연하게 하니까 자칫 두꺼워질까 파운데이션 얇게만 살짝 바르고 하다가 아무래도 날씨도 더워지고 이젠 썬크림은 발라야겠다 싶어 주문했어요 모든피부에 가능하고 자외선 차단기능이 있고 자외선 차단지수가 SPF50+ 사용기한은 25년 8월15일 *자연스럽게 자외선 차단도 되면서 가벼운 톤업까지 되는 선크림 *야외활동이 땀 물에 강하고 지속력 좋은 선크림 *부드럽고 매끈하게 발리는 선크림 *피부 진정에 도움이되고 하나만 발라도 메이크업 효과가 나며 물에 강한 워터프루프까지 발라보니 다르네요 하얀색이 아니라 연핑크 비슷한 피부톤과 비슷해서 화사하고 밝게 톤업이 되네요 번들거리지도않고 부드럽게 발림성이 기분좋게 하네요 이자녹스 제품 클리어 점보 선 스틱을 써본적이 있어서 이자녹스 제품 좋은건 알고있답니다 앞으로도 화장을 할때나 민낯일때나 매일 발라야 되겠어요 자외선은 노화의 원인이잖아요 놓치지마세요 우리 피부는 소중하니까요~~^^♡
5,"벌써 몇 번째 재구매인지 모르는 제품~~~!! 예뻐보이는 효과가 있는 ^^ 메이크업효과를 보여주는 365 데일리 커버 썬크림이에요!! 왜 그럴때 있잖아요. 메이크업 다 지웠는데..... 갑자기 누가 오거나 나가야 할때...... 그럴때 이거 하나만 바르면 끝!!!이에요^^ * 강력한 자외선 차단력과 * 물과 땀에도 강한 워터프루프!! 게다가 피부 진정과 보호 성분이 들어있어서 부담없이 바를 수 있어서 좋아요. 저희 친정 어머니도 이 제품으로 사용하시는데, 먼저 엄마가 구매해서 사용하시던걸 제가 놀러가서 발라봤는데 너무 좋아서 그 뒤로 계속 구매해서 쓰고 있거든요 ㅎㅎㅎ 텍스쳐도 너무 물처럼 흐르지도 무겁지도 않고 부드럽게 잘 발려요. 원래 선크림이 대부분 색상이 하얀색인데 이거는 피부톤에 비슷한 색상이라서 그런지 화장한듯한 효과도 주면서 뭐랄까.... 톤업이 되는 그런 느낌도 있어서 너무 좋아요!!! 선크림은 1년 365일 바르는거 아시죵?ㅎㅎ 게다가 지금 이 제품 할인해요...!!! 저렴할때 미리미리 구매해두세요~~^^ 제 후기가 조금이나마 도움이 되었길 바랍니다. 감사합니다!"
5,"이 제풍을 5년째 계속 사용 중입니다. 제 피부는 지복합성에, 피부톤은 약간 어두운편입니다. 피부가 지성이라 그런지 얼굴에 뭔가를 많이 바르는걸 별로 좋아하지 않습니다. 또한 얼굴이 답답하거나 끈적거리는걸 무척 싫어하고요. 그런 저에게는 딱 입니다. 제형이 굉장히 부드럽습니다. 조금만 짜서 쓱쓱 펴발라도 부드럽게 넓게 잘 발립니다. 제형이 꾸덕거리는 스타일이 아니라 끈적이지도 않고요. 향도 나쁘거나 거북하지 않아 부담 없습니다. 무엇보다 제가 요 제품을 애용하는 첫번째 이유는 커버력입니다. 분명히 썬크림인데 썬크림+파운데이션 느낌이랄까~ 커버력이 좋아요. 저는 요 썬크림 바르고 팩트 바르고 끝~ 동네 다닐 때는 썬크림만 바르고 그냥 다녀요. 어느정도의 커버력이 있어서 너무 좋아요. 자외선은 우리 얼굴에 홍조는 물론 피부건조, 탄력섬유를 파괴하여 피부탄력을 떨어지게 만드는 원인이 됩니다. 그래서 누가 그러더라고요. 비 내리는 날에도 썬크림은 발라야 한다고요^^ㅎㅎ 저는 앞으로도 계속 쓸 예정입니다. 저 같이 지복합성 피부이면서 얼굴 답답하고 끈적이는거 딱 싫어하는 분들 이라면 좋은거 같아요~^^"
5,사용기한_2028.02.24 70ml SPF 50+ 국내산 피부가 좋아보이고 환해져요.
5,"이자녹스 선크림을 쿠팡통해 사용해보았는데, 기대 이상으로 만족스러웠습니다. 가볍고 산뜻한 텍스처 덕분에 끈적임 없이 피부에 잘 흡수되어 메이크업 전에 발라도 부담이 없었어요. 백탁 현상도 거의 없고 자연스럽게 피부톤이 보정되는 느낌이 좋았습니다. 장시간 야외활동을 했음에도 불구하고 자외선 차단 효과가 확실히 느껴졌고, 건조함이나 자극 없이 촉촉함이 오래 유지됐어요. 특히 민감한 피부에도 자극이 없어서 믿고 사용할 수 있었습니다. 최근에 해 여행을 나갔다가 제가 피부가 다 뒤집어져서 선크림에 중요성을 알게 됐는데, 이 썬크림은 번들거림도 없고 피부도 거의 타지 않아서 기능 면에서도 완벽한 거 같애요. 그리고 이자녹스 라는 브랜드는 어렸을 때부터 부모님이 사용하시던 브랜드 이기 때문에 믿고 사용할 수 있다는 장점도 있었어요. 앞으로도 이 제품을 계속 꾸준히 구매해서 사용할 것 같습니다. 구매를 추천 드려요."
5,"마스크도 거의 매일 쓰고 있고 화장하기 귀찮아서 약 1년 넘게 톤업 선크림&선쿠션 다양하게 써보고 있어요. 올영에서도 사고 여기저기서 사서 썼는데 마침 선크림이 필요해서 골라보던 중, 이모가 즐겨 쓰는 선크림이라 들었던 기억이 나서 구매해봤어요. 발림성은 나쁘지 않고 피부톤을 살짝 정리 해주는 느낌의 톤업이 됩니다. 하지만 커버력을 기대하신다면 만족 못하실 거 같아요. 바른 후 번들거리지 않고 피부 표면이 매트해졌어요. 시간이 지나서 유분이 나와도 얼굴은 건조한 느낌이 유지되었고요. (수분 부족 지성 피부) 저는 수분 부족한 지성이라 번들거림은 없어서 좋았는데 상대적으로 건조한 U존 턱라인이 많이 건조하게 느껴졌어요. 아무래도 건성 피부는 기초를 더욱 공들인 후에 사용 해야 할 것 같다고 느꼈습니다. 다른분들 상품평에도 같은 의견이 많네요. 건조함, 여름용 [장점] - 70ml 용량! - 발림성! - 매트한 피부 표현 가능! - 피부결 정리 톤업! - 향긋한 향! [단점] - 건조함 - 커버력이 약함 * 생얼 - 톤업 - 화장 : 이 3단계에서 생얼과 톤업의 중간입니다. 생얼로 나가기 민망 할 때, 커버력 보다는 자연스러운 피부결 보정을원할 때 추천하는 선크림이에요. 더욱 화사한 톤업과 화장에 가까운 커버력을 원한다면 비교한 다른 제품을 추천해요."
5,《 이자녹스 유브이 선 프로 365 데일리 커버 SPF50+ PA++++ 》 ========================================================== ○ 구매일자 ㅡ 10월 3일 ○ 배송일자 ㅡ 10월 4일 ○ 내용량 ㅡ 70ml x 5개 ○ 유효기간 ㅡ 27년 5월 12일 ========================================================== 이자녹스 365 데일리 커버 선크림은 제가 꾸준히 구매해서 사용하고 있는 선크림이에요. 메이크업 베이스가 함유되어 있어서 자연스럽게 커버가 되고 톤업이 되다보니 너무 좋더라구요. 쌩얼 일때도 선크림만 바르면 톤업이 되니 여름내내 잘 사용했거든요. 집앞에 나갈때 메이크업 하긴 부담 스럽고 선크림 하나만 발라주면 되니 좋았어요^^ 자연스런 톤업 이라 남편도 함께 사용중이에요. 워터프루프 기능도 있어서 눈 따가움도 없고 지속력도 좋아 선크림 중에서 제일 만족스런 제품인것 같아요. 제형도 부드러워서 발림성도 좋아요. 역시 선크림은 이자녹스 선크림이 제일 만족스럽네요 ^^ ==========================================================
5,예전부터 매일 바르는용으로 잘 쓰고 있어요. 그땐 가격이 착해서 시작했는데요. 지금은 체감상인지 가격이 좀 형성된 듯 해요. 그래도 다시 백~해서 왔어요. 요거 주문전에 무기자외선 차단제 한번 사봤어요. 장점이 있지만 그동안 써오던 습관인지 이전의 것의 장점을 뒤늦게 알았어요 그래서 상황에 따라 겸해서 쓰려고 두가지 다 쓰려구요. 평소 화장을 많이 하지 않고 선크림베이스에 쿠션팩트만 발라요. 무기자외선차단제가 바르고 바로 햇빛 차단하는 장점이 있지만 쿠션바를 때에는 유기자외선차단제가 흡수가 잘되어서 더 낫더라구요. 이자녹스선크림이 선크림기능 뿐 아니라 베이스 기능이 좀 있어서인지 쿠션바르기전에 데일리로 쓰기 좋더라구요. 발림성이 좋고 흡수도 잘되구요.
5,어머 어머 이건 완전 대박입니다 상품평 쓰기 전부터 추천합니다 엄마가 쓴다고 주문해 달라고 해서 주문했는데 저 하나 쓰라고 주더라구요 혹시나 하는 마음에 썼는데 완전 제 스탈 입니다ㅋㅋㅋㅋ 사실 발림성은 좋지는 않아요 뻑뻑하지는 않은데 오래 발라줘 야 하얀 부분이 사라지더라구요 꼼꼼히 다 바르고 나면 얼굴이 생기가 돌고 화사한 느낌이 들어요 사진 보는 그대로 밝지도 않고 어둡지도 않고 딱 좋아요 커버력은 생각도 안 했는데 의외로 커버도 살짝 되네요 이런 가격에 이런 제품이라면 앞으로도 재구매 의사 있어요 향도 은은하게 나서 좋아요 겨울철에는 건조함 도 잡아주고 광채 효과를 줄 수가 있어요 하지만 지금은 점점 더워지니 번들번들 거리는 느낌이 나네요 그래도 저는 이 제품이 좋아요 추천합니다 추천합니다
5,"꾸준히 사용하고 있는 제품입니다. 현재 대학생 딸과 함께 사용하고 있고 우리가족 피부엔 맞는지 아들, 딸, 남편 . 가족 모두 사용해봤는데 자극없이 편안하게 잘 사용 했었어요. 전 기초화장 후에 항상 바르는데 톤업도 되고 메이크업베이스 기능과 선크림대신에 사용을 하니 좋더라구요. 끈적임도 거의 없고 얼굴이 좀더 환해보이는 것 같아 만족하며 바르고 있어요. 발림성도 좋고 얼굴 들뜬현상도 없어 색조화장을 안하는 날에도 기초화장 후엔 꼭 이제품 까지는 바릅니다. 예전부터 현재까지 만족하며 사용하는 제품이고 맘에드는 다른 제품을 발견하지 않는 한 앞으로도 계속 재구매해서 사용할 생각입니다.^^"
5,"이자녹스 UV 선 프로 365 데일리 커버 선크림 사용 후기 요즘 같은 강한 햇빛 아래, 선크림 하나만으로 자외선 차단 + 자연스러운 톤 보정 + 밀림 없는 지속력까지 챙기기란 쉽지 않죠? 하지만! **이자녹스 UV 선 프로 365 데일리 커버 SPF50+ PA+++**는 “톤업 선크림의 끝판왕”이라 해도 될 만큼 기능과 실용성 모두 완벽했어요. 1. 강력한 자외선 차단력! SPF50+ PA+++ ✔️ 자외선 A, B 모두 완벽 차단하는 고지수 선크림 ✔️ 실외 활동 많은 날에도 걱정 없는 생활·야외용 겸용 ✔️ 땀과 유분에도 무너지지 않는 지속력에 감탄! 햇볕 쨍한 날 외출했는데도 피부가 붉게 달아오르지 않아 믿고 쓸 수 있었어요. ✨ 2. 자연스러운 톤업 + 커버 기능까지! ✔️ 하얗게 뜨지 않고 피부 톤을 은은하게 정돈 ✔️ 화장 안 하는 날엔 베이스 대용으로도 가능 ✔️ 모공, 홍조, 칙칙함까지 살짝 커버되는 느낌이 굿! ✔ 특히 화장하기 귀찮은 육아맘, 재택근무족에게 강력 추천! ✔ 파운데이션 따로 바를 필요 없이 이 선크림 하나로 끝나요. 3. 가볍고 산뜻한 발림성 ✔️ 미끌거리지 않고, 뻑뻑하지도 않음 ✔️ 촉촉한 크림 제형이지만 끈적임 거의 無 ✔️ 바르자마자 보송하게 마무리돼서 메이크업 밀림도 없어요 기초 케어 후 바로 발라도 겉돌지 않고 착! 붙는 느낌이라 바쁜 아침 루틴에 딱 맞아요. 4. 넉넉한 70ml 대용량! 데일리용으로 최고 ✔️ 한 손에 딱 잡히는 튜브형, 위생적이고 사용감도 부드러움 ✔️ 데일리로 매일 넉넉하게 써도 오래 가는 용량 ✔️ 가방에 쏙 들어가서 외출용으로도 딱! 휴대성도 좋고, 양도 넉넉해서 가성비 좋다고 느꼈어요. ✅ 총평 ✔ 자외선 차단력 ✔ 톤업 커버력 ✔ 발림성 ✔ 재구매 의사 100% ""화장 안 한 듯 자연스럽고, 피부는 한 톤 더 생기 있게!"" 이자녹스 데일리 커버 선크림, 매일매일 꺼내 쓰게 될 거예요 ☀️"
5,10년 넘게 사용하고 있는 제품입니다. 메이크업 베이스 기능이 있어 색조 화장에 젤 첨으로 바르고 있어요. 기초화장에 이제품만 발라도 얼굴이 화사해보이고 자외선차단 까지 되니 거의 매일 바른답니다. 지금까지 트러블이 없었으며 딸이 대학생이 되서 처음 화장할때도 이제품으로 시작했답니다. 그뒤로 항상 같이 사용하고 있구요. 지인에게도 소개시켜주니 자외선차단도 되고 얼굴도 한층 톤업된듯 뽀옇게 보인다며 좋아하더라구요. 앞으로도 계속 재구매해서 사용할 생각입니다.
5,40대 중반이 다가오니 썬크림을 많이 바르게 됩니다 맨얼굴로 다니기에는 좀 민망하더라구요. 스킨로션 바르고 요 썬크림바르면 피부톤이 조금 밝아보여요. 약간 묽은편이긴한데 바르고나면 촉촉한 느낌입니다
5,선크림 처음 구매한 제품입니다 발랐을때 것도는 느낌 허옇게 떠있는듯 한 얼굴 꾸준히 써봐야 알것같아요
5,"약간의 피부 보정도 되면서 피부가 윤광이 나게 해주네요. 끈적임도 없어 왜 후기가 좋았는데, 직접 써보 알수 있었습니다. 구매동기 선크림이 쓰던걸 잃어버려 급하게 주문했어요. 할인 많이 하길래~그리고 브랜드꺼라 믿고 주문했습니다. 사용감 첨에 파운데이션인가? 하는 생각이~하얀색 아니고 살색빛이 돌았거든요. 근데 바르니 피부가 갑갑하지 않고, 밀착 되서 발리는 느낌이었습니다. 사실 선크림 + 연한 파운데이션? 베이스 느낌이었어요. 뭐, 하나로 모두 해결되니 편하네요!"
5,워터프루프인줄 모르고 선크림 필요해서 가격만보구서 2개 구매함. 받아보니 워터용이구나 하고 반품할까하다가 그냥 사용함. 첫발림은 로션처럼 부드럽다가 점점 비빌수록 찐득해져서 첨에는 이게모냐?했는데 사용하니 땀이 흘러도 지워지지않아서 좋음. 이래서 워터프루프선크림을 쓰는구나 생각함. 사용시 빠르게 발라주는 요령이 생기니 워터프루프 제품이 맘에듬. 이젠 그냥 선크림 바르면 뭔가 허전함. 톤업도 되니 다른거 안바르고 이것만 바르고 그냥 나감. 시간 단축되고 좋음.
5,발림 좋고 끈적이는거 없고 향까지 은은하니 좋네요. 흰색은 아니고 약간 살색정도네요.
4,"저는 40대 중후반 복합성 피부를 가진 여성입니다 잡티는 요즘들어서 옅은 기미가 아주 살짝 올라와서 썬크림 신경써서 바르고 있어요 예전에는 로레알에서 나오는 매트제품만 썼었는데 아무 색상도 없는 선크림이라 그런지 어느순간 살짝 색이 있는 제품을 써보고 싶어서 이거 다음으로는 같은 계열 로레알 베이지색상 선크림을 썼지요 적당히 촉촉하고 그렇다고 막 끈적이진 않았구요 저는 이거 바르고 위에 파우더 팩트를 아주 살짝 얹어서 피부화장을 마무리합니다 하.지.만 요즘 들어서 로레알베이지색상 선크림만 안나오고 있어서 급하게 주문하게 된 이 제품.. 두 제품을 비교하자면 이 제품은 톤업제품에다가 바를때는 잘 펴발라지지만 요즘 같은 계절에는 살짝 건조한 느낌도 나구요 제 피부톤이 21호 정도되지만 아주 살짝 더 밝은 느낌이... 로레알 베이지색상 선크림은 톤업제품은 아니라서 제 피부색에 찰떡같이 잘 맞고 적당히 촉촉해서 위에 파우더팩트를 살짝 올려도 시간이 지나면 유분기가 살짝 올라오지만 요즘같은 계절엔 건조하지 않아서 좋네요 이왕 샀으니 한통은 열심히 발라보려 합니다 제 글 읽어주셔서 감사합니다 도움되신 내용이 조금이라도 있으셨다면 ""도움이 돼요""한번씩만 클릭 정중히 부탁드립니다!! 항상 도움되는 후기 쓰도록 하겠습니다!!"
5,여행갈때 쓰려고 주문했어요 부트럽고 향도좋고 잘발려요
5,향도 은은하고 기본 색이 있어어 이거 하나만 바르고 다닙니다. 골프 라운딩때도 이거 하나만 바르니까 적당히 피부표현도 되고 덧발라도 뭉치지 않고 자극도 없고 시간단축도 되고 아주 좋습니다. 가성비도 좋아 계속 사용할 계획입니다.
5,톤업되는 썬크림 찾는데 민낯을 자연스럽게 커버해줄 썬크림이 필요했음. 건성피부라 바른후 건조함이 느껴지면 곤란한데.. 이자녹스썬크림 생각보다 괜찮음. 건조함을 완벽하게 잡아주진 않지만 기초꼼꼼히(크림까지)하고 발라주면 굿~ 원래쓰던건 에스쁘아제품인데 건조피부에 최강인 제품임 근데 톤업효과는 미미함 그래도 좋아서 꽤 오래썼는데 지겨워서 외도중 ㅋㅋ 이자녹스썬크림 최대 장점은 자연스러운 톤업임 내얼굴을 있는 그대로 최상의 상태로 만들어주는 느낌? 왜 그런날 있지 않음? 너 오늘 피부 좋아보인다~? 딱 그런상태가 됨. 적당히 톤업효과가 있어서 메이크업시 베이스역할도 해주어서 어느정도 얼굴톤을 일정하게 정리해주니 똑같이 메이크업해도 피부가 훨씬 깔끔하게 표현되고 지속력도 좋아지는걸 느낌 특히 남성분들..자신의 피부를 자연스럽게 좋아보이게 해줌 오버스런 느낌 전혀없음 남녀모두 만족할 제품임 그래서 남편도 애용함 이뻐졌음 ㅋㅋ
4,이자녹스 UV 썬 프로~~ 오래전부터 요것만 사용 합니다~ 썬크림과 비비가 동시에~ 피부 커버력도 좋아요~ 끈적이지 않고 발림성 좋아요~ 요것만 발라도 피부가 화사해져요~ 잠깐 외출시에 간단히 바르면 뽀사시~ 시간절약~좋아요~ 유통기한 2027년5월~ 최근 제품이네요~~ 추천합니다 ~~^^
5,몇년동안 꾸준히 매일 바르고 있는 제품입니다. 기초화장 후에 바른후 그뒤 쿠션을 바르고 색조화장을 하지요. 색이 첨가되어 있어 얼굴이 더 환해보이고 자외선차단 기능도 있어서 더욱 맘에 드는 제품입니다.이번에 할인을해서 3개를 미리 사놓았네요. 유통기한도 길어 한동안 잘 사용할것 같습니다. 이번처럼 또 할인을 한다면 재구매 할 생각입니다.
5,ㅡ추천피부 : 지성피부에 적합하고 건성에게는 비추 핑크톤 아닌 베이지색이라 쿨톤에게 추천 ㅡ바른 후 : 끈적이지 않음 번들거리지않고 매트한 편 부드럽게 발림 ㅡ효과 : 베이스 기능이 있어서 화장한것처럼 화사함 재구매의사 있음 !
5,"부담 없이 매일 쓰기 좋은 톤업 선크림이었어요. 가벼운 발림성과 자연스러운 톤 보정 효과 덕분에 바르는 즉시 피부가 맑아 보이는 느낌이 들었어요. 끈적임 없이 산뜻하게 마무리되면서도 적당한 촉촉함이 있어 건조하지 않고, 메이크업 전에 사용하기에도 좋았어요. 자외선 차단 지수가 높아 실내외 어디서든 안심하고 사용할 수 있는 점도 마음에 들었어요. ⭐️ 가볍고 부드러운 발림성으로 피부에 밀착됨 ⭐️ 자연스러운 톤업 효과로 피부가 맑아 보임 ⭐️ 끈적임 없이 산뜻한 마무리감 ⭐️ SPF 50+ PA+++로 강력한 자외선 차단 ⭐️ 데일리로 부담 없이 사용 가능 ❤️ 무겁지 않고 자연스럽게 피부 톤을 정리해주는 데일리 선크림으로 만족스러웠어요. 피부가 답답하지 않고 촉촉하면서도 산뜻하게 마무리돼서 앞으로도 꾸준히 사용할 것 같아요!"
5,주사피부염에 홍조까지있어서 멀발라도 붉은편이고 예민한편인데.. 이건 피부가 너무 깨끗하고 이뻐보여요! 과하게 화장한거같지도않구! 내피부 자체가 이뻐보이네요! 썬크림 효과도잇어서 이거하나만 쓰는데도 피부톤이 너무이뿌네요~^^ 인생템을 만났네요!ㅎㅎ우리엄마한테 감사하네요 엄마꺼 몇번발라보고 좋아서 구매햇는데 너무좋아서 친구들한테도 선물할려고 두개 더구매햇네요~^^ 진짜 좋음!
5,"이 제품은 오랜기간 동안 쭉 써오던 제품입니다. 최근에 다른 제품도 써보자 싶어 다른 브랜드들도 써보았는데, 톤업 기능이 좀 아쉽더라구요. 이 제품이 만족스럽지 않아 다른 브랜드 제품을 쎃던것이 아니어서 원래 쓰던 이 제품으로 다시 돌아왔네요. 발림성이 참 부드럽고 좋아요. 뭔가 뻑뻑하지도 뭉침이 있거나 하지도 않고 쉽게 슥 발리는 느낌 좋습니다. 톤업 기능이 좋은 편이어서, 기초후 이 제품 하나로 끝냅니다. 뭐 그래도 외출시 크게 신경쓰이지 않네요. 용량도 70ml로 많은 편이어서 꽤 오래 쓰더라구요. 피부가 예민한 편인데, 오랜시간 동안 특별한 트러블 없었구요. 자연스런 톤업이 가능해서 만족합니다^^"
5,여름에 필수품 좋아오ㅡ♡♡♡ 1+1이라 가성비도 좋습니다!!!
4,브랜드도 맘에 들고 제품도 무난하고 괜찮아요 ᆢ 양도 많아서 맘에 들어요 ㅎㅎ
5,친정엄니 추천으로 샀어요. 극찬을하시길래.. 적당히 톤업되고 피부결이좋아보여 잘산것같아요. 유통기한도 길어 만족!!
5,"- 차단력: 이자독수 UV 선크림은 SPF 50+ PA++++로 강력한 자외선 차단 효과를 제공합니다. 많은 사용자들이 이 제품을 사용한 후 피부가 햇볕에 타지 않았다고 보고하고 있어요. - 발림성: 크림의 질감이 부드럽고 가벼워서 피부에 잘 스며들고, 끈적임 없이 산뜻한 느낌을 줍니다. - 피부 자극: 민감한 피부를 가진 사용자들도 이 제품을 사용해도 큰 자극이 없어요 이자독수 UV 선크림은 뛰어난 차단력과 발림성, 그리고 피부에 자극이 적은 점에서 좋은것 같아요. 여름철 자외선 차단을 고민하고 있다면, 이 제품을 고려해보는 것도 좋을 것 같아요. 사용 후 피부가 건강하게 유지되는 느낌을 받을 수 있어요"
5,얼굴이 환하게 발려져서 파운데이션 따로 없이도 사용하기 좋아요
5,좋은 제품이네요 발림성 좋고 자극성 없어서 외출할때 살짝 바르고 나가도 부담이 안될듯 합니다
5,엄마가 몇년째 쓰시는거라 샀어요~ 선크림 다쓰셨다고 해서 어버이날 선물로 드리려고 합니다. 저도 써봤는데 부드럽게 잘발리고 얼굴이 뽀샤시하게 톤이 괜찮더라구요~
5,저는 이자녹스 제품이 피부에 맞아서 항상 이자녹스 제품만 사용하고 있습니다. 이제품도 꾸준히 사용하고 있는 제품이구요. 메이크업베이스 기능에 자외선차단까지 한번에 되니까 항상 기초를 바르고 색조화장하기전에 사용합니다. 피부에 잘 발리고 화사하게 적당히 커버까지 되니까 편리하게 잘 사용하고 있습니다. 앞으로도 다른 새로운 제품이 나올때까지 꾸준히 사용할 계획입니다. 또한 다른 곳보다 가격도 괜찮은듯 싶네요.^^
5,약간의 색조가있어 얼굴색이 환해보여서 좋아요 촉촉하고 얼굴에 착붙는 느낌입니다.
4,땀에도 강하고 적당한 보정효과도 주고 오랫동안 사용해오는 제품입니다
5,평소에 썬크림과 에스티로더 더블웨어 파운데이션 섞어서 바른뒤 수정화장은 헤라쿠션 사용하는데 유튜브 메이크업 영상을 우연히 보고 썬크림기능이 있는 톤업크림 사용하는걸 보고 바로 검색하고 주문하게 되었습니다. 이자녹스는 오래전에 기초화장품으로 많이 사용했던 브랜드라 믿고 걍 주문해서 써보기로 작정했답니다. 역시 순하고 부드럽게 발리는 톤업크림이었네요. 제가 사용하기에 톤업효과는 약하지만 나름 일반 썬크림보다는 화사해보이긴 했습니다. 많이 촉촉하지 않아서 조금은 아쉬웠는데 그럭저럭 사용할만했습니다.
5,얼굴을 밝게해주고 선크림 효과도 좋아서 몇년째 사용하고 있는 제품이에요. 부모님도 트러블 없이 꾸준히 잘 사용하셔서 자주 선물해 드려요
5,계속 같은 제품을 사용하고 있는데 좋아요 제품에 만족합니다.
5,처음 사본 제품인데 발림성도 좋고 톤업썬크림답게 바르는 순간 톤업이 제대로 되요. 화장한 느낌나서 더 좋아요. 가까운 곳에 갈땐 이거 하나 바르고 나가도 괜찮아요
5,"날씨가 점점 더워지네요ㅜㅜ 썬크림도 바르고 파운데이션도 바르니 넘 번거로운 계절이네요 요 제품은 만족도 높아서 계속 재구매하고있는 썬크림이예요 톤업이 다른제품보다 훨 잘되는같구요~~ 발리는 제형도 좋구여, 밀착감도 타제품에 비해 월등히 좋은것 같아 추천합니다!!! 요즘은 집근처 다닐때는 파운데이션 아예 생략하고 요것만 바르고 댕겨요ㅎㅎ 유통기한도 아주 좋네요 무엇보다 저처럼 톤업도 좀 되는 썬크림 원하시면 요제품 써보시면 좋을것 같아요 전 계속 재구매할 정도로 아주 만족하며 잘 사용하고 있어요 가격도 비싸지 않으니 강추함돠^^"
5,"피부잡티가 넘 많아 썬크림은 사계절 필수템인데요 썬크림도 바르고 파운데이션도 바르고 또 마스크를 써야하니 그 과정이 넘 번거롭더라구요ㅠㅠ 다른제품도 다 써봤는데 만족스럽지않아 웹서핑해보니 이 제품이 괜찮다고해서 바로 주문했네요^^ 톤업이 다른제품보다 훨 잘되는같아 만족스러워요 발리는 제형도 좋구여, 밀착감도 타제품에 비해 월등히 좋은것 같아 추천합니다!!! 요즘은 집근처 다닐때는 화이데이션 아예 생략하고 요것만 바르고 댕겨요ㅎㅎ 저처럼 톤업도 좀 되는 썬크림 원하시면 요제품 써보시면 좋을것 같아요 가격도 비싸지 않으니 강추함돠^^"
5,좋아요. 연한 베이지색. 라이트 베이지색 입니다.
5,자주 사용한 제품입니다~ 제가 건성이고 썬크림만 사용을 편이라;.. 이제품을 사용할때가 제일 좋아요~ 저의 어머님도 좋아하셔서 이 제품만 주문한답니다~~ 추천해요~~^^
5,벌써 몇번째 재구매입니다. 얼굴이 화사해지니 BB나 다른건 안발라도 생기있고 건강해보여요. 여름필수템이라지만 매일매일 바르니 얼굴이 좋아지는것 같아요. 아주 잘쓰고있어요. 마니 파세요~♡
5,썬크림이 떨어져서 검색하다가 후기가 좋아서 구매했는데 좋네용 아이들 등원할때 마스크 쓰다가 피부땜에 안좋아서 썬크림만 바르고 나가는데 괜찮네요 피부톤 색깔이라서 가볍게 외출용으로 추천합니다^^
5,이자녹스 제품 좋은 것은 알고 있었는데 썬크림은 처음 사봤어요 용량도 70ML라 한 계절 사용하기 좋은 것 같아요 썬크림 한번 사용하면 다음해는 사용하기 좀 그렇더라구요 이 제품은 일단 좋은점은 자외선은 SPF50 + 이고 가벼운 톤업도 되는 썬크림이에요 부드럽고 매끈하게 발리고 야외활동에도 지속력이 좋고 워트프루프까지 된다고 하니 더 좋은거 같아요 살짝 화사하고 밝게 톤업이 되어서 이것만 하고 잠깐 나갈 때는 괜찮은 거 같아요 오랜만에 만족한 썬크림을 찾은거 같아요
5,피부가 따갑거나 그런건 없어요. 발림성도 좋고 뭉치지 않고 화사하게 연출됩니다. ^^ 가격도 착하고 이것만 쓰는중. ㅎ
5,"이자녹스 썬크림은 남편이 장기간 사용하고 있는 썬크림입니다. 몇 개씩 항상 주문해서 사용했었는데, 요즘은 신선하게 쓰고 싶어 두개씩만 구입하고 있어요. 남편이 자외선 차단과 얼굴 톤 정리 목적으로 사용하고 있어요. 바쁜 출근 시간에도 얼굴 톤 정리는 항상 하는 편이라서 남편에게는 없어선 안될 must have item입니다 UV지수도 좋고 발림성도 좋고 품질은 좋아요. 여러 종류의 썬크림이 많지만 그럼에도 바꾸지 않고 계속 즐겨 사용하는 제품입니다. 다 사용하면 또 구입하러 옵니다~"
5,"이자녹스 UV선 프로 365 데일리 커버 SPF 50+ 리뷰합니다. ---------------------------------------------------------- <구매동기> 이미 오래전에 구매했던 제품이었어요. 귀찮아서 잘 안 바르다가 보니 이미 날짜가 지나서 같은 제품으로 다시 구매하게 되었습니다. 쓰던 제품이 아무래도 무난하니까요. ---------------------------------------------------------- <향> 이자녹스 제품 향은 무던합니다. 너무 강하지 않아서 그냥 쓰기 좋아요. ----------------------------------------------------------- <질감> 너무 되지도 묽지도 않아서 일반적으로 펴바르기 딱 좋습니다. ------------------------------------------------------------ <성능> 얼굴이 타는지 안 타는지 사실 잘 모르겠어요 ㅋ 강한 햇빛아래 있는 건 아니고 일상용으로 쓰니깐요 선크림을 바르면 덜 타겠지 하는 마음으로 꾸준히 바릅니다. =================================== 직접 구매하여 사용해보고, 솔직하게 작성하였습니다. 제 리뷰가 도움이 되셨다면 도움이 돼요를 눌러주세요."
4,나이먹으니까 풀메이컵 하는거보다 가볍게 유브이 선프로 만 바르고 다니니까 편하고 좋아 자주 애용합니다
4,아직 사용해 보기전이라 사용해보고 다시 적을께요
3,"저는 되직한질감을 좋아합니다 쫀쫀한느낌이구요 색도 밝지않고 바른듯안바른듯 다 완벽한듯하였지만 바르는순간 아 잘못샀구나 피부에 밀착되는 느낌과동시에 덮어놓은느낌 찝찝한느낌 머 걍 아까우니 참을수있는선에서까지는 바르자였는데 ,선크림만 바른상태입니자) 클렌징하고 폼클하고 저는 워터든일반이든 선크림도 이중세안하거든요 저는 중건정입니다 건성쪽으로더가깝구요 알게모르게 볼록볼록 몇개가~~~ 면봉으로 짜니 피지가~~~어제 제가 쓰던 기본 선크림은 괜찬았는데 요건 먼가요? 아~~~~~~~~버려야하는 갈림길에 10 월달몇일안남았으니 바람 쌀쌀할때 한번더발라보고 또 그러면. 버려야겠습니다"
5,아직 사용해보지 않은상품입니다. 톤업크림을 찾던중 한번 써보려고 구매합니다.
5,남자친구 썬크림 다써서 선물해주려고 찾다가 구매해봄 톤업 되야하지만 인위적으로 허옇게 되는건 싫고 구렇다고 너무 비비 스러운것도 싫고 너무 끈적거려고 싫고 눈따가운것도 싫고 해서 열심히 검색해봄 결론: 만족함 자연스럽고 끈적임도 적은편 발림성좋고 남자친구랑 저랑 같이 사용해고 이질감 없음 각자 톤 완전히 다르지만 문제없음 선물 해주고 내가 더 많이 써서ㅋㅋㅋㅋㅋㅋ하나 더 사야할판
5,오랜기간동안 써오던 선크림입니다. 톤업 효과가 있는 선크리이어서 홍조가 있는 피부 타입에 적당해요. 전에 쓰던 타브랜드 제품도 좋았지만 봄의 강한 햇살에 얼굴의 홍조가 더해지는것 같아 처음 쓰던 제품으로 돌아왔네요. 발림성은 좋아요. 여성분들은 보통 기초 화장후 선크림 바르므로 크게 뻑뻑하거나하지 않을거구요. 선크림 효과와 톤업 효과 두가지를 필요로 하신다면 권해드려요~
5,가볍게 톤 업도 되고 아침등원때 세수하고 샤라락 바르고 나가기 편해요.ㅎㅎ! 많이 바르면 토시오처럼 되지만ㅋㅋ 금방 스며드는것 같아용ㅋㅋ 용량도 꽤 많습니당
5,촉촉하고 어느정도 커버도되고 괜찮네요 부드럽게 발라져서 엄마도 세일할때 사드려야겠어요~
5,"엘지생활건강에서 만든거라 성분도 비슷하고 좋아요. 썬크림 고를 때 첫번째 성분이 징크옥사이드 인것을 사는데 비욘드 피토가닉 썬크림, 비욘드 키즈에코 썬크림, 비욘드 미라클 포레스트 마일드 선 베이스 쓰다가 (단종될때마다 비슷한 성분 다른거 찾아서 씀) 같은 회사인 엘지 생활건강에서 나온 이자녹스 썬크림 성분을 봤더니 제가 찾던 사이클로펜타실로산이라 구매 후 써보니 끈적임도 없고 화장한거처럼 톤도 보정되고 단종안되면 계속 쓸 예정입니다."
5,선크림 이제품만써요 피부가 예민해서 자주 뒤집어지는데 이제껏 써본 선크림중 뒤집어지지않는 선크림이라서 일단 제품자체는 베이스가 있습니다~ 짜면 연한 살색으로 그리고 적당한 유분기와 발림성이좋아요~ 이것바르고 비비바르면 발릴때 더잘발리고 그리고 비비에 선크림 포함도있다고 선크림 안바르시는분들이 많은데.. 꼭선크림 바르세요.. 비비를 얇게바르지 선크림 양만큼 바르시지않으니까요ㅜㅜ.. 저는 쓰던거라 2개용 가장 저렴한곳에서 샀는데 2년이상 기한 넉넉한거 왔구요~ 처음 써보시는분들은 1개구매후 테스트후 구매하시길바랍니다~
5,다른제품보다 잡티 커버나 미백효과가 뛰어나서 좋아요 밝은피부를 원하시는 분들께 추천드립니다
5,피부톤업이 되고 묽기는 보통에서 묽은 듯 한데 바르면 피부에 촥 붙는 느낌이에요. 끈적임 없고 지속력도 좋은 것 같아 맘에 들어요!
5,"✅판매 가격: 12,740 (골드박스 특가) ✅구입 시기: 2024.4월 ⭐️제품 가격변동이 자주 있는편이라, 구입당시 금액 공유해요! ⭐️구입하실 분들은 현재 가격과 비교후 구매하시길 바래요✔️ ✔️골드 박스 특가로 12,740 에 샀어요~ 골드박스 끝난 지금 가격은 14,940 이네요~"
5,계속 구매하는 상품 저는 기초화장후에 이 썬크림 까지만 바르고 색조 하장을 해요 나이가 65세라ㅡ 화운데이션 또는 쿠션까지 바르면 얼굴에 잔주름이 많이 생기더라고요 그래서 살짝 끈기가 있는 썬크림 까징산 바르면 피부가 촉촉한 느낌이거든요
5,어머니가 아침에 밖에서 움직이는 일을 하셔서 주문해 드렸어요 사실 겨울 햇빛에도 해야 한다고 해서 잘 살펴본 후에 그래도 이름이 있는 이 제품으로 했습니다 아직 사용해 보시지는 않았지만 좋을거라 믿어요ㅎㅎ
5,선크림은 항상 매장에서 이자녹스 제품을 구입해썼는데 이번에 처음 쿠팡서 구매했어요. 용기가 바뀐건지 전에 쓰던것과는 좀 다르더라구요(리뉴얼된것같아요) 내용물도 다르면 어쩌나 했는데 다행히 차이를 잘 모르겠어요. 이제품은 메이크업 베이스가 함유된것이니 처음 피부에 바르면 하얗게 보입니다. 하지만 잘 펴바르고 시간이 좀 지나면 본인 피부와 잘 어우러져 자연스러워집니다. 재구매 계속 합니다.
5,엄마가 평소 쓰시는 제품이에요 재구매 원하셔서 사드렸어요 배송 금방 도착이고 유통기한 긴제품 보내주셔서 만족스럽습니다 감사합니다
2,후기보고 엄청 촉촉할줄알았는데 기대보다 뻑뻑해요 제피부가얇은편이긴하나 트러블거의없는 편이구요 이니스프리안티에이징세럼 썬 쓰다써서그런가 생각보다 뻑뻑하고 톤업도 내피부가어두워서그런지 둥둥떠보임요 후기보면 자연스런톤업이라던데 저처럼 까만사람은 둥둥될듯요 감안하고 사용하심될듯요 일단 파데섞어서 색맞춰서 다시써보려합니다 그래도 다른썬에비해서는 괜찮은거같기도하고 모르겠슴돠
4,"살짝 톤업두 되구, 발림성두 좋네요 워터프루프제품이라 세안에 신경써야할듯~"
5,여러해 전 지인께 선물받아 사용하기 시작했어요 365일 데일리로 사용중이고 이제품 사용 후 다른제품은 쓰지않습니다 기초화장품 바른 후 마무리단계에 바르고 나면 톤업도 되고 적당히 커버도 된답니다 늘 쟁여두고 쓰는 제품이네요
5,이자녹스 UV 선 프로 365 데일리 커버 SPF 50+ PA+++ 70ml 구매했어요. 한 10년째 이 제품만 사용하고 있습니다.
4,후기보고 주문하네요 잠깐 외출시에 바르려고 주문합니다 자연쓰럽고 좋아요.. 잘 쓸께요 후기- 정말 자연쓰럽고 얇게 발라지고 얼굴이 생기가 도네요 적당해서 이쁘네요.. 더 써보고 또 주문할께요 후기- 눈쪽이 건조하면서 불편하네요 눈 다크서클있어 살짝 발랐는데.. 시간 지나니 눈이 아프네요;;
5,건성피부이지만 악건성은 아닌데 이 제품을 사용하니 피부가 건조해지고 들떠서 봄에사서 몇번 사용후 아닌거같아 여름이 되어 이제야 씁니다. 지금쓰기엔 문안합니다~~ 톤업기능이있고 눈시림은 없는듯 합니다. 반드시 클렌징후 폼클렌징해야 세안이 됩니다 폼클렌징만으론 세안이 안되네요~~ㅠㅠ 지성피부엔 딱인거 같아요~~~~ 유분감이 전혀없음ㅎㅎ
5,색보정은 많이 되진 않지만 그래도 안한거보단 낫겠죠?? 저도 간단하게 바르고 나가기엔 좋은거 같아요 빨리 준비하고 나가야 할땐 정말 좋은거 같아요 ^^ 리뷰체택 부탁드려요^^
4,늘 사용하던 제품이라서 안심하게 사용할수 있어요 커버까지 되니 간편하게 쓸수 있어 더욱더 좋아요 자외선 차단 기미 예방에도 좋고 올 봄 여름 피부관리에 좋은 썬크림 잘쓰겠습니다
5,평소에 잘 사용하던 제품이에요 매장에서 살때보다 아주싸게 잘 샀습니다 메이크업 베이스. 효과도 있어 이것만 바르고 요즘은 쿠션바르지 않고. 눈화장만해도 좋아요 유통기한이 아주 길어요
5,이제품을 쓴지 10년이 넘은거 같아요..ㅎ 다른제품을 써봤지만 이것을 대신할 썬크림은 찾지 못한거 같아요.. 차단지수 높고 발림성 좋구 베이스크림 겸용이라 따로 베이스 크림을 바르지 않아도 되구여 몇번의 조금씩다르게 용기가 바뀌긴 했지만 내용물은 그대로라고 해서 또 재구매 했어요 많은분들이 같이 써보구 저처럼만족하셨음 해요..
5,5~6년 전부터 가끔씩 써오던 썬크림 이 선크림은 제가 오래전에 항상 쓰던건데 오랜만에 주문해보앗어요 바르면 얼굴이 약간 뽀얗게 보여서 쓰던 상품이예요 저같은 경우는 피부가 민감해서 쓰던 썬크림인데 저희 어머님은 피부가 조금 뽀얗게 보이는 선크림을 좋아해서 어머니 드리려고 삿어요 이 제품은 약간 얼굴이 하얗게 보이는걸 원하거나 민감한피부인 경우 잘 맞습니다
5,메이크업 배이스기능도 함께 들어있어 엄마가 꾸준히 사용하시다가 저에게 사달라해서 찾아봣는데 쿠팡이더 싸네요 ㅋㅋㅋ근데 약간 많이바르면 건조한감이 ㅋㅋ 춱춱한 감을 좋아하시는 분은 기초에 유분감잇는 제품을 바르고 그위에 바르는게 좋을듯합니다 기본 스킨로션만 바르고 바르기에 건성피부임사람에게는 조금 당겨요. 유분기 개기름 좔좔 울 아부지는 아주 만족하시네요
3,귀차니즘으로 인해 하나만 바르려고 샀음. 발림성도 좋고 약간의 톤업도 되는건 좋으나 다만 세안하기 전까지 끈적거리는 느낌이 계속되서 피부가 답답한 면이 있음. 볼에 머리카락이 붙기도 하고 눈이 피로해지기도 해서 다음에는 구매 안할듯.
5,상품을 쓰고 좋아서 재구매 하게 되었습니다 썬크림에 메이컵베이스 겸용이라 편해요~~^^ 운동을 해도 땀으로 씻기지 않는 워터 프루프효과로 더욱 좋아요 부드럽게 발리고 작은량으로 효과가 좋아요~~ 온가족이 같이 쓰니 편하고 튜브형으로 알뜰이 쓸수 있어서 편하고 만족합니다~~ 다쓰고도 재구매할 생각으로 추천합니다~~^^
5,아주 좋습니다 들뜨거나 미끄덩거리지 않고 피부에 스며들어요 피부톤도 환해지는 느낌이구요 앞으로 재구매하여 사용예덩입니다
5,늘 사용하는 제품이라 망설임 없이 주문했네요.썬크림을 바르면 약간 비비크림 바른느낌이라 좋은것 같아요
3,리뷰 잘 안쓰는데.. 이 썬크림은 너무 끈적입니다.. 이자녹스 화장품이라.. 평이할줄 알았는데.. 5회미만 사용하였어요 ㅠ 참고하시라고 올립니다 다른건 다 괜찮아요 그러나 끈적임이 제가 발라본 썬크림중 최고에요
5,친구가 추천해줘서 구매해봤어요 생각보다 묽어서 퍼프로 바르기 딱 좋구요 적당한 톤업이 있으나 커버를 원하시면 약할 수 있어요 집 앞 마트 갈 때 가볍게 바르기 좋아요
3,"최악의 선크림땜에 싼거 안사려고하다가 이자녹스라서 산건데. 깜놀. 첫사용한날 집에와서 메이컵 지우니 기미가 엄청 진하게 올라와있었어요. 타기도 했고. 고작 세시간 외출이었는데… 최악의 선크림은 바르기 힘들고,백탁이라고 생각했는데, 많이 발라도 기본역할을 못하는 경우가 최악인거같네요 ㄷ ㄷ 어떻게 자외선차단이 안될수있죠? ㅠㅠ"
5,항상 선크림 바르구 비비크림 위에 덧발랐는데 요즘은 이거 하나만 바르구 외출해요. 커버가 엄청 잘되는건 아닌데 적당히 돼요 오히려 화장 두꺼우면 인위적인데 화장 얇게 한 느낌이라 좋아요 벌써 2개 사서 쟁여놓고 쓰는중에요
5,매번 쓰는제품인데 끈적임이 덜하고 톤업도 되어서 좋은것 같아요^^
5,처음 사용하는 제품이라 고민했는 데 잘 발리고 화사한 썬크림임 덧발라도 좋고 톤업되어서 더 좋음 일단 용량이 많아 경제적임 개인적으로 바르고 나서 좀 있으면 번들거림 개인적으로 쓰던 제품과 달리 클렌징 세정이 잘 안되어 2-3번 꼼꼼히 해야함 재구매는 약간 망설여짐
3,원래 사려던게 이젠 안나오는듯해서 이걸로 주문했어요! 이것도 전에 써봤던거라 대충은 알고 샀는데 역시나 조금 묽고 커버도 약해요! 그치만 가격대비 만족스런 제품입니다. 전 이제품에 너무뻑뻑해서 안쓰는BB를 섞어서 쓰고 있어요~ 그럼 커버까지 일석이조가 되요! 집에 안쓰는 BB있으면 섞어서 써보세요~^^
4,어머님 드렸는데 너무 밝다고 하시네요 저희가 쓰긴 괜찮은데 어머님은 밝은 느낌이시라고 하니~ 색상만 밝지 쓰기는 괜찮다고 하셔서 우선은 이거 쓰시기로 했어요^^
5,엄마가 십년 넘게 이 제품만 쓰시네요. 가격도 처음보다는 올랐지만 그래도 착한 가격입니다. 트러블도 없고 땀나도 안 뭉게져서 엄마가 지속적으로 쓰고 계시니 저도 조만간 이걸로 갈아탈것 같아요. 강추입니다. 한번에 살때 4개이상 사서 쟁여놓고 쓰시니 말 다한거죠!^^
5,뜨거나 밀림 없이 사용 데일리로 사용 가능해요 썬크림만 바르면 시체같은 얼굴인데 요거하나면 커버까지 가능해요^^
5,로션처럼 부드럽게 잘 발리고 약간의 스킨컬러가 있어서 기초후에 이거 하나면 외출할때 좋아요~ 세번째 구매했어요~~사용기한도 넉넉하여 미리 구매해도 좋네요~~
5,쿠팡 한정특가떠서 원뿔로 알뜰 구매했어요. 올 해는 요걸로 해결~^^
5,한통 다 쓰고 재구매 했어요~ 자극없이 건조하지 않고 넘 좋아요
5,"워터프루프 썬크림으론 이게 젤 좋아요^^ 제 개인적 의견입니다만, 민감한 피부인 제게도 트러블 한번 없이 잘 사용중인 썬크림입니당~ 저는 365일 이 제품만 써요~ 5년째 쓰구있구요~ 주변에 추천도 많이한답니당~ 번창하세요~♡"
5,썬크림만 발라도 화장을 한 듯 해서 좋으네요 썬크림을 바른 후 화인데이션을 챙겨 바랐는데 썬크림 하나로 화인데션을 바른 것처럼 피부가 환하네요 너무 좋아요
5,향좋고 발림성 좋아요 커버력은 썬크림만큼 입니다 커버톤업은 높은것같지 않아요
3,"이자녹스 UV 선 프로 365 데일리 커버 SPF 50+ PA+++, 70ml, 1개 구매 * 백탁 현상이 심해요 * 다른 것으로 다시 구매 했어요"
4,선크림이 조금 묽은 편이고요 색소가 들어 있어서 화장 따로 하지 않아도 됩니다 발림도 금새 되고요 조금 답답한 것은 어쩔 수 없는 선크림 기능 때문인 것 같습니다 그런데 땀이 나서 손수건으로 닦으면 손수건에 색소가 묻어나서 좀 불편하긴 합니다
3,썬크림 한철쓰고 자주 구매하게 돼는데여 끈적임 없어 좋은거 같구여 피부표현두 가능해서 좋은듯 합니딘
2,발림성도 괜찮은편...인데 번들거림과 끈적거림이 있어요.. 내피부가 건조한편인지 시간이 조금 지나니 피부가 당기는 느낌이 있어서 잠깐 외출할때만 쓰고 일찍 나갈땐 수분감 있는 제품으로 다시 구매했어요ㅠㅠ
1,바르면 촉촉하지 않고 건조함이 심하고 땡겨요. 지성용이에요. 바르면 피부가 심하게 건조하고 땡기고 눈가에 주름골이 심하게 생기고 최악이에요. 남편도 바른후에 주름이 심하게 잡힌다고 바르지 말라고 하구요. 피부 땡김이 아주 심해요.
5,썬크림은 이자녹스껏만 사용하는데 우선 끈적거리지않아서 좋습니다! 미백효과도 조금있는거같아서 평소에는 미백크림을 따로 바르고 썬크림을 바르는데 이제품은 그냥 발라도 미백 효과가 조금있어요 ㅎㅎ 남자들도 사용해도 좋습니다!
5,자외선 차단은 물론 피부 결점을 가려주는 파우데이션 역할도 하여 피부가 더 깨끗해보여요 추천드립니다
5,"막 특별하진않고 딱 가격만큼 쓰기좋아요, 데일리."
3,LG제품은 믿고 쓰는거라 질은 괜찮다고 생각해요 다만 재고 상품인지 박스가 더럽고 눌려 주둥이도 열려있고 정말 성의 없이 상품을 보내셔서 택배 비닐을 뜯고 놀랬어요
5,처음엔 흰색인지 베이지색인지 색상이 안 적혀있어서 살까말까 망설이다가 발라보니 살색이라 썬크림을 매일 메이컵베이스처럼 바르고 다니는 여성분들에게 아주 좋아요. 게다가 순하고 자극이 없어 더 좋네요.
5,번들거림이없어서 좋아요~! 얼굴이화사해보여요
5,5년넌게 써오고 있는데 리뉴얼 몇번 되었어요 새로운 느낌으로 받아보니 좋네요. 썬크림에 피부가 예민한데 무난하게 잘 쓰고 있습니다.
5,유분이 많지 않아서 번질거리지 않아요~ 톤업도 되면서 평상시에 썬크림만 바르고 다니기에 좋아요^^
5,엄마가 이 제품이 딱이라하네요. 큰 자극 없고 무난하게 계속 잘써진다 합니다. 민감한 피부인데도 잘 쓰시는것 보면 제품 질이 괜찮은것 같아요^^ 세번째 계속 재재재구매 중입니다.
3,안지워 지고. 오래가긴 하는데. .... 너무 두꺼워서. ..밀리고. ...화장 지울때. 잘 안지워 질 정도. .. 자외선 차단은. 잘되는거. 같아요. 얇게. 펴 발라야. 겠어요.
5,계속 이제품만 구매합니다 땀이나두 흘러 내리지않구 화장을 바르지않아두 뽀야니 이뻐요
5,아마 엘지의 스테디셀러 일듯. 이제품을 7년 넘게 썼는데 잡티가 안생깁다. 자외선 차단효과 좋은 제품 입니다. 피부과에 다니는데 잡티가 없다고 합니다.
2,향은 거의 없고 질감은 로션정도. 썬크림이라고 많이 바르면 완전 가부끼 됨. 화운데이션 기능이 더 큰 듯. 부드럽게 발리기는한데 촉촉함이 없음. 얼굴이 건조하게 느껴짐. 오래가고 마스크에 묻어나지 않아요. 트러블도 없음. 좋다는 평이 많은데 건성인 사람은 별로.
5,시어머니꺼 한번 써보고 저도 따라샀어요ㅋㅋ 요거바르고나가면 화장안해도 좀 커버되서 넘 편하구 좋아요! 코시국에 슥 바르고 나가니 화장안해도 한것같은 커버력에...넘편하구 좋네오ㅡ
4,허엿게되서 보기 불편하고 소량바르것을. 추천합니다
5,시어머님이 항상 이 썬크림만 쓰세요 똑 떨어졌다고 하셔서 사드렸어요 이 제품이 잘 맞다고 하시네요 다른 썬크림에 비해 번들거리는게 없다고 하십니다 배송도 빠르게 왔어요
5,저는 예민한 피부인데 이 제품을 접하고 나서 이것만 사용해요 행여 좋은게 있다고 해서 잠시 한눈팔고 사용해도 다시 이 제품으로 돌아옵니다. 모든 면에서 만점.
5,엄마가 오랫동안 쓰는 템입니다 일반 선크림보다 더 화사해서 화장 따로 안하고 이것만 바르고 다녀도 좋다고 하시네용 건성 피부인데 당기는 것 없이 괜찮대요
5,"믿고 쓰는 이자녹스 값도 싸고 발리는 느낌도 부드럽지만 약간 백화현상은 있어요 그래도 값이 착하니 팔,다리등 노출된 피부에도 아깝지않게 바르니 아주 좋답니다"
5,발라본 썬크림중 최고에요 첨엔 부드럽게 잘발라지고 살짝 기름진것같지만 곧 뽀송해져요~
4,예전에 썼던 이자녹스보다는 조금 못한 느낌이랄까요? 선크림이 조금 부드러웠으면 좋겠어요 얼굴에 바르는거라서 걸죽한부드러움 원해요
5,제가 쓰는게 아니고 선물이라 평을 못하겠네요 배송에 너무 놀라 리뷰 남겼어요 최고~~ 엄마가 자주 쓰시는 거라 제품은 좋은거 같아요
2,할인해서 구매 톤업효과도있네요 기초잘바르고 발라야 착 붙는데 아니면 들떠요 클렌징할때 꼼꼼히해야되요
5,번들거리지않고 살짝 커버되는 느낌 자연스러운 피부색이 연출됩니다 넘 만족스러워요 계속 이것만 쓸거같아요
2,기초화장품을 다 바르고 발랐는데도 넘 되직해서 얼굴에서 흡수가 잘 안되는듯해요.. 몇번 바르지 못했는데 아까워요..
2,상품은 70ml로 되어있는데 50ml가오네요.. 이건먼지..기분이 안좋네요~
4,울딸이랑 같이 쓰려고 샀는데 제가 쓰니까 유분이 없네요 울딸은 좋데요 전40대 울딸은20대
5,썬크림 중에서는 최고1등입니다 발림성도 너무좋고 항상 이제품만 사용합니다.
5,다른 선크림은 찐득찐득한데 이제품은 촉촉한거같아요!! 그리구 무엇보다도 비싼 제품처럼 발색도 잘발립니다 ㅎㅎ 만족합니당!
5,원래 이자녹스 다른 라인 선크림 쓰다가 구매해봤는데 좋아요 다른 선크림은 녹으면서 눈이 시렸는데 안 그래서 좋아요
1,정품이 아닌듯...... 택배박스안에 케이스없이 선크림이들어있네요ㅠ
4,늘 사용해오던거라 믿고 씁니다 색감과 미끌거리는정도가 제게 잘 맞습니다
1,얼굴이 심하게당기내요 건성도아닌 복합성인데..쩝
5,신랑이 항상 이 제품만 고집하네요~발림성도 좋고 자극없어서 이 제품만 몇 년째 쓰고 있어요~
4,고등학생때 쓰고 오랜만에 생각이 나서 사서 써보았습니다 조금 끈적하긴 하지만 자연스러운 톤업이 됩니다
5,계속 재구매해서 사용중인 제품입니다. 번창하세요.
3,그냥 화장은 안 하고 썬크림용으로만 사용하면 좋을 것 같아요
1,포장이 엉망이네요~ 상품 받으면 포장 상태가 엉망이면 내용물까지 의심스러워져요~ 포장에 신경써주세요
5,향.발림.약간의 톤업 다 잘 맞습니다 지금까지 써 본 썬크림 중 제 피부에 제일 잘 맞는듯
5,이자녹스만 지금껏 쓰고 있어요 좋은것 같아요^^
4,살짝 화장품냄새가 나는 선크림이지만 항상 써왔던것이라 구매했습니다
5,시골갈때.여행갈때 들고다니기편해요 부드럽게잘발려요
5,간단하게바르고나가기좋아요~~살짝커버도되고또찾게된제품입니다
2,얼굴 톤업이 일반 톤업같이 밝진 않네요 ; 끈적끈적해서 머리가 바람에 날리면 붙어요... 괜히 두 개나... 훔
5,좋아요 자주 쓰던 제품인데 꾸준히 사용할것같아요 사은품까지 이것저것 챙겨주시는 센쑤 감사합니다 ^^
5,엄마가 이 썬크림만 바르십니다 파운데이션 따로안해도 화장한것처럼 환해서 좋다고 하시네요
5,전에 쓰던 케이스가 바뀌어서 찾는데 긴가민가 했어요 그런데 써보니 그제품과 거의 동일하네요
5,전 이제품만 10년 이상 써요 건조하지만 잡티도 가리고 싶고 톤 보정도 같이하고 싶다면 강추
5,평소 화장안하고 선크림 이것만 쓰고있어요. 화사하니 피부에 찰떡이라 꼭 재구매 하고 있어여~
5,친구가 쓰는거보고 주문했어요~~커버랑 톤업이랑 동일상품맞다고 하니 참고하세용 향도 좋으네요^^
5,얼굴도보정이되고발림성도조와여저는이제품만매번사서쓴답니다
5,밀리도않고 끈적임도없어 넘 좋아요 소량으로도 전체적으로 바를수있어서 그것도 좋아요
4,엄마가 쓰시던 제품인데 업그레이드되었네요. 엄마는 포장도 마음에 들고 괜찮데요
5,발림성좋고 끈적이지 않아서 매일 사용하는 제품입니다~^^
5,엄마가 이제품만 이전부터 쓰던거라 검색해서 좀더 저렴한가격에 잘 구매하고가요
5,오늘 받자마자 바로 발랐어요..적극 추천 ~~좋아요.빠른 배송 짱 고맙습니다.^^
5,번질하지도 않구 매트하지도 않구 색은 메베색(살색)이라 화장할 때도 도움이 됩니다~
3,기대했던 것보다 유분기도 많고 커버력도 만족스럽지는 않네요.
5,휴무에 집에서 쉴 때 뽀샤시하게 피부 정리가 되어서 너무 좋아요
1,처음에는 좋은줄알았는데 너무 건조하고 아침에 바르고 나갈땐 모르는데 저녁되면 얼굴에서 무슨 연탄가스 냄세가 나는거 같아요 냄새가 이상하게 변해요 버렸어요
5,쓰던제품입니다~ 베이스 기능 있어서 좋아요~^^
5,이 제품만 쓰는 중 다른 제품들도 좋지만 이 제품이 마음에 들어서 이것만 고집 중
3,톤업이라 화사해 보여서 좋은데 피부가 연약한 편인 저한텐 땡기는 느낌이에요
5,이자녹스는 항상 가격이 들쑥날쑥 하네요 그래도 좋으니 이거만 주문하게 됨.
5,전에 사용한 제품은 크림타입이라 장기간사용했는데...ㅠㅠ
5,몇 칠 않써봐서 잘모른겠네요 자외선 차단제로 화장품으로 사용 하려고요
5,항상 이제품을 쓰고 있는데 울 신랑도 한번 써보더니 이걸 쓰겠다고 합니다
5,늘 사용하는 제품이라 아직 사용량 있는데 미리 쟁여 뒀네요 추천해요 아주 ~
5,자외선 차단은 물론이고 특히 땀흘려도 눈이 따갑지 않아 이것만 사용해요
5,"배송 빠르고, 포장상태 양호하고 저렴하게 잘 구입해서 잘 받았습니다."
5,10년 이상을 이제품을 쓴거 같아요.이게 언제나 저에겐 기본입니다
5,톤업은 그리 많이 되지는 않네요...일반 썬크림과 비슷합니다.
5,평소 사용하던 선크림 쿠팡에서 판매하기에 구매하였습니다~
5,배송도 빠르고 이 상품 처음 쓰는데 만족합니다. 많이 파세요~
