product_type,text
자세밴드,잡아주는 느낌이 들어 의식적으로 몸을 세우게 되고 교정해주는 힘이 크네요
자세밴드,어깨가 굽어져서 자세교정 하려고 샀습니다 어깨가 펴지긴하지만 겨드랑이가 좀 아프긴해요
선크림,지금상품받고 포장디만 개봉한 미사용 상황에서 리뷰 남깁니다. 포장상태가 너무성의없어서 사용하기도 싫어지네요.배송비닐안에 제품만 포장돼잇어서 제품단상자가 찌그러지고..단상자 봉합라벨도 없네요.원래이렇게 배송되는건지 .. 받는입장에선 상당히 기분나쁩니다.
자세밴드,** 저희 아들 살이 찌면서 자세도 구부정해지고 어느순간부터 허리며 목이며 아프다고 날리에요 ㅠ.ㅠ. 날도 추우니 평소에 착용할때 티나지 않고 자세 교정에 좋은걸로 열심히 찾아보다가 데리고 왔네요 ** 제품 포인트 1. 어깨를 뒤로 당겨주는 고탄성 밴드 2. 개인 맞춤형 인체공학적 2중 밴드 3. 시원하고 편안한 에어매쉬 소재 ** 착용후기 착용방법은 어깨에 걸치고 착착 감아주기만 하면되서 우선은 좋고만요 2중 고탄성 밴드라 몸 컨디션 따라 어깨 조임을 셀프로 조절 가능하니 착용하고 있어도 그렇게 힘들거나 피곤하지는 않다고 하더라구요 착용했을떄 확실히 아들 등이 펴지는게 눈으로 보이기도 하고 아이도 불편하지 않은지 자주 착용하게 되서 요새는 목이나 어깨가 덜 아프데요 저도 말린어깨라 아들 안할때 살짝 살짝 해봤는데 역시 편하네요
선크림,백탁 없이 자연스럽게 발리고 끈적임이 없어 산뜻하게 사용할 수 있는 선크림 백탁 없는 깔끔함 선크림 특유의 하얗게 뜨는 느낌 전혀 없음. 피부에 자연스럽게 스며들어 깔끔한 톤 보정 가능함. 눈 시림 없는 편안함 눈 주변에 발라도 시림이 없어서 편함. 눈가가 민감해도 부담 없이 사용 가능함. 화장 밀림 제로 덧발라도 화장 위에서 밀림 없이 깔끔하게 발림. 메이크업 전에 발라도 베이스 메이크업에 잘 맞음. 끈적임 없는 산뜻함 끈적이지 않아 보송하게 마무리됨. 여름철에도 번들거림 없이 산뜻하게 유지됨. 성분이 순한 착한 제품 자극적인 성분이 없어 민감한 피부도 사용 가능함. 이런 분께 추천해요! 자연스러운 피부 표현 원하는 분 눈 시림 없는 선크림 찾는 분 끈적임 없는 선크림 선호하는 분 화장 전에 발라도 밀림 없는 제품 찾는 분 자극 없는 성분을 선호하는 민감성 피부 분들
자세밴드,"** 달림 + 3cm 바른 자세 교정 밴드 어깨 라운드 숄더 ♡ 최근 허리가 아파 바른 자세 교정을 위해서 달림 + 3cm 바른 자세 교정 밴드 어깨 라운드 숄더를 구매하게 되었습니다. 육아로 인해 아기를 안고 들어올리고를 반복하다보니 허리가 아팠습니다. 하지만 이 제품을 사용하면 굽어 있는 등과 허리가 펴지기 때문에 자세 교정에 좋았습니다. 이 제품은 아래와 같은 사람이 사용하시면 좋습니다. 1. 현대인이 자주걸리는 거북목, 척추 질병 예방효과가 있습니다. 2. 운동할때 허리를 바로 잡아주기 때문에 정확한 정자세로 운동이 가능합니다. 3. 굽은 자세의 등을 바로 잡아주기 때문에 최대 3cm의 키를 찾아줄 수 있습니다. 4. 몸의 라인을 잡아주어 옷 맵시를 보기 좋게 할 수 있습니다. ♡ 이 제품의 경우 타 제품에 비해서 중앙고정밴드와 지지대로 확실한 자세교정이 가능합니다. 특히 굽은 등과 어깨를 바른자세로 잡아주도록 도와줍니다. 통기성 높은 에어메쉬 소재로 365일 쾌적하게 사용할 수 있습니다. 옷 속에 입으면 티가나지 않아 지속적인 착용이 가능합니다. 자세교정이 필요하신 분은 달림 + 3cm 바른 자세 교정 밴드 어깨 라운드 숄더를 추천드립니다."
자세밴드,제일 큰 사이즈를 주문했는데 어깨끈이 짧음 180에 90키로인데.. 체격이 있는분들은 참조하십시오. 중국에서 제작한거라 그런가 2xl 나 4xl가 어깨끈 길이가 같다고 되어있습니다. 힘들게라도 사용해보면 효과는 괜찬은것 같음
자세밴드,사이즈가 설명서 보다 형편없이 작다. 착용하기가 너무 너무 불편하다 . 구입 하려면 설명서 보다 2단계정도는 높여야 될것같다. 키 174cm에 체중 65kg 뱃살없어 2XL구입했었는데 작다. 아마3XL도 작을것 같다.
자세밴드,배송이 빨라서 좋았어요ㅎㅎ육하하고 거북목은 승천하고 라운드 숄더가 심해지니 목이 안돌아가서 교정밴드 추천받아구매했습니다! 잡아주니 덜 아프고 무리도 덜 가는 것 같아요 아주좋아요
자세밴드,헬스 트레이너님이 어깨 보호대 사용해야 할 거 같다고 해서 찾다가 이걸로 구매했어요 !!! 앞으로도 열심히 운동하려구요
자세밴드,자세교정이 필요해서 구매하게 되었습니다 개인적인 생각으론 50대이후 꼭 필요한 필수품입니다 자연스럽게 기울어지는 등을 잡아주어서 더 감사합니다
자세밴드,"사무직이라 오래 앉아 있다 보니 자세가 많이 무너져서 등이 굽었단 이야기 많이 듣는데 이 교정 밴드 착용하니 등이 자연스럽게 펴지고 어깨도 덜 말려서 확실히 편해요. 처음엔 조금 낯설었지만 금방 적응되고, 오래 착용해도 압박감이 심하지 않아 만족스럽습니다. 꾸준히 쓰면 자세 교정에 도움이 될 것 같아요."
선크림,"가족들도 다 같이 쓸 수 있는 선크림을 찾다가 발견했어요. 피부에 순하게 쓸 수 있다고 해서 사봤습니다. ✅상품 설명 -온가족용 수분보충 선케어 -3중 기능성 케어 -피부의 건강한 힘을 길러주는 바이오미믹 & UV 프로텍션 -UV 밀착보호 텍스처 ✅실사용후기 온가족이 함께 쓰는 수분폭탄 선크림, 피지오겔 데일리 모이스쳐 UV 패밀리 썬 로션입니다. 저자극으로 안심하고 사용할 수 있는 선크림이고 미백 주름개선 효과가 있는 제품이라고 해요. 자외선 차단 지수는 SPF50+ PA+++이고요. 용량은 생각보다 용기 크기는 작은데 100ml으로 보통의 선크림의 2배정도라 데일리로 부담없이 쓰기 좋아요. 피지오겔 데일리 모이스쳐 UV 패밀리 썬 로션은 수분, 보습 및 수렴 성분을 함유하여 피부를 촉촉하고 부드럽게 케어해준다고 해요. 그리고 자외선으로 푸석해진 피부에 촉촉하게 윤기를 주어 건강하게 케어해주며 얼굴 전체에 발라주면 자외선 차단 뿐만 아니라 주름개선, 미백까지 피부고민을 케어할 수 있다고 하네요. 또한 피지오겔 바이오미믹 테크놀로지 적용 포뮬라에 자외선 차단 기능을 더해서 진정과 보습에 도움을 주고 자외선으로부터 피부를 보호해준다고 합니다. 사용하기전엔 살짝 흔들어서 사용하심 됩니다. 일반 흰색 선크림 제형이구요. 워터타입으로 수분감을 머금고 있어 촉촉하게 발리는게 발림성이 참 좋아요. 산뜻하게 발리면서 끈적이지 않아 사용감이 깔끔합니다. 제형이 무겁거나 답답하지 않고 가벼워서 데일리로 바르기 딱인거 같아요. 얼굴 뿐만 아니라 자외선차단이 필요한 곳에 로션 바르듯이 부드럽게 펴바르기 좋네요. 발림성 좋은 선크림 찾으시는 분들께 추천드려요. ✅한줄평 가볍고 촉촉해서 온가족이 함께 바르기 좋은 선크림"
선크림,기초화장품을 다 바르고 발랐는데도 넘 되직해서 얼굴에서 흡수가 잘 안되는듯해요.. 몇번 바르지 못했는데 아까워요..
자세밴드,❌️찐 구매 후기❌️ 허리가 많이 안좋은 편이고 약간의 측만이 있어서 항상 업무할 때 자세가 너무 안좋았어요 많은 제품들 서칭해보고 제일 괜찮아 보이는 제품을 구매해봤어요. 일단 한마디로 정리하자면 #앞으론 이거 착용 안하고는 업무 절대 못해요.# 제 어깨와 허리를 쫙 펴주고 굽은 등을 펴주어서 몸건강이 매우 좋아졌어요. 제가 느끼던 통증도 사라졌구요 무엇보다 어깨가 펴지고 등이 펴지니 체형교정이 되어 그런가 신기하게도 뱃살도 좀 들어가고 몸매가 예뻐지는거같아요^^ 착용법도 쉽고 편해서 아주 좋아요 쿠팡비닐안에 상자로 깔끔하게 포장되어 오는것도 마음에 들었고 주위 지인들한테 간단한 선물하기도 좋은거같아요 오늘 부모님것도 2개 더 구매했어요. 많이 써서 닳으면 또 구매할거에요 품절 절대 안돼요!! 계속 팔아주세요
선크림,온가족이 함께 사용하고 있어요~ 그래서 자주자주 주문하고 있습니다~ 백탁현상도 없고 답답하지 않아서 참좋습니다~ㅎ 다른거 쓸때는 스킨 로션바르고 크림바르고 바로 썬크림 바르면 잘발라지지도 않고 얼굴이 하얗게 가부키 처럼ㅎㅎ 됐었는데 바썬크림은 바로 발라도 크림한번 더바른것처럼 깔끔 합니다! 너무 만족하고 사용하고 있어요~ㅎㅎ
자세밴드,딸이 평소에 자세가 많이 구부정해서 걱정이었는데 이번에 이 교정 밴드를 구입해 착용시켜보니 어깨가 바로 펴지는 게 눈에 보여서 정말 신기했어요. 밴드가 과하게 조이지 않고 적당히 잡아주면서 어깨를 바르게 만들어주니 착용감도 괜찮고 일상생활하면서도 무리 없이 사용할 수 있어요. 처음에는 조금 어색해했는데 몇 번 착용하더니 점점 편해지고 본인도 자세가 달라진 걸 느낀다고 하더라구요. 무엇보다 약국 입점 상품이라 믿을 수 있어서 안심이 되고 마감도 깔끔해 오래 사용할 수 있을 것 같아요. 남녀공용이라 가족 모두 함께 쓸 수 있는 점도 장점이에요. 우리 딸뿐만 아니라 저도 종종 써보려구요. 꾸준히 사용하면 확실히 자세 교정에 도움 될 것 같아 만족스러워요.
자세밴드,점점 나이도 들고 컴퓨터 앞에만 앉아있다보니 자세도 구부정해지고 허리에 통증이 생겨서 주문했어요. 허리보호대로 허리를 쭉 피니까 평소 자세가 얼마나 틀어져있는지 절실히 느끼네요. 특히 밴드를 조절할 수 있는 점이 체형에 맞게 사용할 수 있어서 아주 좋았습니다!
자세밴드,허리부터 어깨까찌 쫙~ 펴줍니다. 매일 pc앞에 앉아 있느라 자세가 자동으로 구부정해지는데 제품 척추 부분에 지지대가 매우 튼튼해요. 이거 착용하면 구부리는게 더 힘들 정도에요 자세 교정 제대로입니다. 어깨에 걸치고 복부에 교정 시키고 pc작업 해도 자세가 흐트러지지 않아요.
자세밴드,"고개,허리를 많이 숙이게 되는 것 같아 꼿꼿하게 바른자세를 유지하려고 노력하는데 쉽지않더라고요.그래서 교정밴드를 주문했는데 만족스럽네요.뭔가에 집중하다보면 나도 모르는 새 자세가 나쁘게 변하는데 그걸 방지해주고,착용했을 때 불편함 없이 편하더라고요.게다가 통기성 좋은 소재라 답답하지 않아 좋네요."
자세밴드,굽은 허리와 통증이 있는 허리를 위한 좋은 선택이었어요 ^^ 허리와 배를 전체적으로 감싸주니 안정적으로 자세 교정이 되는거같아요 :D 신축성이 좋아서 움직이기 편해요 :)
자세밴드,평소 자세가 좋지 않아서 찾아보다가 구매했습니다! 운동할때에도 사용하기 좋고 평소에도 착용하고 있어요 밴드가 고정해주니까 너무 편하네요 답답하지도 않고 통기성도 좋습니다!
자세밴드,교정용으로 구매해서 잘 쓰고 있습니다 바른자세를 잡아줘서 장시간 작업할 때 척추랑 허리가 아프지 않네요 전에쓰던게 찢어져서 주문했습니다 179 70 2xl 무리없이 잘 사용하고 있어요 어제 시키니깐 오늘 배송 도착했습니다 칼배송
선크림,"#내돈내산 1년 365일 선크림이 필수라는거 아시나요?! 결혼하기 전에는 항상 화장을 꼭 하고 다니고 선크림도 필수로 바르고 다녀서 몰랐는데... 아이낳고 바쁘게 나갈때는 선크림도 못나가고 그러다 보니 기미가 생겼어요 ㅜㅜ 다른 이유도 있겠지만 확실히 선크림을 꾸준히 빠짐 없이 발라주면 안 바르는 것과는 큰 차이가 있다고해요. 선크림도 브랜드도 많고 종류도 너무 많아서 고르기가 어려운데 특히!! 백탁이 있는 선크림을 꼭 피하게 되더라구요. 그러다 알게 된 ' 이자녹스 UV 선 프로 365 데일리 커버 ' ✅️ 기능 ✔️ 자외선 차단 ✔️ 톤업 기능 ✔️ 워터프루프 ✔️ 부드럽게 발림 ➡️일반 선크림 보다 발랐을 때 메이크업 효과가 있어서 이번에 재구매를 했어요^^ 저번에 사용하고 새로 구매했는데 용기 디자인이 좀 바껴있네요. 제가 피부가 건성이다 보니 화장이 잘 안먹기도 하는데 이건 그런거 상관없이 촉촉하게 잘 발려요!! 사용해보면 아시겠지만, 사진에서처럼 색상이 베이지 색상이라서 피부에 너무 잘 어울리게 발려요. ❗️촉촉한 텍스쳐로 피부 톤 보정이 되면서 백탁현상 없고 이것만 발라도 일반 선크림보다 화장한 얼굴 같아서 계속 구매하게 되는 제품입니다 ㅎㅎ 선크림 고민하시는 분들께 추천해드리고 싶어서 열심히 후기를 쓰고 있어요!! 예전에는 쿠팡 로켓배송에 LG화장품 제품이 없었던 것 같은데 이제는 가능하니 구매하기 쉬워서 너무 좋아요^^ 적극추천합니다!! ❤️제 후기가 조금이나마 도움이 되었길 바랍니다."
선크림,저희 엄마ㅠ 선크림만 바르면 눈까지 퉁퉁부어서 간지럽다고 하시고 약도 챙겨드시는데 이거 바르면 그런 증상 없으세요 그래서 선크림 안맞으시는 분들 이거 추천드려요!!
자세밴드,딸래미가 핸드폰을 하면서 구부정자세로 하더라구요.그래서 자세 교정좀 해보려고 검색하다 구매 해봤어요.허리랑 어깨랑 한번에 잡아줘서 좋구요.사용방법도 간단해서 누구나 손쉽게 착용할수있어서 좋구요.통기성 에어메쉬로 장시간에도 안심하고 착용할수 있어서 좋은거같아요.
자세밴드,항상 바른자세유지를 위해 퇴근후에 집에오면 한두시간씩 착용하고 있어요 제가 허리가 살짝 굽었는데 허리도 펴지고 좋은거같아요
선크림,다른 선크림은 찐득찐득한데 이제품은 촉촉한거같아요!! 그리구 무엇보다도 비싼 제품처럼 발색도 잘발립니다 ㅎㅎ 만족합니당!
자세밴드,구부정하게 앉아 있는 자세가 습관이 되어서 어깨를 펴고 똑바로 앉기가 쉽지 않은데요 혼자서는 교정하기가 힘들 것 같아서 밴드를 착용하기 시작했어요~ 확실히 단단하게 지지를 해주니까 바른 자세를 유지하게 되고요 착용 방법이 간단해서 입고 벗기가 편하네요! 꾸준히 사용해서 바른 자세 만들어 보려고 해요
자세밴드,업무를 하다보면 자세가 구부정하게 되서 퇴근할때쯤 허리가 아프다해서 남편 자세 교정하라고 구매했는데 굿초이스! 구부정했던 자세가 자세교정밴드하니까 착용하고 있는동안은 자세신경쓰게되고 허리가 쫙 펴진 상태로 있게되서 좋다고하네요! 허리부위 매쉬부분도 있어 통기성도 좋고 무의식중에서도 허리교정해주니 구웃!
자세밴드,자세가 구부정해지면서 허리도 많이 아파지고 그러는 게 많이 느껴졌어요 병원을 가기엔 심한 건 아니지만 그렇다고 가만히 있기엔 신경이 많이 쓰이고 아파져서ㅠㅠ 자세 교정 밴드를 알게 되어 구매해보았어요 남녀공용이라 구매하기 편했고 제품을 받자마자 사용해보니 허리가 펴지는 듯한 느낌을 받았습니다 장시간 앉아있어야 하는데 확실히 허리를 펴주는 거 같아 시원하고 좋아요 한번에 오래 착용하면 아플 수도 있을 것 같아 조금씩 시간을 늘릴려고 합니다 앉은 자세가 요즘 안좋았던건지 허리가 확실히 괜찮아졌어요ㅎㅎ 주변 지인들에게도 추천해 줄 만한 잇템이랍니다.
자세밴드,어께가 자꾸 앞으로 쏠리고 핸드폰을 오래하면 목도 아프고... 자세교정용으로 잠깐씩 착용하는데 어께를 쫙 펴주니 자세도 꽂꽂해지고... 어께 결림과 목 통증도 좀 완화되는것 같네요. 너무 오래 착용하면 안좋을것 같아 1시간~2시간 정도씩 착용합니다.
자세밴드,모니터 많이 보고 핸드폰도 엄청 매일 보다 보닌깐 목이랑 어깨가 상태가 안좋아서 병원 진료 받고 있습니다. 집에서도 자세교정 신경쓰려면 밴드 꼭 필요한거 같아서 구매했어요. 밴딩 두껍고 두툼해서 확실히 편하네요. 이게 처음에는 좀 어색했는데 꾸준히 해서 자세교정 관리가 잘해보려고 합니다. 어깨 굽은거 진짜 좀 고치고 싶어요.
자세밴드,라운드 숄더라 어깨가 많이 굽었는데 이거 사용하니까 허리랑 어깨가 잘 펴지네요 ㅎㅎ 확실히 효과가 있는 것 같아요
선크림,간단하게바르고나가기좋아요~~살짝커버도되고또찾게된제품입니다
자세밴드,"요즘 컴퓨터 앞에 앉아 있는 시간이 많아지다 보니 어느 순간부터 자세가 점점 구부정 해지더라고요;; 거북목도 심해지는 느낌이라 뭔가 도움이 될 만한 걸 찾다가 자세교정밴드를 써보기로 했습니다! 처음 며칠은 어깨가 좀 뻐근했는데, 쓰다 보니까 오히려 자세가 바로 잡히는 느낌이 들었어요~ 하루에 1~2시간 정도만 착용해도 자연스럽게 자세에 신경 쓰게 되고, 무심코 허리를 구부리려다가도 다시 펴게 되더라고요^^ 특히 어깨가 펴지면서 상체 전체가 조금 더 안정되는 느낌이 들어서 좋았어요! 운동이랑 같이 해주면 효과가 더 좋은 것 같고요ㅋ 한 줄 정리하자면 ✔️ 자세 교정 시작하기에 부담 없고 ✔️ 습관 들이기에 꽤 괜찮은 도구였습니다 비슷한 고민 있는 분들께 추천드려요^^"
자세밴드,"거북목이 심해서 자세교정용으로 착용할려고 구매했는데, 일단 고개가 숙여지면 불편해서 숙이는걸 자제하게 되네요. 자세가 바르게 되니, 확실히 키가 커 보입니다."
자세밴드,어떤분이 이런 벨트를 사용 하다보면 허리부분 벨트가 위로 올라간다는 얘기를 어디서 본것 같은데 정말 그래요 이런벨트는 개인적인 생각이라서 직접 사용해봐야 알것 같아요 생각했던거 보다는 허리쪽은 잘 잡아주지 못하는듯~~
선크림,무난한 선크림 같습니다. 쿠팡에서 저렴하게 구입해서 만족합니다.
자세밴드,"평소 허리랑 어깨 통증이 자주 있어서 자세 교정용으로 찾다가 후기 보고 이 제품으로 선택했어요. 포장도 깔끔하고 고급스러워서 선물용으로 딱 좋았고, 착용감도 생각보다 편하다고 하네요. 처음엔 약간 조이는 느낌이 있지만 하루 이틀 착용하니 확실히 자세가 펴지는 게 느껴진대요. 특히 장시간 운전하거나 컴퓨터 앞에 앉아 있을 때 허리가 덜 뻐근하다고 해서 만족했어요. 디자인도 티 안 나서 출근할 때도 착용 가능해요. 선물용으로 추천합니다!"
자세밴드,✔️어깨 등 허리까지 탄탄하게 지지해줌~ ✔️2중 고탄성밴드로 말린 어깨 쫙 펴짐 ✔️안정적인 바른자세 유지에 도움 ✔️장시간 사용해도 불편함 없음~ ✔️매쉬소재로 통기성 좋음 말린 어깨가 고민이기도 하고 이젠 어깨까지 결려서 바른자세에 좋다는 많은걸 사모으는 중인데~ 그중에선 가장 효과 본 제품같네요~✔️ 일단 착용법이 편하고 남자 사이즈에 맞는걸로 사서 잘 맞습니다. 착용후 바른자세 유지도 물론이지만 어깨 등 허리가 쫙 펴지니 어깨 결림에도 도움 받는거같아요 내구성도 좋고 새물건의 냄새도 나지 않고~✔️ 오자마자 작업할때마다 끼고있는데 상당히 좋네요~ 의자보다 자세교정밴드가 더 도움되는거같아요~ 구부리려고해도 펴진 어깨가 마음에 들어서 괜히 어깨 피려고 하는 점도 좋고~ 허리 밴드도 답답하지 않아요~✔️ 밴드 부분도 넓직해서 착용하기 편합니다. 통기성 좋은 소재라 땀 많이차는 여름에도 잘쓰겠어요 제가쓰는걸 보더니 어머니도 탐을 내셔서~ 여성용으로 하나더 사려구요~✔️ 키가 2센치는 더 큰기분이 드는데~ 기분 탓인건지 말린 어깨가 펴져서 그런건지~ 조끼형에 뒷판 와이자 밴드 허리지지 밴드까지~ 이물감 없이 착용하고있어요~ 매일꾸준히 사용중인데 불편함이 없습니다~✔️ 올해는 쫙 펴진 어깨로 다닐수있겠어요~✔️
선크림,"""선크림은 무조건 1년내내 항상 발라요^^ 완전 필수템이죠ㅎ 선크림이 답답함이나 끈적임이 하나도 없이 산뜻하고 바른후 피부가 촉촉 수분크림처럼 발림이 넘 좋아요ㅎㅎ 발림성 만큼이나 중요한 백탁 현상이 없어서 진짜 좋네요 막 발라도 허옇게 되지 않고 촉촉하게 피부결이 좋아보이네요^^ 밀림현상이 없어서 화장 할때도 확실히 좋은것같아요!! 신랑이 그냥 막 팍팍 발라도 백탁현상없이괜찮아서 부담없이 바를수 있어서 진짜 좋다고합니다ㅋㅋ 이제는 골고루 못발라서 고생 할일 없어요!! 피부에 자극없이 순해서 아이도 함께 온가족이 사용하고있어요 눈시림및 잔여감 없고 끈적임이 없어서 아주 만족스러워요"""
선크림,전에 사용한 제품은 크림타입이라 장기간사용했는데...ㅠㅠ
자세밴드,아들이 자세가 구부정해 고민하다 이걸 찾게 되었어요 요즘 애들이 폰이나 패드를 자주 보다보니 거북목인 애들도 많은거같고 걱정이네요ㅠ 착용방법은 쉽네요 지금 초6이고. 166 72키로 되는데 2Xl 하니까 사이즈 괜찮은거 같아요 우선 착용하고 쪼여주니 등과 어깨가 펴지네요 이거 착용하고 있으면 자연스레. 자세가 잡히겠어요 자세가 바르니 키가 좀더 커보이네요 게임할때만 하고 있어도 자세교정에 도움은 될꺼같아요 완전한 치료는 되지않더라도 가슴. 어깨가 펴지니 거북목도 괜찮아질꺼 같고 어느정도는 교정이 될꺼같아요
선크림,발림성이나 냄새 다 괜찮은데 생각보다 너무 묽어서 별로라고 하시네요 ㅠ 그거 빼고는 다 만족하신대요~ 느낌은 물이랑 로션 중간? 느낌이에요!!
자세밴드,저도 모르게 자꾸 구부정하게 앉다보니 항상 목 어깨 허리 안아픈곳이 없어서 큰맘먹고 구매합니다
자세밴드,답답할까 고민하다 주문했는데 답답함 1도 없네요~ 착용 후에는 어깨를 굽히고 싶어도 굽힐 수가 없어요 ㅎㅎ 어깨는 기본이고 목까지도 강제로 펴져요. 특히 찍찍이 부분이 고정이 잘 돼서 꽉 조여도 안정적입니다. 하루에 몇시간만 해주고 풀어도 어깨 핀 습관이 남아있어서 좋은 자세가 유지가 잘 돼요 일주일 좀 넘게 사용중인데 주변에서 자세 많이 좋아졌다고 이야기 해줘서 너무 만족스러워요!!
선크림,피부가 따갑거나 그런건 없어요. 발림성도 좋고 뭉치지 않고 화사하게 연출됩니다. ^^ 가격도 착하고 이것만 쓰는중. ㅎ
자세밴드,부모님 사용하시라고 구매했어요 여름은 더워서 잘 못쓰지만 가을.겨울엔 겉옷을 입으니 입고 다니기 좋을거 같아요 허리가 펴지긴한다고 아프면서 괜찮대요^^
자세밴드,어깨 목 잘잡아주고 좋네요 어깨 결리는 것 없이 전체적으로 편하게 잘 잡아줍니다 설명서랑 같이 있어서 착용하기 쉬웠어요
선크림,《 이자녹스 UV 선프로 데일리 365 커버 선크림 》 ========================================================== ○ 구매일자 ㅡ 4월 6일 ○ 배송일자 ㅡ 4월 7일 ○ 내용량 ㅡ 70ml ○ 유효기간 ㅡ 28년 2월 24일 ========================================================== 이자녹스 365 데일리 커버 선크림은 메이크업 베이스 성분이 함유된 커버선크림이에요. 일반 톤업 선크림 보다는 자연스러워서 한톤 밝아지는 느낌이에요. 부드러운 크림 제형으로 부드러운 발림성으로 뭉침없이 고루 잘 발리는 타입이에요. 또 워터프루프 타입으로 땀이나 물에 강해서 좋더라구요. 여름에 땀이 많이 나도 유지력이 좋아 자주 구매하게 되더라구요. 자외선 차단지수는 SPF50+ PA +++ 제품으로 지속력도 좋아요. 자연스런 톤업으로 남녀노소 누구나 사용하기 좋은것 같아요. ==========================================================
자세밴드,"요즘 컴퓨터 앞에 오래 앉아 있다 보니 어깨가 점점 안쪽으로 말리고, 사진 찍을 때도 자세가 흐트러져 보여서 고민이 많았어요. 그런데 이걸 착용해보니 처음엔 살짝 어색했는데 금방 편안하게 자리 잡더라구요. 당기거나 조이듯 불편한 느낌이 아니라, 자연스럽게 어깨를 뒤로 열어주는 느낌이라 하루 종일 착용해도 부담이 없었어요. 특히 오래 앉아 있을 때 등이 구부정해지는 순간마다 살짝 잡아줘서 자세가 자동으로 다시 펴지니까 신기하더라구요. 티 안 나는 디자인이라 옷 안에 넣어 입기 좋고, 외출할 때도 전혀 거슬리지 않아서 하루 루틴에 자연스럽게 들어왔어요. 꾸준히 쓰다 보니 어깨 라인이 조금씩 정돈되는 느낌이라 목도 덜 뭉치고, 피로도 확 줄었어요. 자세 교정이 이렇게 편하게 될 줄 몰라서 요즘은 습관처럼 챙겨 착용하고 있어요."
선크림,주르륵 흘러요 꼭흔들어쓰세요 가족들쓰기좋은 대용량썬크림 효과는 기대에 못미침
자세밴드,컴퓨터 앞에 앉아있으면 자세가 안좋아서 착용할려구요 착용하니깐 고개가 앞으로 나오는게 많이 좋아지더라구요 잘 사용해볼께요
자세밴드,이런거 성능에 대해서 의구심을 잘 품는데 얘는 좋네요
자세밴드,허리며 등이 굽고 그래서 한번 사용햐봤는데 나쁘지 않아요
선크림,허엿게되서 보기 불편하고 소량바르것을. 추천합니다
자세밴드,"기존에 쓰던게 금방 헐거워져서 나름 꼼꼼하게 비교해보고 사봤는데, 확실히 리뷰도 많고 평도 좋은 제품이라 그런지 전반적인 만듦새가 탄탄하네요. 가벼운 재질이라 답답하거나 땀도 안날듯한데, 착용했을 떄 잡아주는 느낌은 짱짱해서 꾸준히 착용하면 도움이 될듯 합니다. 안정감있게 지지해주는게 편하고 뒷부분 밴드 고정하는 곳도 튼튼해서 오래 쓸거 같네요 ㅎㅎ"
선크림,눈시림없고 땡김없어 요즘 너무 잘쓰고 있는 선크림이에요. 안방에 놓고 혼자 쓰다가 거실에 하나 더 두고 신랑이랑 같이 쓰려고 재주문했어요. 끈적거리고 하얗게 들뜨는게 싫어 선크림 안 바르는 신랑도 요건 로션같다며 아주 잘 바르고 있어요.^^
자세밴드,착용하면 쫙 땡겨주니깐 평소 자세가 얼마나 안좋은지 알수 있어요.. 조금씩 착용시간을 늘려가면 교정이 잘 될 꺼 같아요 판매자님도 친절하시고 배송도 빨랐어요 좋아요
자세밴드,잠 잘때 매일같이 새우잠을 자서 라운드 숄더가 심한편인걸 이번에 운동하면서 알게됐어요. ㅜㅡㅜ 운동도 중요한데 평소에 어깨를 펴고 다니는게 중요하다고 해가지고 무의식적으로라도 펴고 다니려고 구매했습니다. 어깨 완전 끝은 의식적으로 펴려고 해야하는데 허리랑 날개쪽이 펴지니까 자세가 좋아지는게 느껴져요. 전체적으로 밸런스있게 잡아주는 느낌입니다. 열심히 사용해 볼게요.
선크림,사계절 내내 꼬박 선크림 바르는 1인인데요 그래도 선크림 자외선차단제 유목민이거든요 그런데 요기저기 뒤적이다 평도 좋구 성분도 마음에들어 주문했는데 진짜 밀림이나 겉도는게 없고 촉촉함이 계속 유지되고 뜨거나 백탁현상이 전혀 없어서 마음에 쏙 들어요 이제 선크림 정착 해야겠어요 가격도 착해서 더 최고 ㅋㅋㅋ 추천드려요
자세밴드,제가 어깨가 굽어있어서 자세교정밴드를 구매해봤어요 착용했을때 어깨를 자연스럽게 뒤로 잡아줘서 구부정한 자세를 교정하는 데 너무 좋네요. M 사이즈라 남녀 모두 무난하게 사용할 수 있어서 가족모두 같이 사용해도 되니 실용적인거 같아요 밴드가 탄탄하면서도 부담스럽지 않아서 오래 착용해도 불편함이 없었어요. 옷 안에 착용할 수 있어 평상시에도 착용할수 있고 출근해서 일할때 착용해도 괜찮네요 너무 만족합니다
자세밴드,"컴퓨터 앞에서 일하는 시간이 길다 보니 저도 모르게 어깨가 굽고 등까지 굽는 좋지 않은 자세가 습관이 되었습니다. 이 때문에 항상 어깨와 목이 뻐근했고, 자세가 점점 나빠지는 것 같아 고민이 많았죠. 병원에 갈 시간은 없고, 집에서 간단하게 자세를 교정할 수 있는 제품을 찾다가 정직한닥터 약국입점 바른 자세 교정 밴드 (2XL)를 구매했습니다. '약국 입점'이라는 문구가 신뢰를 주었고, 넉넉한 사이즈가 있어 바로 구매를 결정했습니다. 직접 사용해보니 기대 이상으로 만족스러워서 자세한 후기를 남깁니다. 구매 계기와 제품의 신뢰성 바쁜 일상 속에서 제 몸을 챙기는 것은 늘 뒷전이었습니다. 자세가 나빠지면서 어깨 통증까지 느껴져서 더 이상 방치할 수 없다고 생각했죠. '정직한닥터'라는 브랜드 이름과 '약국 입점'이라는 문구가 믿음을 주었고, 남녀공용 제품이라 체형에 관계없이 사용할 수 있을 것 같아 좋았습니다. 뛰어난 착용감과 즉각적인 효과 이 밴드의 가장 큰 장점은 바로 뛰어난 착용감과 즉각적인 효과입니다. 처음 착용했을 때 어깨를 뒤로 부드럽게 당겨주어 자연스럽게 허리가 펴지고 어깨가 곧게 펴지는 것을 느낄 수 있었습니다. 억지로 힘을 주는 느낌이 아니라 편안하게 자세를 잡아주는 느낌이라 좋았습니다. 통기성 좋은 재질로 만들어져서 장시간 착용해도 답답하거나 땀이 차지 않았습니다. 2XL 사이즈를 선택했는데, 제 체형에 딱 맞아서 안정적으로 자세를 잡아주었습니다. 밴드의 길이 조절도 가능해서 내 몸에 맞게 조절할 수 있는 점도 좋았습니다. 옷 안에 입어도 크게 티가 나지 않아 일상생활에서 부담 없이 착용할 수 있습니다. 꾸준한 사용으로 얻는 변화 며칠 꾸준히 사용하다 보니 밴드를 착용하지 않은 상태에서도 어깨를 펴고 바른 자세를 유지하려는 습관이 생겼습니다. 어깨와 목의 뻐근함도 많이 줄어들었고, 전체적인 자세가 교정되는 느낌입니다. 저처럼 굽은 어깨나 자세 때문에 고민이신 분들, 혹은 앉아있는 시간이 길어 자세 교정이 필요한 분들에게 이 밴드를 추천합니다."
선크림,바다를선크림이라는 문구가 마음에들어 구매한 선크림^^ 중탕방식으로 진액을 추출하는것도 신기함~ 저는 진짜 민감피부기도하고 안좋은 선크림바르면 눈이 시리거든요 근데 이거발랐는데 진짜 시림없다는;; 진짜 데일리로 쓰기좋은 썬크림인거같아여~ 선크림은 이제 이거로 정착해야할듯해여~
자세밴드,지난번에 거울 통해서 본 제 자세 보고 충격먹고나서 주문한 이후로 꾸준히 사용하고있던 제품인데 자세 교정에 효과 많이 보고 아빠도 사용하시면 좋을 것 같아서 투엑스라지 제품으로 한 번 주문해 봤어요 이게 진짜 가망 메는것처럼 딱 착용하면 처음에는 불편한데 꾸준히 착용하니까 올바른 자세대로 사용하는 근육이 잡히면서 이제 착용 안하고 있을 때도 자세가 바르게 되더라고요 그래서 장시간 운전하시는 아빠 착용하시면 좋을 것 같아 주문해 드렸는데 착용방법도 간단해서 아빠가 사용하시기에도 문제 없을 것 같아요 생각한 것보다 효과 좋은 제품이라 만족합니다 굿~~
선크림,"하루종일 눈물 흘리고 다니고 눈도 못 뜰정도로 너무 눈이 시려요 이거는 얼굴 빼고 몸 바르는용으로만 써야할듯요.. 진짜 며칠 고생하고 힘들었어요.. 제가 왠만하면 리뷰 안쓰는데, 눈이 너무 시려서 저처럼 눈물 줄줄 흘리고 고생하실까봐 리뷰 합니다. 절대 얼굴에 쓰지마세요ㅠㅠㅠㅠㅠㅠ"
자세밴드,허리가 아플 때마다 사용중!! 완전 효자템!! 파스보다 요게 좀 더 유용한 것 같아요! 근데 여름엔 더워요ㅜ
자세밴드,스몰 사이즈 작지는않을까 걱정했는데 사이즈 부분에서 압박감있게 잘 맞아서 좋네요. 매일 잘 착용해보려합니다
자세밴드,남편과 저랑 어깨가 살짝 말린 어꺠라서 항상 자세를 교정하는 연습을 하곤하거든요 그런데 이것도 스스로하는것도 한계가 있다보니 아무래도 밴드에 효과를 얻으면 어떨까하는 마음으로 구매해봤어요~ 사이즈는 남녀공용이라서 일단 남편사이즈에 맞춰서 구매했는데 남편한테 딱맞고 좋네요! 자세도 잘 잡아주고 아프지않게 곧게 펴주는거같아요@ 그리고 송풍도 잘되게끔 천 마무리가 되어있어서 좋아요!
선크림,"요즘 같은 날씨에 자극없는 무향 선크림 찾고 있다면, 이 제품 추천해요. 화장 전에 발라도 밀림 없고, 무엇보다 자극이 없어서 피부 예민한 날에도 걱정 없이 쓸 수 있어요. 배송은 빠르게 왔고 포장도 깔끔하게 잘 도착했어요 처음엔 ‘어? 좀 작다?’ 싶었는데, 묽은 제형 덕분인지 양 조절만 잘 해서 쓰면 꽤 오래 쓸 것 같아요. 크기 대비 효율은 좋아요! 제형은 묽은 로션처럼 부드럽고, 백탁도 전혀 없어요 피부에 착 감기듯 스며들고 끈적임 없이 산뜻해요. 아침에 바르고 외출 준비해도 뭔가 쓱- 편하게 끝나는 느낌이랄까요? 이런 점은 좋았어요 :) - 피지오겔답게 자극이 전혀 없음 - 화장 전에 발라도 밀림 전혀 없음! - 무향이라 호불호 없이 누구나 편하게 쓸 수 있어요 - 가볍고 산뜻한 마무리감이 데일리용으로 딱이에요 이런 점은 아쉬웠어요 :( - 제형이 꽤 묽어서, 뚜껑 열자마자 너무 기울이면 흘러요 - 실제로 옷에 한 번 묻혀봤어요… 주의해야 해요! [정리하면] 자극 없는 데일리 선크림 찾는 분들께 강력 추천! 무향이라 유아부터 어른까지 온 가족이 함께 써도 부담 없어요. 특히 ‘선크림 바르면 답답하다’는 느낌 싫은 분들, 이거 한번 써보세요."
자세밴드,사이즈 선택이 가능해서 좋구만여 S로 샀떠니 저한테 딱 맞아여 밴드를 착용하고 나서 허리도 곧아지고 자세가 예뻐진 것 같아서 맘에 들어여 무엇보다도 겉옷 안에 편하게 착용할 수 있어서 좋습니다아
선크림,엄마가 백탁없는 선크림을 하나 사달라하셔서 이것저것 후기를 많이 찾아보다가 이게 좋아서 사드렸어요 눈시림도 없고 끈적임도 없고 백탁까지 없다니.... 이거 완전 럭키비키잖아요? ㅋㅋ 엄마가 써보시더니 부드럽게 잘 발린대요 로션 하나 더 바르는 것 같아서 편하고 좋으시다네요 거기게 spf가 50이나 되서 더 안심됩니다 추천드려요 ~~
자세밴드,요즘 자세교정에 관심이 생겨서 운동 시작했는데 같이 도움좀 받아보려고 자세교정밴드도 같이 주문했어요 제품은 배송도 빠르고 밴드가 탄탄하게 잡아줘서 뭔가 똑바르게 자세를 잡게돼요 불편하면 잘 착용 안할까봐 걱정 했는데 복대처럼 허리에 꽉 매준다음 가방 메는 것처럼 어깨에 걸고 밴드를 허리쪽에 당겨준다음 찍찍이로 붙여주면돼서 진짜 편하고 좋아여 밴드도 탄탄하고 아프지않아 좋습니다~
자세밴드,등이 굽은편이라서 집에서 사용해보려고 사본건데 이거 쓰니 확실리 어깨를 펴줘서 자세 잡기가 좋아요 틈날때마다 착용중인데 맘에 들어요
선크림,후기보고 엄청 촉촉할줄알았는데 기대보다 뻑뻑해요 제피부가얇은편이긴하나 트러블거의없는 편이구요 이니스프리안티에이징세럼 썬 쓰다써서그런가 생각보다 뻑뻑하고 톤업도 내피부가어두워서그런지 둥둥떠보임요 후기보면 자연스런톤업이라던데 저처럼 까만사람은 둥둥될듯요 감안하고 사용하심될듯요 일단 파데섞어서 색맞춰서 다시써보려합니다 그래도 다른썬에비해서는 괜찮은거같기도하고 모르겠슴돠
자세밴드,라운드숄더라서 너무 스트레스 받더라고요ㅠ 착용감도 괜찮고 조절도 가능해서 좋은거 같아요 가격도 좋아서 너무 좋은듯 합니다~! 굿굿
선크림,"쿠팡체험단 이벤트로 상품을 무료 제공받아 작성한 리뷰입니다. 가면 갈수록 강해지는 햇볕! 이 햇볕에서 나오는 자외선을 막기 위한 다양한 선크림을 발라보았는데요? 백탁 현상이 어마무시하거나 땀을 흘렸을때 고대로 땀방울로 송골공골 맺히는 경우가 많더라구요. 그렇게 선크림 유목민으로 여기저기 돌아다니다가 좋은 기회로 사용해보게 된 피지오겔 데일리 모이스쳐 UV 패밀리 썬 로션 SPF50+ PA+++, 100ml, 1개 후기입니다. 먼저 간단한 스펙 설명을 해드리면! 용량은 100ml, SPF50+, PA지수도 +++로 한국에서의 자외선은 다 막기에 충분하구요? 이미 피부에 쓰는 화장품으로 유명한 피지오겔에서 만든 썬크림입니다! 이 제품은 '우리 가족 데일리 UV차단 수분 가득 썬 로션' 이라는 문구를 붙일만큼 남녀노소 사용하기에 부담없음을 어필하는 제품입니다! 그렇게 확실히 느낀게 그냥 일반적인 제품을 사용했을때 눈이 시린 경우, 끈적이는 경우 등 다양한 불편함이 존재했는데 이 제품은 그냥 로션 바르는 느낌으로 이질감없이 발리더라구요. 수분, 보습 및 수렴 성분도 함유되어 있어서 그런가보다 라는 생각이 들었어요! 그리고 자외선차단, 주름개선, 미백까지 3중 기능성 케어로 자외선 차단이라는 기능뿐만 아니라 주름과 미백까지! 아주 일석삼조구요? 남녀노소, 그리고 모든 피부에 사용하기에 좋은 피지오겔 패밀리 썬 로션 후기였습니다!"
선크림,피지오겔은 순해요. 온가족이 사용해도 좋은 참 잘만든 제품이죠. 전 참 쿠팡 클릭을 즐겨요. 사용하고 있는 제품 있는데 피지오겔이 떠서 구매했어요. 때찌. 그래서 아직 미사용중입니다. 믿고 구매해서 그래도 좋아요. 화장할 때 항상 선크림 사용중이라 금세 사용하게 될거에요
선크림,제품은 좋아요. 근데 가격이 자꾸 변동 되네요. 저는 매번 할인가에 구매하지 못했어요 ㅠㅠ
선크림,저는 썬크림 유목민이에요 좋다는거 비싼브랜드들도 다써봤구요 명품화장품들 선크림도 구매해서 한두번쓰고 지인줘버리고 그랬거든요? 근데 이 제품을 쓰곤 정착했어요 이번엔 남편이꺼 샀거든용 언제 티비를 보더니 자기도 자외선차단을 해야겠다며 사달라네요 남자분들이나 여자분들도 썬크림쓰면 눈따갑거나 약간 끈적하거나 이런제형들 겪어보셨잖아요? 이건 절대안그래요 정말로요 그래서 제가 이 제품을써요 그 좋다는 비싸다는거 다써봤지만요 그리고 제형도 크림이지만 묽어요! 대게 수분크림 제형같아서 끈적이지 않아 넘 좋구요 여러가지 좋은재료들로 만들어져 믿음이 갑니당 이거 바르고 쿠션이나 파데발라도 뜨지않구요 아 남편이도 얼굴에 뭐바르는거 대게 싫어하는데 이건 바르는 촉감도 좋데용!! 자외선차단도 잘되고 유지도 좋더라구용!!
자세밴드,사이즈가 다양해서 좋았어요 제가 좀 살집이 있는데 포엑스라지까지 있더라고요 ㅋㅋ 다른 제품은 사이즈도 라지만 있는데 이건 넉넉하게 있어서 좋았어요
자세밴드,소재도 좋고 사용법도 간편해서 좋아요 지지되는 힘도 강력하고 아주 맘에 드네요 구매하길 참 잘한거 같아요 :)
자세밴드,짱짱하니 아주 좋아요 등이 자꾸 굽어서 자세 바르게 잡아보려구 구매했는데 효과 만점입니다 재질도 좋고 마감처리도 깔끔하니 잘 만들어진 제품이에요
자세밴드,평소에 허리가 안 좋아서 구매했어요 일단 이 제품은 사이즈가 다양해서 좋은데요 체형에 맞게 사이즈 선택이 가능하고 2중 고탄성 밴드로 어깨를 바르게 잡아주고 삐뚤어진 골반을 지지해줘요~~ 양쪽 어깨와 가슴 복부 이렇게 강한 쪼임으로 움추렸던 상체 부분이 곧게 펴줍니다 또한 이 자세교정밴드는 장시간 착용하고 있어도 답답하거나 불편하지 않고 통기성 좋은 메쉬 소재로 땀이 차지 않아서 좋더라고요 자세교정밴드는 처음 착용시엔 하루에 두세시간씩 착용하다가 서서히 시간을 늘려주는 게 좋다고 하더라고요 그래서 티비보거나 컴퓨터 할 때 집안일 할 때 주로 착용하는데 확실히 이거 착용한 이후로 자세가 바르게 유지 되더라고요! 스트레칭 하거나 운동할 때 사용하기에도 좋구요~~ 전체적 내구성도 아주 훌륭하고 마감도 깔끔하고 튼튼하게 잘 만들어진 제품이라 오래 오래 잘 쓸 것 같아요~
선크림,톤업되는 썬크림 찾는데 민낯을 자연스럽게 커버해줄 썬크림이 필요했음. 건성피부라 바른후 건조함이 느껴지면 곤란한데.. 이자녹스썬크림 생각보다 괜찮음. 건조함을 완벽하게 잡아주진 않지만 기초꼼꼼히(크림까지)하고 발라주면 굿~ 원래쓰던건 에스쁘아제품인데 건조피부에 최강인 제품임 근데 톤업효과는 미미함 그래도 좋아서 꽤 오래썼는데 지겨워서 외도중 ㅋㅋ 이자녹스썬크림 최대 장점은 자연스러운 톤업임 내얼굴을 있는 그대로 최상의 상태로 만들어주는 느낌? 왜 그런날 있지 않음? 너 오늘 피부 좋아보인다~? 딱 그런상태가 됨. 적당히 톤업효과가 있어서 메이크업시 베이스역할도 해주어서 어느정도 얼굴톤을 일정하게 정리해주니 똑같이 메이크업해도 피부가 훨씬 깔끔하게 표현되고 지속력도 좋아지는걸 느낌 특히 남성분들..자신의 피부를 자연스럽게 좋아보이게 해줌 오버스런 느낌 전혀없음 남녀모두 만족할 제품임 그래서 남편도 애용함 이뻐졌음 ㅋㅋ
선크림,제가 귀찮아서 후기 잘 안오리고 진짜로 괜찮으면 귀찮아도 적거든요. 전 썬크림을 바르고나면 눈이 맵고 눈물이 질질흘러 화장도 망치고 이래저래 아쉬운대로 스틱형으로 바르고 다녔는데 후기에 끈적임도 없고 눈시림도 없다길래 속는셈치고 구매했는데요. 와~~~ 진짜 발림성도 좋구요. 눈시림 없고요~ 무엇보다 끈적임이 없어 요거 진짜 대박이다! 기존의 스틱형이 (제가쓰는거 눈시림없고 끈적임없는거) 겨울에는 피부에 문지르니 좀 자극적으로 (제 피부가 은근 예민한것같음) 느껴져서 어떡해야하나했는데 신세계~ 전에는 썬크림또는썬스틱 게으르게 발랐는데 (눈시림 끈적땜시 ) 이젠 부지런히 바를수 있을것같아요. 그만큼 저에게 이 썬크림은 신세계를 맛보여줬다는거죠. 끈적임없고 발림성좋고 눈시림없이 만들어주셔서 진심으로 감사합니다.
자세밴드,"하루 종일 서서 일하는 직장인이라 평소에 어깨가 점점 앞으로 말리면서 자세가 흐트러지는 게 눈에 보일 정도로 느껴졌어요. 특히 오후만 되면 어깨가 뻐근하고 승모근에 뭉친 느낌이 너무 심했는데 거울 속 내 어깨 라인이 예전보다 훨씬 말려 있는 걸 보고는 이대로는 안 되겠다 싶었습니다. 그래서 검색 끝에 고른 게 이 정직한닥터 바른 자세 교정 밴드였어요. 약국에도 입점돼 있다고 하고, 후기도 좋아서 M 사이즈로 구매해봤습니다. 처음 착용할 때는 약간의 불편감이 있었어요. 아무래도 평소와는 다른 방향으로 어깨를 당기니까 당연한 거겠죠. 하지만 몇 번 착용하면서부터는 적응도 되고, 무엇보다 착용 후 어깨가 펴지는 느낌이 확실히 있어서 착용하는 습관 자체가 자세 교정에 도움이 되더라고요. 밴드 자체는 생각보다 가볍고 부드러운데, 견고하게 어깨를 지지해주는 느낌이 좋아요. 특히 밴드가 넓직해서 피부에 자극도 덜하고, 조절 벨크로도 튼튼해서 움직이다가 흘러내리거나 헐거워지는 일 없이 안정적으로 고정됩니다. 팔을 움직일 수 있는 자유도는 있으면서도, 어깨가 앞으로 쏠리는 건 자연스럽게 막아주는 구조라 정말 잘 설계된 제품이라는 생각이 들었어요. 저는 주로 업무할 때 2시간 정도씩 착용하는데 그 시간 동안만이라도 어깨와 등을 바로 세우게 되니까 전반적인 자세 교정 효과를 꾸준히 느끼고 있습니다. 무엇보다 착용을 자주 하다 보면 평소에도 나도 모르게 자세를 신경 쓰게 되는 게 진짜 장점이에요. 디자인도 아주 심플해서 이너웨어 안에 착용하면 겉옷에 티도 잘 안 나고요. 여름철에는 더울 수도 있겠지만 통기성은 꽤 좋아서 지금 같은 간절기에는 부담 없습니다. 꾸준히 쓰면 확실한 효과를 주는 좋은 제품이라고 생각해요. 1~2일 쓴다고 당장 몸이 바뀌는 건 아니지만 며칠 쓰고 나니 어깨 뻐근함도 줄고, 무엇보다 거울 속 자세가 확실히 달라졌습니다. 이제는 안 하면 불편할 정도로 습관처럼 착용하고 있어요."
자세밴드,사이즈도 딱이고 남편한테 잘 사준거같아요 목디스크가 있어서 자세 똑바로 하야한다고 의사쌤한테 듣고는 바로 사달래서 사준건데 좋네요 가격도 괜찮고 자세가 아주 딱입니다
자세밴드,"하루 종일 컴퓨터 앞에서 구부정하게 앉아 있는 남편을 위해 자세 교정 밴드를 준비했어요. 요즘 어깨와 등이 많이 뭉치고 허리도 아프다고 자주 주물러달라고 하더라구요. 그래서 걱정이 되어 여기저기 알아보니 후기를 보니 효과가 좋다고 하길래 믿고 주문했습니다. 배송은 역시 로켓배송이라 하루 만에 도착해 바로 착용해 볼 수 있었어요. 4XL 사이즈를 선택했는데 조절이 가능해서 체형에 맞게 편하게 착용할 수 있더라고요. 처음엔 조금 낯설어했지만, 착용 후 바로 어깨가 펴지는 느낌이 나면서 자세가 교정되는 것을 본인도 느낀다고 하더라고요. 가장 좋은 점은 착용감이 생각보다 편하다는 겁니다. 하루 종일 쓰기에는 조금 부담이 있지만, 업무 중이나 집에서 짧게라도 착용하면 등과 어깨가 자연스럽게 펴지고, 구부정했던 자세가 점점 교정되는 느낌이에요. 소재도 통기성이 좋아 땀이 차지 않고, 디자인도 깔끔해 외출할 때 옷 안에 착용해도 티가 덜 납니다. 남편이 착용한 지 며칠 안 됐지만 벌써 어깨 결림이 조금 줄었다고 하니 사길 잘했다는 생각이 듭니다. 꾸준히 착용하면 확실히 도움이 될 것 같아 앞으로도 착용 시간을 늘려볼 계획입니다."
선크림,자외선 차단은 물론이고 특히 땀흘려도 눈이 따갑지 않아 이것만 사용해요
자세밴드,"아주 탄탄하게 잘 잡아줘요. 남편 자세교정용으로 구입 했고 워낙 업무 하면서 자세가 안좋다보니 회사에 가져가서 잘 쓰고 있어요. 습관적으로 등이 구부정 해지는데 자세교정밴드가 잡아주니까 등 결리는것도 덜하다고 하네요. 회사 생활 한 해가 갈수록 라운드숄더 심해지고 거북목, 등 점점 굽고 맘 아팠는데 이제 맘이 좀 놓이네요. 주기적으로 물치 받던것도 이제 안받아도 될 것 같다고 하니 엄청 맘에 드나봐요. 일단 자세가 평소에 안 좋으신 분들은 교정 밴드 써보는게 도움이 많이 될 듯 합니다!"
자세밴드,어깨가 항상 뭉쳐있으니 자세도 불편해서 한번 사봤어요 밴드 사용하기도 편하고 벨크로 부분도 잘 붙여지네요 밴드 하고 겉옷입으니 아무도 몰라서 좋고 자세도 많이 좋아져서 정말 만족합니다
자세밴드,퀄리티 좋고 편합니다 재질이 가벼우면서도 통기성 좋고 튼튼해서 마음에 들구요 데일리로 장시간 착용해도 불편하지 않아요 지지대가 척추를 곧게 펴줘서 말린 어깨 등 골반까지 바른 자세 유지하는데 많은 도움이 되는데 특히 어깨와 복부에 동시에 띠를 두르니 어깨만 펴주는게 아니라 복부에도 힘이 들어가 튀어나온 흉곽과 배도 집어넣게 되는 효과가 있어요!
선크림,신랑 선크림 구입해 달라고 해서 이것저것 비교해보고 구입했어요 끈적이는거 싫어하는데 워터로션같이 싹 스며드는데 백탁현상 없어서 좋습니다 사용감이 일반 선크림에 비해서 많이 가볍고 묽은데 또 보습력은 있는거 같아서 신기?하면서 만족스럽네요^^
자세밴드,"처음 착용했을 땐 살짝 불편했지만, 점점 어깨가 펴지고 자세가 바로 잡히는 느낌이에요. 장시간 앉아 있을 때 허리랑 어깨 부담이 확실히 줄어들었고, 헐렁하지 않고 탄탄하게 잡아줘서 안정감 있어요. 옷 안에 티 안 나게 착용할 수 있는 점도 마음에 들어요!"
자세밴드,자세가 구부정 해서 교정이 필요해서 지인이 추전해줬어요 교정 밴드 착용하기도 쉽고 또 편하네요 이 밴드 하고 자세도 확실히 좋아졌어요 꾸준히 쓸려고요
선크림,"화해앱으로 검색해보니 유해성분, 알러지 유발 성분이 없이 안전한 등급으로 만들었습니다. 그리고 후기에서 촉촉하다는 얘기가 많아 구입하게 됐습니다. 제가 악건성 피부이기 때문입니다. 겉포장에 보니 해양오염에도 착한가봅니다. 실제 사용해보니 촉촉합니다. 따뜻한 물 세안 만으로도 어느정도 지워지는 것을 보니 유기자차로 보입니다. 무기자차의 경우 건조한 저의 피부에는 잘 맞지 않아 순한 유기자차를 선호합니다. 그리고 무기자차의 경우 세안시 잘 닦이지 않아 번거로워서 더욱 유기자차를 선호하고 있습니다. 바다를 살리는 선크림’이라는 이름 자체가 해양 생태계에 유해한 자외선 차단 성분(예: 옥시벤존, 옥티녹세이트 등)을 배제했다고 합니다. 이는 산호초와 해양 생물을 보호하기 위한 조치로, 최근 부각되고 있는 친환경 뷰티 제품이라는 점에서 마음에 듭니다.기후온난화와 깨끗한 환경을 지켜나갈 의무는 누구나 느끼고 실천했으면 좋겠다고 생각하기에 더욱 선호하여 재구매로 이어나가야 겠다는 마음을 먹게 됩니다. 시슨드시라는 회사가 신생회사인중 알았는데 설립이 1999년입니다. 제가 그간 새로생겼나?? 하고 무심코 넘어갔던 많은 회사이름들이 함께 떠오르네요. 순하고 백탁없고 눈시림이 없습니다. 촉촉해서 건조한 피부인 저는 덧바르기도 좋습니다. 덧바를시 메이크업이 유지되지는 않습니다. 바다를 생각하는 기업이미지가 있습니다. 때문에 저는 재구매 의사가 있습니다. ** 구매시 선택에 도움이 되기를 바랍니다."
자세밴드,포장 잘돼서 배송 잘 받았고요. 필요해서 여기저기 보다가 구입했는데 품질 좋고 아주 만족스럽네요. 잘 사용할게요
선크림,"▶️ 구매내역 상품명 : 시슨드시 선크림, 50g, 1개 구매일 : 2024.07.14 ▶️ 구매동기 & 상품평 기존에 쓰던 선크림이 가격대가 조금 있는 편이라 부담스러워 다른 제품을 찾던 중 시슨드시를 알게되어 구입하게 되었습니다. 제가 원하는 선크림은 백탁이 없고, 끈적이지 않으며, 자극이 없는, 그리고 로션처럼 답답하지 않게 촉촉하게 잘 발리는 선크림을 찾고있었어요. 자외선 차단 지수는 당연히 높아야하구요! 이런 선크림을 찾다보니 시슨드시 선크림이 딱 적합하더라구요. 구입 후 약 한달 사용해보니 정말 딱 제 마음에 듭니다. ㅎㅎ 유통기한은 약 2년 9개월 정도로 굉장히 넉넉합니다! 일단 선크림은 거의 필수로 매일 바르다보니 자극 없이, 눈 시림 없이 잘 발리는 게 중요한데 로션처럼 촉촉하게 발려서 답답하지 않고, 하얗게 뜨지 않아서 정말정말 좋네요 ㅎㅎ 산뜻하게 챡 밀착 되면서 끈적이지 않기 때문에 이 선크림 바른 후 화장 해도 밀리지 않아서 부담되지 않아 좋습니다. 그리고 저만 그런지 몰라도 바르면 뭔가 시원~한 느낌이 들어요!!! 자극도 없고 발림성이 너무 좋아서 자외선 차단력이 안좋은 건 아닌지 걱정됐는데 차단력이 굉장히 높아서 장점만 갖춘 선크림이 아닐까 싶어요! 백탁과 눈 시림이 없고 촉촉한 선크림을 찾으신다면 정말 추천 드립니다 ㅎㅎ ✅ 요약 - 백탁 없음 - 눈 시림 없음 - 좋은 발림성 - 촉촉함 - 높은 자외선 차단력 재구매의사 ⭐️⭐️⭐️⭐️⭐️"
자세밴드,적당히 잡아주는 느낌이 의식적으로 몸을 세우게 되고 교정해줘서 바른자세가 되네요.어깨가 많이 펴졌어요.
자세밴드,매일 사무실 컴퓨터를 거북이처럼 들여다봐서 그런지 어깨랑 등이 항상 아팠는데 이거 쓰고나니 조금씩 좋아지는게 느껴집니다! 요가 다니면서 같이 쓰고 있는데 효과가 더 배가되는거 같아요~ 가격도 부담없어 모든면에서 만족합니다!
자세밴드,살찌고 배나오면서 자세가 더 구부정해지더니 허리와 목에 무리가 오고 어깨도 많이 아픕니다. 그래서 구매해보았는데 등 지지대가 정말 튼실합니다. 밴드 신축성도 좋고 사용법도 간단하고 편합니다. 겨드랑이쪽 압박은 있지만 느껴질때마다 바르게 펴주면 덜 아프게 되서 아무 자극 없는것보다 나은것같습니다. 자세교정밴드 덕분에 무의식중에 자꾸 구부정해지는 자세를 고치다 보면 허리아픔이나 목아픔을 줄일 수 있을것 같습니다.
선크림,피부를 많이 신경쓰는 남자입니다. 백탁기능 없이 로션처럼 촉촉하게 끈적이지않고 편하게 바를 수 있는 썬크림을 찾았는데 바로 이겁니다. 다 쓰면 또 주문할거에요. 기존에 쓰던 스킨 로션 라인업을 아예 시슨드시로 넘어오려고 합니다. 스킨로션도 좋을거같아요. 용기 포장질감도 고급스럽고 좋아요. 새벽2시에 자기전에 주문했는데 점심먹기 전에 도착해서 집에 넣어두고 외출했어요. 배송속도 무엇?ㅎㅎ
자세밴드,아버지 생신선물로 샀어요. 어깨가 쫙 펴지는 느낌입니다!
선크림,피지오겔에서 두드러기 날줄은 생각지도 못했는데 썬크림때문이었네요ㅠㅜ 넘나 속상
자세밴드,"요즘 집에서 재택하느라 거북목은 심해지고 무엇보다 허리가 너무 아팠는데 ㅠㅜ 교정기구 찾다가 가격도 좋고 디자인도 깔끔한 거를 발견했어용 배송도 하루 만에 와서 좋았고, 착용하는게 어렵지 않아서 좋았어요!! 와ㅏㅏ 딱 착용하자마자 허리가 쫙 펴지더라고요 자세교정 하는데 너무 필수품인거 같아요.. 앞으로 재택할때 사용하면서 허리 보호 해주려고요 ㅋㅋ 사장님 감사합니당 !!"
선크림,원래 이자녹스 다른 라인 선크림 쓰다가 구매해봤는데 좋아요 다른 선크림은 녹으면서 눈이 시렸는데 안 그래서 좋아요
선크림,일주일이상 사용후기에요 이제 선크림 정착하려구요!!좋다하는 선크림만 집에 50여종..항상 바르면 간지럽고 벌레기어다니는 그느낌을 그어느 고가 브랜드부터 피부과선크림까지 맞는게없어서 포기하고 살앗어요 ㅠㅠ 눈시림은 요즘 어떤 선크림이고 많이 좋아졋지만 시간이 지나면 스멀스멀 눈이 충혈되요.그렇게 파고파다가 알게된 무기자차!마지막이다 하고 리뷰제일좋은 이제품 골랏어요!꾸준히 써보면서 트러블이나 민감도 등등 해본결과 신세계발견!이제 선크림은 이제품으로 끝날거같습니다!내가 좀 많이 예민하다 하시는분들 이거예요!!꼭 써보세용
자세밴드,겨드랑이 쪽이 접혀서 풀편한데 저만 그런가요? 팽팽하게 당겨야 어깨가 펴지는데 겨드랑이 부분이. 접혀서 불견합니다.
선크림,"내돈내산 후기!!!!!!!!!!!! 결론: 현재 지속적으로 재구매 중!!!!!!!! 이전 후기에도 제 글이 아마 있을 거예요ㅋㅋㅋ 매번 구매할 때마다 후기를 남겨봅니다(혹시라도 사용감이 달라질 수 있어서...ㅎ) 일단 얼굴용으로 사용하고 있어요!! 피부가 아주 극도록 예민하다! 스킨 케어 제품도 아무거나 바르지 못한다! 하는 분들에게 강추합니다!! 제가 그러거든요ㅎㅎㅎ 용량이 조금 더 큰 게 있으면 좋을 것 같은데 없어서 18000대로 가격이 떨어지는 경우 구매하고 있고, 가끔 화해에서 포인트로도 계속 구매하고 있어요~ 얼굴용으로만 바르면 한통으로 2개월~3개월 정도 바를 수 있어요!! 가끔 목까지 바르는 경우도 있어서 저는 2개월 정도 가더라고요. 이전에 안심365? 요거 쓰다가 냄새가 조금 그렇기도 하고 눈시림 있어서 자작나무 수분 선크림으로 바꿨었는데 이거는 용량이 더 작고, 용량 대비 비용이 좀 있어서 지금은 시슨드시 제품으로 정착했습니다!! 백탁도 전혀 없고, 부드럽게 잘 발려요. 크림보다는 묽고 로션보다는 조금 되직한 느낌이에요. 순한 제품들 많이 써 봤는데 다들 어느 정도는 눈 시림이 있더라고요. 근데 요거는 전!혀! 없어요!! 컴퓨터 작업을 오래하는 직업이라 눈이 건조하고 예민해져 있어서 눈 시림을 더 잘 느끼는 편인데 요거는 눈 근처에 발라도 그런 게 없어서 좋아요!!! 발랐을 때 얼굴에는 끈적이는 느낌이 안나는데 아무래도 손으로 바르다보니까 손에 발린 건 좀 찝찝한 느낌이 들어서 얼굴에 다 바르고 난 뒤에 물티슈로 손은 닦아줍니다~ 백탁 없고, 눈 시림 없고, 예민한 피부도 걱정없이 사용할 수 있는 제품이에요!! 계속 재구매 예정인데 혹시라도 중간에 바르다 문제 생기면 후기 남기러 오겠습니다!!"
자세밴드,핸드폰 사용을 많이 하다보니 거북목과 어깨등등 자세 교정용으로 구입했습니다 착용하기 쉽습니다 조끼 입듯이 끼우면 되구요 밸크로 조절도 가능합니다
자세밴드,"요즘 컴퓨터와 휴대폰을 너무 많이하다보니 어깨가 많이 굽어서 자세교정하려고 구매했어요! 착용감이 편안하면서도 어깨·등 라인을 자연스럽게 잡아줘 하루 종일 자세 교정에 도움이 되었어요~ 처음 착용할 때도 조이지 않고 딱 적당한 압박감이라 부담이 덜하고, 장시간 앉아 있어도 답답함·통증 완화에 효과가 있었어요:) M 사이즈는 77사이즈인 제 체형에 잘 맞았고 남녀 공용이라 가족끼리도 공유해서 쓰기 좋았습니다~"
선크림,썬크림을 평소에 사용은 안해서 잘 모르지만 확실한건 뒤에 있는 타사제품보다 눈도 안아프고 백태 현상도 없네요 느낌 체감상으로는 두제품 중 뒤에 제품이 끈적끈적하고 손을 씻었을때 방수 도 잘되고 자외선도 잘 차단할것같고 ^^ 진짜 선크림 느낌이 나는대 시슨드시는 그냥 무거운 로션 느낌 입니다^^
자세밴드,일단 전공자체가 악기고 지금도 매일 연습하고 연주가 많기에 구부정한 자세로 오래 앉아있어서 어깨랑 목 통증이 너무 심해져서 구매했어요 운동도 꾸준히 하지만 어릴때부터 연습하면서 잡혀진 라운드숄더가 나이가 드니 점점 통증이 심해지는데 아무래도 착용하면 딱 어깨가 펴지는 느낌이 들어서 처음에는 뻐근하다 느낌이였는데 착용하고 있다보니 오히려 통증이 줄어드는 느낌이더라구요 평소 44사이즈 입어서 s사이즈로 구매했고 통기성이 좋아서 그런지 여름인데도 막 답답하다 덥다 느낌이 없어서 좋아요 꾸준히 착용하면 바른자세 유지하는데 좋을거같아요!!
선크림,선크림 바르면 항상 눈따갑거나 얼굴 푸석푸석한 느낌이싫어서 찾다찾다 겨우찾은 시슨드시 리뷰도 좋고 해서 한번 써보자 해서 써봤는데 확실히 로션처럼 잘발리고 끈적임도없고 근데 spf50+ pa+++++니까 편하게 데일리로 쓸수있어서 좋네요 굿입니다
자세밴드,씨자로 많이 굽는단은펴기위해 샀어요이런 강제적인걸 해야 조금이나며 자세 바르게 하게 되네요사이즈나 착용햇읆다 과하게 쪼이고 하는거 없어요 생각보다 편하게 착용해요
자세밴드,구부정한 자세가 약간 컴플렉스라서 교정해보려고 구매했는데 완전 만족스럽게 잘 쓰고 있어요 짱짱하니 너무 좋고 마감처리도 우수하고 자세가 교정되고있어요~ 엄마가 보고 넘 좋아하세요
자세밴드,"평소 장시간 컴퓨터 작업과 스마트폰 사용으로 어깨가 자주 말리고 등이 굽는 느낌이 있어 바른 자세 교정을 위해 구매했습니다. 약국 입점 제품이라는 점에서 신뢰가 갔고, 남녀공용이라 착용 범위가 넓다는 점도 선택 구매 이유였어요^_^ 실제로 착용해보니 처음엔 당겨지는 느낌이 확실히 느껴지지만 불편할 정도는 아니었고, 자연스럽게 어깨를 뒤로 펴주는 구조였으며 억지로 조이는 방식이 아니라 자세를 스스로 인식하게 도와주는 느낌이라 일상생활 중에도 착용이 가능했던것 같아요^_^ M 사이즈 기준으로 체형에 잘 맞았고, 옷 안에 착용해도 크게 티가 나지 않았으며 하루 1~2시간 정도 착용하고 생활해보니 앉아 있을 때 자세를 바로 잡는 데 도움이 되었고, 오래 앉아 있어도 어깨가 말리는 느낌이 덜했고 마지막으로 소재도 땀이 차지 않아 사계절 착용하기 무난했고, 착용과 탈착도 간단했습니다."
자세밴드,"남편이 평소 앉아있는 습관이 굉장히 안좋아 허리나 어깨, 목 통증이 심한편입니다. 자세교정이 시급해보여 주문하게 되었습니다. 일단 사이즈는 건장한 성인 남성(178/83kg)에게 아주 적절한 사이즈였습니다. 크게 조이거나 널널하다거나 어느하나 불편함없이 고정력도 우수합니다. 3-4시간 꽤나 장시간 이용을 해도 불편하지 않습니다. 평소에 교정기구같은걸 착용하면 10분도 못하고 불편하다고 하는 사람인데 이건 오히려 몸이 펴지고 시원한 기분이 든다며 밖에 나갈때도 착용하고 싶다고 합니다. 아직 하루밖에 안되어 착용을 안하면 몸이 다시 굽어지는 듯 하지만 착용하면 똑바로 펴지는게 눈으로 보입니다. 꾸준히 조금씩 착용하면 자세교정에 큰 도움이 될 것 같습니다. 시간날때마다 착용을 하면 효과가 클 것 같아요!"
자세밴드,요약.. 아니 문제점 사진상으로는 생각보다 길어 보여서 구매했지만 막상 착용시 짧음 제일 큰 사이즈를 샀지만 제일 작은 사이즈와 등 (세로)길이는 똑같음 단순 예로 키 150과 키 180의 티셔츠 총장이 똑같은셈 키가 크고 덩치가 클수록 점점 불편해질거라고 생각합니다.
자세밴드,평소 운동광이라 엄청 헬스를 하는데 그러다 보니 근육이 뭉치고 거북목 처럼 되더라구요 ~ 188에 95 정도 떡대 있는 편이라서 제일 큰 사이즈로 시켰는데 딱 잘 맞고 어깨랑 허리 쫙 펴져서 아주 효과 좋습니다. 만족합니다.
자세밴드,오와웅!!!!!!!!!!! 정직한닥터 바른자세 밴드 어깨 숄더 남녀공용!! 이거 너무좋네요~~~ 저도 그렇고 남편도 그렇고 완전 라운드숄더에다가 거북목에다가 진짜 자세가 심각하거든요 ㅠㅠ 그래서 받자마자 잠옷차림에 해봤는데 뭐 저렇게 밴드하나로 교정이 될까 싶었는데 가운데 지지대가 있어서 딱 허리 펼수있게 잡아주고요 밴드들도 찍찍이가 아주 야물딱지게 되어있어서 착용감이 아주 좋네요 진짜 3센치 키가 클것같은 느낌이에요 아 잃어버린 내 키를 찾아서.........ㅎ 그리고 착용하는 방법도 너무 쉬워요 그림에 나온대로만 하면되고 제 남편은 평소사이즈 100입는데요 투엑스라지 사니까 딱 좋네요 옷 안에 입고 외줄해도 된다니 그것도 정말 맘에들었어요 집에있을때만 단기적으로 하면서 점차 시간을 늘려가야겠어요~ 자세교정이 얼마나 완벽히 시간이 얼마나 걸릴지는 모르겠지만 안하는거보단 훨씬낫고 각성하게 되는 효과가 있는것같아서 꾸준히 잘 사용해보렵니다 남편이 하는거보니 질투나서 안되겟어요 제사이즈도 하나더 사야겠어요 ㅎㅎ
자세밴드,거북목 예방을 위해 자세교정을 하라는 조언을 들었어요 집이나 회사 등 장소 상관없이 편하게 착용이 가능해 자세가 올바르게 잘 잡히고 있으며 키가 더욱 커지는 효과도 나타나는거 같습니다. 답답함 없이 안정적인 자세로 유지되니 거북목 예방에 효과가 좋은거 같아요
선크림,끈적임도 백탁도 없어요. 정말 생크림처럼 보드랍게 발려서 얼굴전체 바르며 답답하지않아 좋아요. 반짝반짝 광도 좀 보이고 보습력도 좋아서 만족하며 사용하고 있어요. 재구입도 하게 될것같아요.
자세밴드,"자세가 너무 바르지 못해서 항상 허리가 아파서 자세 교정 밴드 구매해봤어요 보통 허리만 잡아주는 그런 밴드가 많은데 이건 어깨부터 다 잡아주니까 훨씬 편하고 좋네요 중앙에 지지대가 있어서 확실히 잡아주고, 소재도 메쉬소재라 답답한 느낌도 덜해요~ 생각보다 얇아서 상세페이지 처럼 맨투맨같은거 입고 속에 착용해도 티가 안날거같아요 착용법은 처음에는 조금 헷갈리는데 착용전에 어깨끈을 차례대로 허리벨트 끈에 넣어주고 시작하는게 중요해요~ 그렇게 한 후에 백팩메듯이 어깨 끈을 어깨에 걸쳐서 착용한후 하단의 허리밴드가 허리에 잘 밀착될수 있도록 양옆으로 당겨서 찍찍이에 붙여줍니다 이때 최대한 힘껏 조여줘야, 자세가 더 바른자세하는데 도움이 되는거 같더라구요 ~ 그리고 마지막으로 어깨끈을 허리벨크로에 잘 밀착되도록 다시한번 잘떙겨서 붙여줍니다 처음에는 5분이상 하지 말고 천천히 시간을 늘려나가는게 좋다고 하네요 남편도 라운더숄더라서 항상 어깨가 말려있는데 이거하고 조금 펴지는거 같다고 해요~ 꾸준히 사용해보면 좋을거같아요!"
자세밴드,현장직 할때에는 크게 생각 못했는데 요즘 사무직군 업무를 많이 하면서 거북목이 장난 아니더라구요... 그래서 등도 휘고 목도 아프고 이제 어깨 팔까지 다아파요 ㅠㅠ 그래서 강제로라도 바른자세로 하는 노력을 해야겠다 생각하고 엄청 찾아봤는데요 이게 또 제품이 워낙 많다보니까 더 꼼꼼하게 비교하게 되더라구요! 그러다 후기도 많고 효과도 꾸준히 하면 좋다하기에 주문해봤는데요 우왓 이거 너무 좋아요 ㅠㅠ 고민하면서 망설였는데 왜그랬나 싶네요 진작살걸 ㅋ 이제라도 사서 바른자세 꾸준하게 해볼라구용 일주일쓰고 괜찮으면 남편도 하나 사줘야겠어욤
자세밴드,오래 앉아 있다보니 굽어 있어서 의식적으로 쳐주기가 잘안되서 구매햇어요 갑갑하지 않고 확실자세교정도 되고 좋아요
선크림,평생 재구매해야할 썬크림이네요 짱 그동안 썬크림 바르면 눈물이 하루종일이였는데
선크림,완전 편한 선로션 흔들고 손바닥에 쭉 짜서 얼굴에 쓱싹~! 거울 안 보고 발라도 괜츈! 백탁없음. 바르고 눈 비비면 안되요. 눈 시림. 출장때 가져갔다가. 내께 좋다고 내꺼만 씀…
자세밴드,등쪽에 단단한 철심도 있어서 등쪽 잘잡아주고 허리도 잡아주고 어깨도 어깨끈 조절해서 펼수있는 정도를 조절할수 있어서 넘 편리하고 좋아요. 사무실에서 너무 앞으로 굽어있는 느낌에 라운두숄더 심했는데 집에서 5분만해도 운동한것처럼 힘들어요. 빼고나면 확실히 등쪽이라 앞가슴쪽이 시원합니다
자세밴드,"저는 XL 사이즈를 착용했는데, 남녀공용 제품이라 사이즈 조절이 쉽고 체형에 따라 자연스럽게 맞춰지는 점이 가장 마음에 들었어요. 처음 착용할 땐 어깨가 약간 조이는 듯한 느낌이 있었지만, 몇 분 지나니까 어깨가 천천히 펴지면서 자세가 곧게 서는 느낌이 확실히 들더라고요. 특히 장시간 앉아서 업무를 보거나 스마트폰을 오래 보는 습관이 있는 분들이라면 필수템입니다 ^^ good 저도 처음엔 단순한 서포트용일 줄 알았는데, 어깨가 안으로 말리는 걸 막아주고 허리도 자연스럽게 세워주는 구조라 전신 자세가 바르게 정렬되는 게 느껴졌습니다. 안쪽 소재도 부드러운 원단이라 피부에 전혀 자극이 없고, 통기성이 좋아서 더운 날에도 땀이 차지 않아 하루 종일 착용 가능있었던것 같으며 디자인도 얇고 간결해서 옷 안에 착용해도 겉으로 티가 거의 나지 않아 부담 없이 사용할 수 있습니다 무엇보다 마음에 드는 건, 통증 없이 자연스럽게 올바른 자세 습관을 들이게 도와준다는 점 하루 30분~1시간 정도씩만 착용해도 어깨와 등이 펴지는 게 느껴지니까, 꾸준히 사용하면 분명 더 큰 효과를 볼 수 있을 것 같아요."
자세밴드,할머니께서 허리 디스크 수술 하시고 자꾸 허리를 숙이셔서 허리 통증이 계속 느껴지신다고하셔서 병원에 진료 받으러 갔더니 허리 굽히는걸 방지 하기 위해서 허리 보호대를 착용하면 도움이 될꺼라고 하시더라구요. 검색하다가 구매하게 되었고 할머니께 어깨랑 허리랑 다 같이 잡아줘서 괜찮다고 하시네요.
선크림,"전에 샀던 썬크림이 27년까지 사용년한인데 냄새도 나고 백탁이있어서 나빴는데 이제품은 눈도 안아프고 부드럽게 발라져서 좋아요. 다만 양이 많고, 가격도 저렴했으면 좋겠습니다"
선크림,배송도 빠르고 이 상품 처음 쓰는데 만족합니다. 많이 파세요~
선크림,좋아요. 연한 베이지색. 라이트 베이지색 입니다.
선크림,어머니가 아침에 밖에서 움직이는 일을 하셔서 주문해 드렸어요 사실 겨울 햇빛에도 해야 한다고 해서 잘 살펴본 후에 그래도 이름이 있는 이 제품으로 했습니다 아직 사용해 보시지는 않았지만 좋을거라 믿어요ㅎㅎ
자세밴드,"웹디라서 오래 앉아 있다보니 허리도 결리고 어깨도 결리고 안되겠따 싶어 검색하다가 후기가 좋아서 믿고 구매했는데, 직작 살 걸 그랬어요 ㅎㅎ 등을 확실하게 펴 주니깐 일 하면서 착용하는데 착용감도 편해서 불편하지 않고 너무 좋으네요 ㅎㅎ 부착력도 튼튼하고 좋아 오래 잘 쓸 것 같아요"
자세밴드,어꺠도 축 처져있고 허리도 굽었는데 이거 하고 부터 많이 자세가 많이 개선 되가고 있어요 주변에서도 다들 자세 좋아 졌다고 하시네요
선크림,평이 좋아서 쵸이스~ 묽은 로션타입에 촉촉하고 잘 스며들어요 자극이 없데서 눈두덩이에 발랐는데 진짜 편안하네요 걷는 내내 썬크림 바른지 모르겠더라구요 그날 저녁 너무 피곤해서 세수 못한체 자버렸는데 다음날 피부 트러블 1도 없이 너무 편안하네요 그래서 대만족 중이기는 하나 국내 썬크림들 자외선 차단지수 조작 논란이 많았던터라 이렇게나 발림성 밀착성 피부 편안함까지 완벽한데 과연 50의 지수가 맞을까 하는 의구심이 들정도예요 제품의 지수만 믿고 있지 말고 수시로 덧발라 주면 고민 해결되겠죠? ^^ 일단 끈적이거나 불편함 없이 산뜻하고 편안한 제품이라 대만족 입니다!
자세밴드,평소에 자세가 많이 굽어 있어서 어깨랑 등이 자주 뻐근했거든요ㅠㅠ 근데 이 밴드 착용하고 나서 확실히 자세가 많이 교정됐어요! 처음엔 어색했는데 몇 번 착용하니까 자연스럽게 어깨가 펴지는 느낌이구 장시간 앉아 있는 날에 특히 도움 됐어요! 약국 입점한 제품이라 믿음이 갑니당
자세밴드,착용해보니 너무 좋네요 포장도 깔끔하게 잘왔고 배송도 빨랐어요 착용감도 괜찮은 편이고 어깨랑 겨드랑이를 다 감싸주네요 허리 지지대도 튼튼해서 착용하고 있으면 편하게 있을 수 있네요 꾸준히 착용하면 효과가 더 날 것 같네요
자세밴드,저번에 구매했었는데 엄마께서 효과 느낀다고 하셔서 아빠꺼도 재구매해요! 편하게 매일매일 잘 사용하고계세요
자세밴드,착용하고 나면 어깨가 가벼워진 것 같아요 디스크때문에 사용하고 있는데 어깨도 잘 펴지는 것 같아요! 등을 잘 잡아줍니다
자세밴드,"아빠 사줬어요 어깨쫙 허리쫙 확실히 잡아당겨준대요 188/80 배는 없는 편, 4XL 딱 맞아요"
자세밴드,앉아서 일을 하다보니 허리가 굽어지고 거북목이 되는것 같아서 구매했어요 재질이 튼튼하고 좋아보여요 착용하는 시간을 점차 늘리고 있는데 착용할때 불편하지않고 허리가 쫙 펴지면서 몸을 지탱해주는것이 너무 좋네요 의식적으로 바른자세를 하려고하고 꾸준히 착용하면 자세교정에 많이 도움이 될것 같아요
자세밴드,허리가 너무 아파서 밴드를 주문했는데 너무 괜찮아요 통증도 많이 줄어들고 바른자세로 앉게 되니까 좋더라고요 착용감이 전혀 불편하지 않으면서 답답하지 않아요
자세밴드,일주일 정도 사용한 찐 후기 : 목 디스크로 어깨 쪽이 늘 아파서 힘들어서 구매 했습니다. 업무 특성 상 앉아서 근무 하다보니 힘들더라구요. 일주일 사용 해본 결과 착용하니 자세 교정에 효과가 있어 목과 어깨 쪽 통증이 거의 없어요. 다만 장시간 착용하다보니 겨드랑이 쪽이 좀 아팠습니다.. 구매 사이즈 2XL 평소 사이즈 77-88
자세밴드,필테 다니니까 말려있는 어깨라 지금 고정안하면 더 심해질꺼래서 주문함 교정밴드도 하고 운동도하며 시너지 기대해봅니다
자세밴드,"평상시에 사무실에서 의자에 오래 앉아 있어서 일하고나면 목이랑, 어깨가 계속 아팠는데 주변 사람들이 바른자세 교정밴드가 좋다고 한번 사용 해보라고 얘기를 많이 들어서 한번 구입해 보았습니다. 허리지지대 부분이 두개나 있어서 제가 덩치가 큰 편인데도 탄탄하게 잘 받쳐줘서 자세를 유지할때 조금 더 편하게 착용할 수 있었습니다. 지금은 회사에 가져가서 잘쓰고 있고 습관적으로 등이 구부정해지는게 있었는데 잘잡아주니까 생각한것보다 만족합니다! 일단 자세가 평소에 안 좋으신 분들이나 좌우가 비대칭이신 분들은 써보시면 도움 많이 되실거에요!"
자세밴드,평소 구부정한 자세때문에 어깨나 등쪽 통증이 심했어요. 병원에서 물리치료 받아도 그때뿐이었는데 교정밴드 착용하니까 자연스럽게 바른 자세 유지할 수 있게 돼서 좋았어요. 며칠 꾸준히 하니까 이제 혼자서도 곧은 자세 잘 잡아요.
자세밴드,착용하도 있으니 어께가 조금씩 펴지는 느낌 이에요 무의식중에 자꾸 어께가 구부정해지는데 어께끈이 당겨주니 자세가 덜구부정한거 같아요 거울만 봐도 좀 자세가 펴져 있는 느낌이에요
선크림,"쿠팡체험단 이벤트로 상품을 무료 제공받아 작성한 리뷰입니다. 제품명 피지오겔 데일리 모이스쳐 UV 패밀리 썬 로션 SPF50+ PA+++, 100ml, 1개 구매이유 복합성피부여서 이것저것 다써봐도 결국 피지오겔로 돌아오게되더라규요.. 로션이라서 되직한느낌은 없고 흔들어써도 묽게나와서 그냥 바로 바르기좋아용 찐득함없고 끈적임없고 발랐을때 밀림없눈 제품들을 찾다찾다보니 피지오겔이 최곤거같어요 구매후기 저는 토너 앰플 로션 아토크림 썬크림 순으로 맨 마지막에 발라주는데 진짜좋어요 ㅎㅎ 그리고 썬크림바루고 다룬쿠션울 발라도 밀림이있거나 들뜸이 있는데 이제품은 전혀그런거없고 얼굴에 광나보이는게 좋아요 ㅎㅎ 그리고 젤중요한 볼쪽이 건조한데 땡김이전혀없어요!! 그래서 만족하면서 쓰는중이예여 ㅎㅎ 바르고나서 피부따가움이나 눈따가움같은거 전혀없어서 애기들듀 바르기 좋을거같고 3-4시간에 한번씩 발라쥬면 좋다해서 바루는데 밀림이없어서 더좋네요 ㅎㅎ 총평으로는 피지오겔 데일리 모이스쳐 UV 패밀리 썬 로션만큼은 제최애 썬크림으로 등극했고 ! 쥬변에 썬크림 추천 해줘야겠어요 ㅎㅎ 아 ! 그리고 뮤조건 충분히 흔들어서 써야합니당 ㅎㅎ 구래야지 흐르지않고 잘 바를수잇어요 ! 제 후기가 도움이되셨다면 도움이됐어요 부탁드립니당~~"
자세밴드,짱짱하고 좋아요 ^^ 스트레칭 되니깐 시원해요 굽은 등 때문에 허리랑 목도 아팠는데.. 착용하니깐 쫙 펴지고 등을 받쳐줘서 편안해요 자세 교정에 탁월하네요
자세밴드,1주 정도 사용했는데 허리가 펴지는 느낌은 확실히 있음. 평소에 구부정한 자세를 잡아줘서 자세 교정용으로는 어느 정도 효과 있는 편. 다만 매일 오래 착용하기는 조금 불편한 편이라 적응 기간이 필요함. 장점 자세 교정 도움: 착용하면 어깨가 뒤로 당겨져서 자연스럽게 허리가 펴짐 자세 인식 효과: 벗고 있을 때도 자세를 신경 쓰게 됨 착용 방법 간단: 조절 밴드라서 혼자 착용 가능 1주 사용 기준 체감 있음 아쉬운 점 장시간 착용은 불편: 어깨 압박감이 조금 있음 매일 쓰기 빡셈: 특히 집밖에서는 조큼 땀차고 그러면 여름엔 힘들거같음 얇은 옷 위에 입으면 티가 남 사용 팁 (1주 써보면서 느낌) 처음엔 30분~1시간 정도만 착용하는 게 편함 오래 차기보다 짧게 여러 번 착용하는 게 좋음 자세 교정 보조용이지 계속 차는 용도는 아닌 느낌
자세밴드,"배도 나오고 체격이 좋은 남성분에게 딱 맞는 사이즈입니다. 어깨가 좀 굽은편이라 이걸로 자세교정하고 있는데 허리, 어깨가 강제로 쫙~~ 펴지는 느낌이에요. 처음에는 좀 힘들지만 이제 좀 적응이 되어 갑니다. 제품도 튼튼하고 어째, 허리, 등을 확실히 고정시켜 주니 좋네요."
자세밴드,"스마트폰을 너무 자주 사용했더니 자세가 좋지 않아서 자세 교정밴드를 구입했어요. 타이트하게 딱 잡아주니 어깨도 펴지고 정말 숨은키가 나오는 느낌이에요. 목디스크, 허리디스크 예방에도 좋다고 하니 열심히 써볼게요:)"
선크림,배송 엄청 빨라요 해마다 봄에 두개씩 구입해 사용하는데요 작년엔 스틱형으로 구매 여름에 땀이나면 눈이 따가워 쓸수가 없어서 올해엔 고민하고 구매~~ 백탁현상 전혀 없구여~~ 흡수 짱 빨라요 바르고 10초후면 마치 안 바른듯이 뽀송해지는 마법~^^수분감도 충분해서 피부 보습에도 좋을듯 합니다 땀에 젖어도 전혀 눈 따가움 없어서 현장서 일하는 남편이 짱 좋아하네요 두개 구입했는데 금방 다 쓸 듯 합니다 주말농장 밭에 갈때 쓸 용으로 더 구매해서 차에도 두고. 집에도 두고 곳곳에 두고 쓰려면 더 구매 해야겠습니다 가격도 부담없으니 강력 추천 합니다
자세밴드,하도 등이 굽어서 옷빨도 안받고 병원 가니깐 교정기를 추천하더라구요.. 근데 너무 비싸서 부담스럽더라구요.. 그렇게 까지는 좀.. 쿠팡에서 검색하다가 후기가 좋아서 사봤는데 정말 좋으네요 등을 받쳐주면서 어깨를 당겨주니깐 자세도 곧아지고 몸이 시원합니다 소재도 매쉬라고 통풍이 잘되고 손빨래 했는데 금방 잘 마르네요
자세밴드,"정말 만족한 제품입니다 남편이 사달라고 해서 샀는데 아주 좋아합니다 사무실에서 오래 앉아 있는 만큼 자세가 별로 안 좋았는데, 이걸 착용하고 나서 자세가 좋아지고 등도 짝 펴져서 허리도 덜 아프다고 합니다. 앞으로 쭉 하고 다닐 예정입니다."
선크림,계속 이제품만 구매합니다 땀이나두 흘러 내리지않구 화장을 바르지않아두 뽀야니 이뻐요
자세밴드,어깨가 말려있는게 스트레스였습니다. 그래서 어깨를 피는데 도움이 되는 이 제품을 구매해봤는데 생각보다 효과가 좋습니다. 기대 이상입니다. 지인에게도 추천해줘야겠습니다.
자세밴드,등이 너무 시원해요! 좋습니다! 벨크로 타이트하게 하면 배가 쫄려서 느슨하게 쓰는 편인데 교정도 되고 등도 시원하네요ㅋㅋ
자세밴드,자세 바로 잡아주는데 완전 특효약이네요 구부정해서 정말 어깨 허리 펴주고 싶었는데 아무리 말해도 안됐는데 이거 하고나니 자세가 바로 서네요 넘 만족해요
자세밴드,착용 전에는 배며 허리에 힘이 안 들어가서 구부정한 자세였는데 착용해보니까 밴드가 배랑 허리 잡아주고 끈이 구부정한 자세를 잡아 당겨주는 느낌이네요 아이가 핸드폰이랑 컴퓨터를 너무 오래 하다 보니 구부정한 자세가 신경 쓰였는데 운동하면서 밴드도 같이 착용하면 너무 좋을 거 같네요 아이도 착용해보더니 착용하면 그 자세가 유지된다고 하네요
자세밴드,장시간 앉아서 일하다 보니 어깨랑 등이 자꾸 말려서 구매했어요. 착용하면 등을 세워주는 느낌이 바로 와서 자세 인식부터 달라져요. 조이지 않으면서도 탄탄하게 잡아줘서 불편함은 적고 안정감은 있어요. 옷 안에 입어도 크게 티 나지 않아서 출근할 때도 종종 착용 중이에요.
선크림,몇 칠 않써봐서 잘모른겠네요 자외선 차단제로 화장품으로 사용 하려고요
선크림,이 제품만 쓰는 중 다른 제품들도 좋지만 이 제품이 마음에 들어서 이것만 고집 중
자세밴드,"편하고 어깨와 등을 잘 펴줍니다 피부에 닿는 옷의 재질에따라 겨드랑이 쓸림은 있는데, 이는 부드러운 옷 입으면 될꺼고 주변에 추천해줘도 하나씩 사겠다 할 정도로 편합니다 받침대?가 있어서 허리를 쭈욱 펴주는데 그 느낌이 좋습니다"
선크림,로션처럼 잘 발라집니다 생각보단 크기가 작은편이예요
자세밴드,이거 아주 요물이네요. 평소에 컴퓨터 달고사는 직업이라 목이며 어깨며 마사지받으러 다녀도 24시간 뭉치는데 이거 입으면 자세가 딱 교정되면서 근육이 릴렉스 되는 느낌이에요. 정말 시원하고 자세가 발라지니 달고다니던 두통도 사라지네요.. 진짜 자세가 중요한거같습니다. 추천드려요
선크림,제곧내입니다. 발림성은 정말 좋아요. 하지만 바르고 나면 좀 끈적이고 그 느낌이 꽤 오래 지속됩니다.
선크림,로션처럼 잘 발려서 넘 편하고 찝찝하지 않아서 좋긴 한데요.. 땀나거나 그러면 눈이 좀 따가워서 잘 안쓰게돼요ㅠ
자세밴드,"착용을 딱 하면 어깨끝이 뒤에서 잡아당기는 느낌..... 이게 어깨를 확실히 펴주는것 같아요 밴딩에 벨크로라 내 몸에 맞게 압박 정도를 쉽게 맞출수 있어요 !! 이렇게 쭉 착용하면 자연스럽게 어깨가 뒤로 젖혀지면서 등까지 곧게 펴지는 느낌이 들고, 오래 앉아 있거나 컴퓨터 작업할 때 허리와 어깨 피로가 확실히 덜해요. 밴드가 부드럽고 통기성 있는 소재라 장시간 착용해도 답답하지 않고 땀 차지 않아 편안해용 .."
자세밴드,어께만되어 있는 상품을 썼을때 밴드넓이가 얇아 겨드랑이가 피멍이들었었는데 이상품은 괜찮네영 잘쓰겠습니당~
선크림,여름에 팔 다리같은 바디에 바르려고 샀습니다 바디는 아무래도 물처럼 묽어야 발림성이 좋다고 생각해서 구매했는데 정말 바르기 편하고 피부자극이 없어 다음에 또 재구매하려구요
선크림,"원래 쓰던 선크림이 단종되어서 선크림 유목민이였는데 드디어 정착할 선크림을 찾은 거 같아요! 저는 성분 최우선인 사람이라 화* 어플 검색해봤는데 성분도 괜찮었어요. 원료 직접 재배에 3년 숙성이니 좋을 수밖에 없는.. 30년 연구라 더 믿고 갑니다. 그리고 제 피부가 예민해서 웬만한 건 눈 시림 있던데 이건 괜찮았어요. 눈 시림 때문에 백탁 감수하고 무기자차 선크림만 고집했었는데, 드디어 백탁 선크림과 안녕을 고합니다 수분크림처럼 흡수하듯 발려서 화장할 때 밀리지도 않아서 좋아요~!"
자세밴드,"어깨 교정이 필요해서 구매했어요. 요즘 주변에도 거북목이신 분들이 많고, 지금 자세를 바로잡지 않으면 나이가 들어서 허리나 목 건강이 나빠질 수 있다고 해서 미리 교정을 시작했습니다. 착용 전에는 목이 자주 결리고 허리 통증도 있었는데, 착용 후에는 이런 점들이 확실히 좋아졌어요. 착용해도 전혀 불편하지 않고 활동할 때도 무리 없이 사용할 수 있어요. 무엇보다 자세가 많이 좋아졌다는 얘기를 자주 들어서 더 꾸준히 쓰게 됩니다. 주변에서 어디서 샀냐고 많이 물어봐서 저도 계속 추천하고 있어요. 앞으로도 계속 착용해서 좋은 자세를 유지하려고 해요."
자세밴드,아들래미가 허리가 구부정해서는 사줬는데 너무 만족스럽네요 목부터 허리 어깨 다 아프다고 하더니 사용하니 찡찡대던게 없어졌어요 자세 바로 잡혀서 좋네요
자세밴드,S 구매했습니다. 직업: 사무직 연령:40대후반(6개월뒤 50대) 키: 160cm 몸무게: 43kg 학교졸업하고 아이들 출산하고 휴가 이후론 계속 사무직으로 일하다보니 오른쪽 어깨와 오른쪽 날개뼈 통증으로인해 잠을 못잘정도로 아파서 정형외과 갔더니 오십견 진단받고 도수치료랑 병행했는데 시원해지는 효과가 하나도 없어서 한의원으로 갈아타서 부황이랑 침 추나치료를 받고있습니다. 오른쪽 어깨가 앞으로 쏠려있다고 마우스 작업을 많이하다보면 그럴수 있다고 자세교정이 필요하다고 하시더라구요.. 나름 사무실에서 스트레칭도하고 했었는데 제대로 안한듯해서 교정밴드 구매했습니다. 근데 제가 체격이 작다보니 몸통쪽에 띠가 남습니다. 몸에 맞게하면 찍찍이 붙일공간이없어 그냥 배는 헐렁하게 대신 어깨쪽은 꽉 쪼이고 있습니다만 어깨끈. 한쪽은 고정이 안됩니다. 그나마 오른쪽끈으로 지탱가능합니다. 어깨끈도 상품상에 있는 여성분처럼 배중간에 절대 오지 않습니다. 그냥 옆구리에 옵니다. 몸통이 커서 별하나 뺐습니다. 밴드 찍찍이 짱짱합니다. xs 사이즈도 만들어 주시면 참 감사하겠습니다.
자세밴드,어깨부터 등까지 연결해주니 어깨를 자연스럽게 펼 수 있어서 좋네요. 다만 허리에서 붙일 수 있게 되어있는 부분의 힘이 약해 움직일 때 자주 떨어지네요.. 좀 더 강한 벨크로 테잎을 사용했으면 하는 아쉬움이 있습니다. 잘 사용할께요.
자세밴드,전 어깨가 굽어져서 자주 승모근이 뭉치고 넘 아픈데 요즘은 넘 많이 아파서 구비했어요 저도 모르게 자꾸 숄더를 구부정하게 해서 인위적으로라도 어깨를 피려고 샀는데 이걸 약 10분정도 하고 있음 불편은 하지만 뭉친 근육들이 덜 아프더라고요. 강제성은 있지만 바른자세를 잡아줘서 좋은거 같아요
선크림,"피지오겔 데일리 모이스쳐 UV 패밀리 썬 로션을 사용해본 결과, 정말 만족스러운 제품이었습니다. 자외선 차단 효과가 뛰어난 SPF50+ PA+++로, 강한 햇볕 아래에서도 안심하고 사용할 수 있었습니다. 피부에 자극을 주지 않는 부드러운 텍스처로, 특히 민감한 피부를 가진 저에게 잘 맞았습니다. 가벼운 느낌의 로션은 피부에 스며드는 속도가 빨라서 끈적임 없이 산뜻하게 마무리됩니다. 이 덕분에 여름철에는 물론, 일상에서도 부담 없이 사용할 수 있었습니다. 또한, 보습 성분이 함유되어 있어 피부가 촉촉하게 유지되는 점이 특히 마음에 들었습니다. 썬로션을 바른 후에도 피부가 건조해지지 않아 하루 종일 편안하게 지낼 수 있었습니다. 가족 모두가 사용할 수 있는 제품이라는 점도 큰 장점입니다. 아이부터 어른까지 누구나 안심하고 쓸 수 있어서 가족 외출 시 함께 챙기기 좋았습니다. 사용 후에도 백탁 현상이 거의 없어서, 피부에 자연스럽게 밀착되는 느낌이었습니다. 100ml 용량으로 휴대하기에도 적당해서 여행이나 야외 활동 시에도 간편하게 챙길 수 있었습니다. 실용적인 디자인이라 파우치에 쏙 들어가서 부담 없이 가지고 다닐 수 있었습니다. 피지오겔 썬 로션은 앞으로도 계속 사용할 계획이며, 자외선 차단제를 찾고 계신 분들에게 적극 추천합니다. 이 제품 덕분에 여름에도 걱정 없이 야외 활동을 즐길 수 있게 되어 정말 기쁘네요!"
선크림,"실제 솔직 구매 후기입니다. 피지오겔 썬로션은 민감한 피부를 가진 분들에게 적합한 순한 자외선 차단제인데, 이번에 사용해보니 향기와 발림성 모두 만족스러웠고, 보습감이 강한 만큼 유분감도 꽤 있는 편이라 사용 후에는 세정에 신경 써야 한다는 점만 참고하면 좋겠습니다. 촉촉한 타입을 선호하는 분들께는 특히 잘 맞는 제품이에요. --- 1. 향기와 발림성 – 기분 좋게 바를 수 있음 ✔ 은은하고 깨끗한 향이 나서 아침 사용 시 거슬림 없이 산뜻한 기분 ✔ 제형은 부드럽고, 백탁이나 밀림 현상 없이 피부에 부드럽게 스며듦 ✔ 바르는 순간 피부에 수분막이 얇게 형성되는 듯한 촉촉한 사용감 --- 2. 보습력이 강한 대신 유분감도 있음 ✔ 피부가 건조한 분들에겐 보습 효과까지 챙기는 느낌이라 좋지만 ✔ 지성 피부나 여름철엔 유분감이 다소 부담스러울 수 있음 ✔ 특히 실외활동 후엔 클렌징오일이나 이중 세안으로 꼼꼼히 씻어내는 게 필요 --- 3. 민감성 피부도 안심하고 쓸 수 있는 저자극 성분 ✔ 피지오겔 특유의 약산성·무자극 컨셉이 잘 유지된 제품 ✔ 눈 시림이나 따가움 없이 편안하게 사용 가능 ✔ 아이, 성인 모두 쓸 수 있을 정도로 순한 포뮬라 --- 4. 이런 분들에게 추천합니다 건성 또는 민감성 피부로 보습력 있는 썬로션을 찾는 분 백탁 없는 부드러운 발림성과 은은한 향을 선호하는 분 피부 자극을 최소화한 자외선 차단제를 찾는 분 무기자차 특유의 답답함 없이 순하고 부드럽게 발리면서, 피부를 하루 종일 촉촉하게 유지해주는 느낌이 인상적이었습니다. 유분감만 잘 관리한다면 데일리로 꾸준히 쓰기 좋은 제품이에요. 특히 봄, 가을처럼 건조한 계절에 더욱 추천하고 싶습니다."
자세밴드,코딩 공부를하다보니 허리와어깨가 계속 말려들어가서 이대로는안될것같아서 자세교정해주는거 주문했는데 불편하지않고 지지를잘해줘서 운동할때나 공부할때 바른자세유지할수있게되어 정말 만족합니다.
선크림,평소 선크림 바르면 눈이 따가워서 잘 안바르고 다녔는데 어느날 보니 얼굴에 기미가 엄청 생겼지 모에요 ㅠ 안되겠다 싶어 눈 시림 없는 선크림 찾던중 발견했네요 써보니 이전에 쓰던거와 달리 눈따가움이 없네요 백탁현상 없이 싹 스며들어 좋았어요 일반 선크림은 끈적이는게 있는데 시슨드시 선크림은 끈적임이 없어서 산듯하게 바를수 있었어요^^
선크림,엄마가 이 제품이 딱이라하네요. 큰 자극 없고 무난하게 계속 잘써진다 합니다. 민감한 피부인데도 잘 쓰시는것 보면 제품 질이 괜찮은것 같아요^^ 세번째 계속 재재재구매 중입니다.
선크림,1. 구매동기 저는 피지오겔만 사용하는 사용자 입니다. 요즘 아침에 아이 등원시킬때 자외선 너무 심해서 썬크림 안바르면 안될것 같아요. 2. 효능 아침에는 세수도 양치도 왜그렇게 하기 싫은지(게을러서 겠죠ㅎㅎ) 세수 못하고 피지오겔선로션만 바르고 나가봤거든요? 근데 안땡겨요 ㅋㅋㅋ 신기해요 ㅋㅋㅋ 스무스하게 발리고 향은 거의 없구요. 그리고 spf50 이거든요? 숫자가 높을수록 좋은거 아시죵? 3.총평 썬로션이라 스무스하게 잘 발립니다. 아이들과 가족 모두 함께 쓰세요^^
자세밴드,바른자세를 위한 작은 노력이죠! 동생이 게임만하고 책상에만 앉아있다보니 허리가 자연스레 굽어지는 모습를 보고 구매했어요 퉁퉁한 편이라서 투엑스라지를 구매했는데 딱 맞는거같습니다!!! 짱짱하게 고정되고 내구성아 좋아보여서 오랫동안 쓸 수 있을듯요!
자세밴드,만성적으로 거북목인데 2년 전부터 두통까지 심하게 오더라구요 정형외과에 갔더니 거북목은 아니라는데 .. 누가봐도 거북목이거든요 ㅠㅠㅠㅠㅠㅠㅠㅠ 병원에서 안고쳐주니 나라도 교정을 해보자 해서 이 제품을 사보게 되었는데 정말 만족스럽습니다. 후기들을 참고해서 통풍이 잘 되는 매쉬타입으로 구입했구요.. 여름에도 무리없이 착용할 수 있을 것 같아요
자세밴드,오 완전 좋습니다 기대 이상 이네요 ~ 어깨 펴지는 느낌도 확실히 들고 어깨 끈 부분이 걸리거나 그렇지도 않고요 ~ 타이트하게 잘 잡아주네요 ~ 소재로 시원하고 아주 좋아요 ~
선크림,엄청 물같고 촉촉한 제형의 선크림입니다. 그래서 사실 휴가철 아니라 평상시에 로션처럼 온몸에 바르는 용으로 편하게 사용했어요. 평상시에 사용허기에는 향도 뮤향이고 백탁이나 끈적임도 없어서 사실 정말 만족허면서 사용했습니다. 문제의 발단은 휴가철 물놀이인데요. 자외선이 강한 날씨에 1시간에 한번씩 다시 덧발라줬는데도 불구하고 피부가 벗겨질 정도로 탓더라구요 이정도면 실질적으로 선크림의 역할을 못하는 것이 아닌가라는 의문이 들었습니다. 평상시에는 옷을 입고 있다보니 자외선에 노풀이 되어서 피부가 타는지 안타는지 확인을 못했다면 수영복만 입고 노출된 팔 다리는 그냥 새까맣게 타는 게 문제가 아니라 피부가 아프더라구요 워터프루프가 아니거나 혹은 선크림의 기능이 부족하던가 둘 중 하나일 것 같아요
자세밴드,착용하면 자연스럽게 자세가 펴져요 어깨가 뒤로 살짝 당겨지는 느낌이 있어서 구부정하게 앉아있다가도 자연스럽게 허리를 펴게 돼요 컴퓨터나 휴대폰 오래 보는 습관 있는 분들한테 괜찮을 것 같아요 처음엔 어깨가 당겨지는 느낌이 낯설었는데 조금씩 익숙해지니까 오히려 안 하면 자세가 더 흐트러지는 느낌이에요 가볍게 몇 시간씩 착용하기 좋아요.
자세밴드,어깨가 구부러져서 항상 인생의 모든 짐이 어깨에 쏠린 기분 그래서 허리까지 아프고 어깨도 아프고 ㅠㅠ 그래서 바른자세로 허리를 펴보려고 샀어요 처음에는 불편했지만 점점 적응이 되서 완전 편하고 괜찮네요!
선크림,예전에 썼던 이자녹스보다는 조금 못한 느낌이랄까요? 선크림이 조금 부드러웠으면 좋겠어요 얼굴에 바르는거라서 걸죽한부드러움 원해요
자세밴드,"아이가 고등학생인데 너무 허리가 굽어지는거 같아서 교정기 주문하네요. 공부만해서 등이 곱아지는거 처럼 보이기도 하고요. 타 제품과 다르거 등에 판이 데어져있어서 기대고 피기가 좋고, 아이도 하고있는 내내 더 편하다고 하네요. 지탱이 된다고 메쉬 천이라 여름에도 시원할거 같고, 특히 끈이 길어서 키 190인 울 아이 넉넉히 하고도 남는게 제일 마음에 들어요."
자세밴드,남편이 자꾸 거북목이 되서 걱정되서 샀어요 목따로 어깨따로 2등분 되는 것 같았는데 이런 제품이 있다는 걸 알았네요 밤에 같이 걷기할 때 바른자세교정밴드를 채우고 나가니 자세가 훨씬 반듯해져서 전보다 나아보여요 계속 하다보면 자세도 많이 교정되겠죠 남편도 흡족해하고 있습니다
자세밴드,체형 교정이 안되니까 자꾸 거북목도 심해지는거 같고 그러다보니 두통도 너무 심해져서 교정 목적으로 구입했는데 생각보다 불편하지 않아서 좋아요
자세밴드,운동하면서 바른자세도 중요하다 보니 착용하면서 운동해요. 요즘 주변에서 보면 이렇게 바른자세 유지하는 거 보고 저도 구입했는데 디장인도 몸에 맞게 편하고 착용 전과 후고 확실히 다름이 느껴져서 굿 입니다.
자세밴드,평소에 앉아서 일하기도하고 자세 자체가 많이 구부정하고 통증도 점점 심해져서 구매해봤는데 완전 좋은데요?자연스럽게 상체를 잘 잡아줘서 매일 꾸준히 하다보면 자세도 잡히면서 통증도 많이 좋아질거 같아요 좋은제품 감사합니다!!
자세밴드,뒤에 끈이 끊어져서옴 리뷰이벤아니고서는 리뷰 귀찮아서 안쓰는데 이건 쓰레기제품이라 살사람들 피해서 사라고 리뷰씀
선크림,"유기자, 무기자 장점들을 모아서 그런지 발림성이며 백탁없는 것 까지 너무 좋네요. 요거 쓰고나선 다른 선크림은 못 쓰겠어요 ㅎ"
자세밴드,어깨가 많이 굽어서 이번에 고쳐보려고 구매했어요! 이게 답답하지 않고 진짜 편하더라구요~~ 허리 쪽도 잡아주고 어깨가 딱 펴진 상태로 유지가 잘 돼요. 반나절 끼고 있었는데 답답하지 않았고 뺀 후에도 어깨가 곧은 상태로 잘 유지되네요! 벨크로 부분이 접착력도 강하고 짱짱해서 고정을 잘해줍니다 저는 산책 나갈때나 러닝머신 할 때 위에 남방이나 가디건 입고 운동하는데 너무 편하고 좋더라구요 사이즈는 M으로 구매했고 한 어깨 하는데 잘 맞아요 ㅎ 가격도 저렴한데 퀄리티도 좋고 너무 만족해요!!
자세밴드,▶️구매이유 운동하시는 분 선물용으로 구매했어요. ▶️특징 및 장점 운동할때 자연스레 생기는 라운드숄더때문에 도수 교정 받으러 다니신다고해서 도움이 될까해서요. 제가 쓰던건 체격있는 성인 남성이 쓸수있는 사이즈는 없어서 찾아보니 성인남성도 착용가능한 제품을 파는 곳이 있더라구요. 사이즈 선택 폯이 커서 좋은거같아요.
자세밴드,항상 허리가 구부정해서 키가 많이 작아보였는데 지인한테 소개받고 구매했어요 허리교정밴드도 아무거나 쓰면 안된다고 추천받아 구매했는데 쓰고나니 조금 불편하지만 확실히 쫘악 땡겨주네요 ㅋㅋ
선크림,상품평이 좋아 구매했어요. 백탁현상도 없고 끈적임없이 성분도 좋다고 하니 사용해 보고 정착해야겠어요.
선크림,"#백탁없는 #눈시림없는 #끈적임없는 #촉촉한발림성 전에 쓰던 선크림이 눈 밑에 바르면 눈시림이 있어서 이번에 이 제품을 구매했어요. 용기 디자인이 아담해서 휴대하기 좋고, 바다를 연상시키는 감성적인 패키지도 마음에 들었어요. 직접 발라보니 설명 그대로 끈적거림 없이 가볍게 흡수되었고, 백탁 현상도 없어서 피부 톤이 자연스럽게 유지되더라고요. 특히 눈가에 발라도 눈이 시리지 않아서 만족스러웠어요! 선크림 특유의 무거운 느낌 없이 산뜻한 마무리감이 돋보였고, 지속력도 괜찮아서 여러 번 덧바를 필요가 크게 없었어요. 기능적으로도 **SPF50+ PA++++**라 자외선 차단력도 강해서 데일리로 쓰기에 딱이에요. 여름철엔 물론이고, 겨울에도 가벼운 보습 크림처럼 사용할 수 있을 것 같아요. 다만 용량이 50g이라 매일 듬뿍 바르면 금방 쓸 수도 있으니, 가성비를 따지는 분들은 참고하면 좋을 것 같아요!"
자세밴드,아이가 전에 다른 제품을 사용해보았는데 불편하다고해서 이 제품으로 구매해서 사용하보더니 편하고 자세를 잘 잡아준다고 하네요~
자세밴드,실착 내돈내산입니다 자영업으로 인해 하루 14시간 풀근무를 하니 어깨에 물이 차서 어깨가 말려버렸어요. 어깨를 들지도 못해서 도수치료 권장 받으며 자세 때문에 사서 착용 해봤슴다. 에어컨 빵빵한 매장에서 사용했는데 통풍 있다고 한 것 같은데 너무 더워요 허리가.. 겨드랑이 너무 아파여… 근데 자세 교정은 되니 좋은데 전 그냥 신랑이 쓰던 거 쓸래요
선크림,전 이제품만 10년 이상 써요 건조하지만 잡티도 가리고 싶고 톤 보정도 같이하고 싶다면 강추
자세밴드,자세교정밴드로 1등이라 구매했는데 좋네요 거북목이 심한데 이거 하구 자세가 펴지면서 거북목도 좋아지네여 꾸준히 하려구여
자세밴드,"사무직인 남편이 요즘 자세가 점점 굽어가는 것 같다고 먼저 말해서 급하게 구입하게 됐어요. 남편이 180cm에 85kg이라 사이즈 고민을 했는데 2XL 선택하니까 딱 알맞게 잘 맞더라고요. 처음 착용해보자마자 허리와 어깨를 탄탄하게 잡아줘서 자세가 확 달라지는 느낌이 들었대요. 착용하고 있으면 자연스럽게 등을 펴게 되고, 본인이 자세를 계속 의식하게 되는 게 이 제품의 가장 큰 장점 같아요. 조임이 심하지도 않고 헐렁하지도 않은 적당한 텐션이라 오래 착용해도 불편함이 적더라고요. 게다가 ‘약국 납품용’이라는 설명이 믿음도 더해줘서 선택에 확신이 갔어요. 그리고 생각보다 제일 마음에 들었던 부분이 벨크로(찍찍이) 퀄리티였어요. 싸구려 벨크로처럼 옷에 덕지덕지 달라붙는 느낌이 아니라, 잘못 붙여도 부드럽게 떨어지고 원하는 위치에서만 딱 고정돼서 사용감이 훨씬 좋았어요. 내구성도 괜찮아 보여서 오래 쓸 수 있을 것 같은 느낌! 또 저도 60kg대인데, 사이즈 조절이 넉넉해서 남편뿐 아니라 저도 함께 사용할 수 있다는 점이 너무 실용적이었어요. 착용법도 간단해서 누구나 금방 사용할 수 있고, 꾸준히 쓰면 구부정한 자세 습관 잡는 데 확실히 도움이 되는 것 같아요. 읽어주셔서 고맙습니다, 작은 공감 표시로 ‘도움이 돼요’ 눌러주시면 정말 감사드릴게요 :)"
자세밴드,산지 한달 밸크로 얼마안썻는데 금방 해지고 떨어짐 잘 안붙음
자세밴드,자세가 너무 안좋아서 자세 교정좀 해보려고 구입하였어요. 자세 교정만 하여도 숨은 키가 자란다고 하니 자세 교정도 하고 키도 켜지는거 기대하면서 열심히 착용해 봐야겠네요.
선크림,《 이자녹스 유브이 선 프로 365 데일리 커버 듀오 기획 세트 》 ========================================================== ○ 구매일자 ㅡ 4월 29일 ○ 배송일자 ㅡ 4월 30일 ○ 내용량 ㅡ 70ml ○ 유효기간 ㅡ 28년 3월 16일 ========================================================== 이자녹스 유브이 선 프로 365 데일리 커버 선크림은 자외선 차단과 톤업 효과를 동시에 제공하는 선크림으로 데일리용으로 적합한 제품이라고 해요. 이번에 구매한 기획세트는 선크림이 2개 들어간 세트 상품으로 2개를 저렴한 금액으로 구매할 수 있어요. ✔️ SPF50+ / PA+++ 으로 강력한 자외선 차단 ✔️ 자연스런 톤업효과 ✔️ 땀과 물에 강한 워터프루프 ✔️ 저자극 순한 마무리감 ==========================================================
자세밴드,빠른 배송! 착한가격! 좋은상품! 구매 후 바로 착용하였습니다. 효과 있는 듯 해요! 170에 80kg 인데 2XL가 딱 맞아서 좋아요 등을 잘 잡아주고 어깨가 펴지는 것 같아서 시원해요
선크림,백탁이 없으며 많이 번들거리지 않으며 피부트러블이 없이 잘 사용 중이며 향은 거의 없는 듯하며 피부가 답답하지 않으며 피부가 편안한 것 같다 순하다 눈시림도 없다 밀리지도 않는다
자세밴드,등이 굽고 라운드숄더가 심하다는 말에 바른자세 유지를 위해 자세교정밴드 구입했어요! 착용방법도 간편했고 구부정했던 자세가 밴드 착용만으로 쫙 펴지는 느낌 너무 신기했고요. 특히 탄탄하게 등을 받쳐주는 허리 지지대와 신축성 탄력성 뛰어난 밴드가 더해져 어깨 쫙 펴지며 저절로 바른자세를 유지하게 되서 자세 교정에 정말 딱이에요. 오래 착용하면 힘들것같아 걱정했었는데 밴드 착용하고 팔이라 어깨 움직임도 편했고 또 밴드로 압박도 조절도 가능해서 바른 자세 유지하는데 정말 도움됐어요. 남편도 써보더니 어깨가 쫙 펴진다며 남편 사이즈로 추가 구매해주려고요~
선크림,다른제품보다 잡티 커버나 미백효과가 뛰어나서 좋아요 밝은피부를 원하시는 분들께 추천드립니다
선크림,"선크림 여러 개 써봤지만 백탁, 눈시림, 끈적임 때문에 번번이 실패했는데요, 이 제품은 진짜 그 모든 걸 해결해줘서 만족스러워요. 처음 발랐을 때 로션처럼 부드럽게 펴발리고 밀림 없이 피부에 착 감깁니다. 백탁 전혀 없고, 바르고 나서 피부가 무겁지 않아서 메이크업 전에도 부담 없이 쓸 수 있어요. 무엇보다 눈시림이 없는 게 큰 장점이에요. 눈 가까이까지 발라도 자극 없고, 무향에 가까워 민감한 분들도 잘 맞을 듯해요. 성분도 깔끔해서 피부 뒤집힌 적도 없었고요. 50ml 용량이라 파우치에 넣고 다니기에도 괜찮고, 디자인도 군더더기 없이 깔끔해요. 기초 마무리 단계에 사용해도 들뜸 없이 잘 스며들어서 꾸준히 재구매 예정입니다. 무난하게 쓰기 좋은 데일리 선크림 찾는 분들께 추천드려요."
자세밴드,거북목 증상이 점점 심해져서 어깨 통증과 두통까지 생겨서 병원치료 받고 있는데 의사선생님께서 바른자세 유지하라고 하시더라구요. 직장생활 하다보면 계속 모니터 앞에서 고개 숙이고 일하게 되는데 어떻게 해야하나 고민하다가 친구 추천으로 구입했어요. 착용하니까 등이랑 어깨쪽 잡아주니까 의식적으로라도 바로 앉게 되고 지금은 예전보다 좋아진 거 같아요.
선크림,하루만에 배송왔어요 타사 선크림을 써보니까 백탁 때문에 화장이 다 밀리길래 찾다가 주문해봤어요 향도 은은하게 나고 끈적이지도 않고 오히려 촉촉해서 좋아요 ! 무거운 느낌도 안들고 백탁도 없어용
선크림,번질하지도 않구 매트하지도 않구 색은 메베색(살색)이라 화장할 때도 도움이 됩니다~
자세밴드,아 작아요 4xl를 사야하는건지 ....
자세밴드,사길 잘한 것 같아요 공무원 시험 준비하면서부터 오랜 시간 의자에 앉아있다보니 아무래도 자세도 안 좋아지고 이래서 주문했는데 사이즈도 잘 맞고 확실히 신경쓰지 않아도 바른 자세가 유지되어서 허리 통증이 덜하네요 ^^ 만족스러워요
선크림,한통 다 쓰고 재구매 했어요~ 자극없이 건조하지 않고 넘 좋아요
자세밴드,라운드 숄더라 진짜로 서있는 자세가 없어보여서여어ㅋㅋ 와 진짜 자세 교정 좀 해볼라고 샀어여 허리 밴드를 착용하면 자세가 펴지는데 내가 할 건 척추에 좀 힘을 주고 있어야 한다는 것? 계속 하다보면 자세유지 될 것 같아여엉
선크림,"[상품 리뷰: 이자녹스 선크림] ✅ 총평: ★★★★★ 이 선크림 정말 너무 좋아요! 평소에 피부 화장이 자꾸 뜨는 편이라 고민이 많았는데, 이 제품은 발림성도 부드럽고 가볍게 톤업이 돼서 피부가 깔끔하고 환해 보여요. 색감도 예뻐서 그런지 주변에서 “뭐 쓰는 거야?” 하고 물어본 적도 꽤 있었어요. 장점 1.발림성: 텍스처가 부드럽고 밀착력이 좋아서 쓱쓱 펴 바르기만 해도 금방 피부에 착 달라붙어요. 2.톤업 효과: 자연스럽게 피부 톤을 밝혀줘서 메이크업 안 한 날에도 이거 하나만 발라도 충분히 피부가 정돈된 느낌이에요. 3.지속력: 아침에 바르고 하루 종일 돌아다녀도 톤업 효과가 꽤 오래가요. 덧바르지 않아도 괜찮았어요. 4.피부 자극 없음: 민감성 피부는 아니지만, 트러블이 잘 나는 날에도 이 제품은 문제없이 잘 사용했어요. 피부에 부담이 없어서 너무 좋더라고요. ⚠️ 단점 아무래도 선크림이다 보니까 커버력은 별로 없어요. 잡티나 붉은 기는 따로 파운데이션이나 컨실러로 보완해야 할 것 같아요. 그래도 톤업 효과가 자연스러워서 크게 불편하진 않았어요. 그리고 저녁쯤되면 속건조 살짝있는느낌?? 사용 팁: 피부결대로 얇게 여러번 레이어드해서 바르면 더 좋은 피부결로 연출가능합니당 추천 대상: 피부 화장이 잘 뜨거나, 무겁지 않은 선크림을 찾는 분들께 강력 추천이에요. 자연스러운 톤업 효과 덕분에 데일리로 사용하기 딱 좋아요!"
자세밴드,컴퓨터 앞에 오래 앉아 있다 보니 어깨가 많이 굽고 허리가 아파서 자세 교정 밴드가 좋다는 말에 여러 제품을 찾아보다가 주문했어요 2xl로 사니 넉넉하게 잘 맞네요 처음 착용했을 때는 약간 어색했지만 몇 시간 착용하니 자세가 확실히 교정되는 느낌이 들더라고요 꾸준히 사용하면 자세교정에 도움 될 것 같아요
자세밴드,낫 베드 괜찮습니다 후회안하구요 하지만 제키는 190 몸무게 100 배가많이 나온사람으로 120사이즈를 주로 입는데 4xl 사이즈는 작더라구여 ㅋㅋ 배숨좀 들이키면 들어갑니다 좀더 큰사이즈가 있다면 더큰걸 사기를 바랍니다 ...
자세밴드,허리보호대는 여러개 있긴 한데 이렇게 어깨까지 교정되는건 없어서 구매했어요! 생각보다 안무겁고 괜찮은거 같아요!
선크림,저는 화장전이든 집에서든 늘 바르고 있는게 썬크림인데~ 백탁없고 밀림없고 부드러운걸 좋아합니다! 꾸덕꾸덕..끈적하면은 저는 절대 못써요ㅠ 비싸게주고도산건데 그런거라도 처박아둔것만 몇개나 되네요~ 가격도 너무착하고 후기도 좋고 제목에서부터 밀림없고 끈적임없다해서 기대엄청하고삿네요~ 사실 가격도 착하기도한데 설마 진짜 저럴까하고 구매했는데 너무만족합니다 어제 나간다고 화장하기전에 쓰고나갔는데 화장밀림전혀없고 백탁현상없어서 좋았고요~ 끈적이지않아서 너무좋았습니다 오늘은 아침에 씻고 바라는데 너무좋았어요 ^^
자세밴드,"정직한닥터 약국입점 바른 자세 교정 밴드 어깨 숄더 남녀공용, 1개, 4XL"
선크림,저는 평소에 썬크림 잘사용하지않아요 그이유는 답답하고 묵직한느낌에 끈적임까지ㅠㅠ 근데 요즘 지인들이 기미가 많이올라왔다는 말에..(30대초반) 충격이였습니다. 그러다가 썬크림 찾으면서 묵직하지않고 끈적임없으면서 자외선 차단잘되는건 머가있을까 고민하면서 여러가지 상품 비교하다가 가격대비 성분도 좊고 후기도 좋아서 선택했어요 :-) 저는 화장을 자주해서 백탁잇으면 정말싫었는데 전혀없고 너무좋았던건 끈적임없고 화장이 밀리지않네요;-) 그리고 끈적임이 없다보니 답답함 또한 없었습니다! 거기다가 피부가 예민한편인데 ㅎ성분자체가 너무좋아서 트러블없네요 너무만족합니다
선크림,"날씨가 따뜻해지면서 자외선 지수도 올라가 온 가족이 함께 쓸수 있는 피지오겔 썬크림을 구매하게 되었습니다. 로션 타입이라 부드럽게 발리고, 흡수도 빨라서 바른 후 끈적임이 거의 없었습니다. 썬크림 바르고 나면 얼굴이 하얗게 뜨는 그.. 현상도 없어 자연스러운 피부 톤을 유지할 수 있었고, 무엇보다도 하루 종일 촉촉함이 유지되어 건조함을 느끼지 않았습니다 첫날엔 눈이 조금 따가움을 느꼈고, 그 이후에는 눈가를 피해 바르니 괜찮았어요! 아이부터 어른까지 모두 사용할 수 있는 제품이라 가족용으로 안성맞춤입니다. 특히, 아이 피부에도 자극 없이 사용할 수 있어서 안심하고 사용할 수 있었습니다."
자세밴드,남편이 목 허리 통증이 있어서 한의원을 다니는데 자세가 너무 안 좋다고 그러네요 구부정하다고 그래서 집에서 차면서 교정하고 있어요 처음에는 불편해서 오래 못 차고 있더니 점점 적응되는지 오래 잘 차고 있어요 밴드를 차고 있으면 저절로 자세가 좋아져 바른 자세 교정에 효과가 좋아요 저는 66반 사이즈인데 착용 가능해요~ 체형에 맞게 사이즈 참고하셔서 구매하시면 될듯 ^^
자세밴드,착용감이 편안하고 소재가 부드러워 하루 종일 착용해도 불편함이 없어요. 어깨와 등 라인을 자연스럽게 잡아줘서 자세가 확실히 교정되는 느낌이 듭니다ㅎㅎ 남녀 모두 사용할 수 있고 사이즈 조절도 쉬워서 누구나 편하게 착용 가능하며 평소 거북목이나 라운드 숄더 때문에 고민인 분들에게 추천할 만한 제품이에요
자세밴드,신랑이 하루종일 사무실에서 컴퓨터만 보니 점점 허리가 굽고 목도 뻐근한게 아프다하더라구요.신랑 보면 자세도 점점 틀어지는거같아 이대로는 안되겠다 싶어서 자세교정밴드 구매했어요! 처음엔 살짝 불편할줄알았는데 생각보다 착용감도 좋다고하더라구요! 어깨랑 허리를 자연스럽게 펴주니깐 자세가 한결 부드럽게 유지되는거같아요! 장시간 착용하고있어도 무리없고 꾸준히 사용할수있을것같아요! 전체적으로 아주 만족합니다!
선크림,오랜기간동안 써오던 선크림입니다. 톤업 효과가 있는 선크리이어서 홍조가 있는 피부 타입에 적당해요. 전에 쓰던 타브랜드 제품도 좋았지만 봄의 강한 햇살에 얼굴의 홍조가 더해지는것 같아 처음 쓰던 제품으로 돌아왔네요. 발림성은 좋아요. 여성분들은 보통 기초 화장후 선크림 바르므로 크게 뻑뻑하거나하지 않을거구요. 선크림 효과와 톤업 효과 두가지를 필요로 하신다면 권해드려요~
자세밴드,"착용해보니 처음에는 어깨가 조금 당기는 느낌이 있었지만 금방 적응되면서 구부정한 자세가 자연스럽게 펴지는 게 느껴졌습니다. 억지로 조이거나 답답하지 않고, 적당히 잡아주는 정도라서 장시간 착용해도 크게 불편하지 않았습니다. 특히 남녀 공용 제품이라 체형에 맞게 조절할 수 있어 가족끼리 함께 사용하기에도 좋을 것 같아요. 하루 종일 책상에 앉아 있다 보면 어깨가 안으로 말리고 등이 굽어지기 쉬운데, 이 밴드를 착용하면 자세가 조금 더 의식적으로 바르게 유지되면서 어깨와 등이 훨씬 편안해집니다. 디자인도 깔끔하고 옷 안에 입어도 크게 티 나지 않아 부담 없이 사용할 수 있었고, 꾸준히 착용하면 자세 교정에 도움이 될 것 같아 만족스러웠습니다."
선크림,늘 믿고쓰는 피지오겔 입니다 일단 따끔 거림없고 끈적임 없어요 미백효과는 글쎄 거의 없는데요 저는 이상하게 미백효과가 없으면 ㅋ 썬크림이 제대로 발린건가? 싶어 더 바르게 되긴 하는데요 뭐 자외선차단 잘 되겠죠 흔들어서 사용해야하고여 향은 향없는 썬크림냄새입니다 로션보다 묽고 스킨보다 되직한 에센스 같은? 그런 느낌 입니다~~ 입구가 뾰족하게 되어잇어 위생적으로 보여요 아이 잘 발라주고 전 미백있는거 ㅋ사야할듯해요 ㅎㅎ
선크림,몇년동안 꾸준히 매일 바르고 있는 제품입니다. 기초화장 후에 바른후 그뒤 쿠션을 바르고 색조화장을 하지요. 색이 첨가되어 있어 얼굴이 더 환해보이고 자외선차단 기능도 있어서 더욱 맘에 드는 제품입니다.이번에 할인을해서 3개를 미리 사놓았네요. 유통기한도 길어 한동안 잘 사용할것 같습니다. 이번처럼 또 할인을 한다면 재구매 할 생각입니다.
자세밴드,사무직 이다보니 장시간 같은자세로 앉아서 컴퓨터를 해야 하는데요.. 오랜만에 만난 친구가 저를 보더니 등이 예전보다 많이 굽었다고 하더라고요;;; 그래서 이번에 자세교정밴드를 구입해봤어요!! 신기하게 착용하는 순간부터 등이랑 허리가 곧게 펴져서 신기하더라고요?? 꾸준히 사용하다보면 효과 진짜 있을거 같아요!!
자세밴드,"오랫동안 의자에 앉아았다보니 거북목과 어깨,허리 통증이 있어요. 바른자세 어깨 보호도로 해결하고 있습니다. 지지력이 좋아서 허리가 꽉 퍼지네요. 통기성이 좋아서 오래도록 착용해도 부담없이 편하고 좋아요. 선물용으로도 좋을듯합니다. 강추강추요"
자세밴드,자세가 평소에 너무 안좋아서 아무래도 갈수록 더 안 좋아 질 거 같아서 사보게 됐습니다 허리에 탄탄하게 감싸주는 느낌이 좋네요!
자세밴드,남자친구 주려고 샀는데 가성비 좋은거 같아요 라운드 숄더랑 허리쪽 잘 잡아주더라구요
자세밴드,자세밴드 여러개 구매해봤는데 이게 가장 좋아요 ㅋㅋ 근무할때 착용하고 있는데 어깨가 자연스럽게 펴져서 편해요 일상생활하면서 착용해도 문제없어요
자세밴드,요즘 컴퓨터를 많이하게 되어서 책상으로 몸이 자꾸 기우니까 어깨가 많이 꾸부정하드라구요ㅠㅠ 똑바로 앉으면 허리가 아프고 해서 어깨를 펴야겠다 생각이 들길래 찾아보다가 구매합니다 착용하기 간편하고 착용하는 순간 어깨가 쫙펴져서 교정이 되는 느낌이 들어요:)
자세밴드,"체격이 큰 편이라 일반 사이즈 교정밴드를 착용하면 꽉 끼어 숨 막히는 느낌이 많이 들어 큰 사이즈 제품을 서치하다 구매하게 된 정직한닥터의 바른자세 교정밴드:) 사용해보니 밴드 폭도 넓고, 넉넉한 사이즈 덕분에 착용감이 정말 편안해서 좋으며 굽었던 어깨가 뒤로 쫙 펴지며 등이 곧게 펴지는 느낌을 바로 받을 수 있어 좋더라구요. 마감 처리도 깔끔하고, 통기성도 우수하며 소재 자체가 튼튼해 오래 사용할 수 있을것같아요. 마지막으로 약국에 입점 된 자세 교정 밴드라 믿고 사용할 수 있어 매우 만족됩니다."
자세밴드,자세교정을 위해서ㅜ구매했는데 하고있을때 어깨를 쭉 펴주니깐 좋아요
선크림,일반 피지오겔 로션에 비해 살짝 자극이 있긴한듯 썬로션이니 어쩔수없나봅니다
자세밴드,받고 바로 사용해보았는데 안정감 있게 착용되었고 저는 옷위에 착용했는데 자국 안남아요 제가 오래전부터 거북목이라서 사람들이 볼때마다 허리좀 펴라고했었는데 그래서 피티도 받았었어요 ㅠㅠ근데 피티는 비용이 어마어마하다보니까 계속 못받는데 이걸로 자세교정 잘 해가지구 변화되었음 하네요 ! 집보다 회사에 많이 있어서 회사에서 쭉 사용해야겠습니다 ㅎㅎ
선크림,민감성 피부는 사용하지마세요.. 끈적이지않고 발림성은 너무 좋은데 저는 사용했을때 두드러기처럼 피부가 올라오더라구요. 잘 맞는 사람도 있지만 저는 바로 사용중지했구요.사용전 소량만 먼저 약한 부위에 테스트해보는걸 추천합니다.
자세밴드,허리아파서 당장 샀는데 와 이거 확실히 허리랑 어깨 딱 받쳐주니 허리도 덜아푸고 어깨 결림도 덜하네요 역시 자세가 문제였군요 ㅎ 매일하니 좋아지네요
선크림,처음 사용하는 제품이라 고민했는 데 잘 발리고 화사한 썬크림임 덧발라도 좋고 톤업되어서 더 좋음 일단 용량이 많아 경제적임 개인적으로 바르고 나서 좀 있으면 번들거림 개인적으로 쓰던 제품과 달리 클렌징 세정이 잘 안되어 2-3번 꼼꼼히 해야함 재구매는 약간 망설여짐
자세밴드,착용하고 옷 입어도 별로 티나지않아서 좋네요~오래 착용해도 전혀 불편하지않고 넘 편하네요~ 어깨도 펴지고 등지지도 탄탄하게 잘 받쳐줘서 자세 교정에 도움이 많이 되는것같아요~거북목이라 샀는데 좋은것같아요-^^-
선크림,"메이크업 전 바를려고 수분썬크림을 찾다가 구매하게되였습니다 제형이 묽고 로션 같은 제형입니다 점도가 일반 선크림처럼 크림이 아닌 로션 형태의 제품이구요흐를 수도 있습니다 향은 거의 무향이구요 저는 딱히 냄새가 안났습니다 선로션 특성상 흔들어서 쓰는 점이 좀 귀찮습니다 하지만 부드럽게 발려서 사용 감이 매우 좋았습니다 게다가 흡수력도 좋아서 위에 메이크업 하면 밀리는거 하 나도 없이 촉촉하게 잘 흡수됩니다. 용량도 많아 좋았습니다 얼굴 몸 겸용인데 전 그냥 얼굴에 바릅니다 잘 발리고 산뜻하면서 촉촉합니다 그리고 미세하게 끈적임은 있지만 막 거부감이 크게 드는 끈적임은 아니였습니다 하지만 바를때는 되게 쓰윽 발리고 쉽게 흡수가되고 바디에 쓸 썬크림이랑 발라도 괜찮을 제품입니다 피부 건강의 중요성 자외선으로부터 피부를 보호하는 것은 전반적인 건강과 안녕에 필수적입니다. 자외선은 피부암, 주름, 검버섯과 같은 심각한 피 부 문제를 일으킬 수 있습니다. 이러한 위험으로부터 피부를 보호 하기 위해서는 효과적이고 신뢰할 수 있는 선크림이 필수적입니 다. 피지오겔 데일리 모이스쳐 테라피 UV 패밀리 썬 로션"
자세밴드,돈낭비 입니다 처음에는 잘 사용했지만 금방 찍찍이가 떨어집니다 방구석에 박혀 있네요
선크림,피지오겔 워낙 순한 제품이어서 구매한건데 눈이 시려서 눈물이 계속나서 도저히 못 쓰고 다른제품 구매했어요
자세밴드,흔들림 없이 짱짱하게 잡아주는 느낌이 안정감 있고 좋네요. 그러면서도 무겁지 않고 통풍 잘되는 소재라 오래 착용해도 답답하지 않습니다. 전체적인 만듦새가 꼼꼼하게 잘되어 있는 것 같아서 오래 잘 쓸수 있을 것 같아 만족합니다!
선크림,온 가족이 사용해도 되는 썬크림이라고 해서 구매했어요 동남아로 해외여행 갈 때 가져가서 잘썼습니다 해외여행 가뜩이나 짐 많은데 이거 하나만 챙겨서 짐 덜었어요 제형은 생각보다 묽어요 많이 묽은 로션 느낌 입니다 향은 특별한 향은 없어서 무난해서 괜찮았어요 몇번 흔들어서 사용해야해요 매트한 느낌은 전혀 없고 촉촉합니다 겨울에 촉촉하게 바르기 좋은거같아요 여름에는 약간 번들거린다고 생각 할 수 있을거같아요 전반적으로 모난데 없고 단점 딱히 없습니다 저희는 얼굴이나 몸이나 그냥 다 아끼지 않고 발랐습니다^^
자세밴드,"회사에 앉아있는 모습을 다른분이 찍어주셨는데, 완전 C자이지 뭐에요 ㅜㅜㅜ.. 그래도 평소에 스트레칭도 자주하고 바르게 앉으려고 노력했는데 사진보니까 충격받아서 구매했어요. 체구가 좀 작은 편이라 m사이즈로 구매했는데 몸 사이즈랑 잘 맞아요. 처음에는 너무 펴져서 가슴이 뽝! 나와보여서 부담스러웠는데, 이게 바른자세지 싶어 부담스럽고 불편해도 계속 찼어요 ㅎㅎ 이제는 오히려 이게 더 시원하고 좋아요 ㅎㅎ 가족들한테도 하나씩 사주려구요."
선크림,상품은 둘째치고 누가 반품으로 버린 상품 배송해준줄 알았습니다. 뒤에 같이산 피지오겔 로션도 난리난리 뚜껑 열어보니 사용흔적은 없어보여 그냥 씁니다ㅋㅋㅋㅋㅋ
선크림,"날씨가 점점 더워지네요ㅜㅜ 썬크림도 바르고 파운데이션도 바르니 넘 번거로운 계절이네요 요 제품은 만족도 높아서 계속 재구매하고있는 썬크림이예요 톤업이 다른제품보다 훨 잘되는같구요~~ 발리는 제형도 좋구여, 밀착감도 타제품에 비해 월등히 좋은것 같아 추천합니다!!! 요즘은 집근처 다닐때는 파운데이션 아예 생략하고 요것만 바르고 댕겨요ㅎㅎ 유통기한도 아주 좋네요 무엇보다 저처럼 톤업도 좀 되는 썬크림 원하시면 요제품 써보시면 좋을것 같아요 전 계속 재구매할 정도로 아주 만족하며 잘 사용하고 있어요 가격도 비싸지 않으니 강추함돠^^"
자세밴드,거북목이 점점 심해져서 대비차 구매했어요~! 어깨기 확실히 펴지고 꾸준히 하면 효과볼 듯 하네요 ^^ 고정이 잘 되어서 좋아요
자세밴드,구부정한 자세랑 거북목 때문에 고민이 많았는데 정직한닥터 자세교정밴드를 써보고 꽤 좋아졌어요~~ 착용 방법도 간단하고 생각보다 부담 없이 편하게 착용할 수 있어서 일상생활이나 업무중에도 홈트할때도 무리 없이 사용가능해요!! 처음에는 쪼금 불편한 느낌이 있었는데 며칠 착용하다 보니 자연스럽게 어깨가 펴지고 자세도 조금씩 교정되는 게 느껴졌어요^^ 앉아 있을 때도 허리를 꼿꼿이 세우게 되니까 멀하든 집중력도 올라간 느낌이에요♡ 조절도 쉽게 할 수 있어서 남녀 모두 착용 가능하고 땀 배출이 잘 되는 소재라 여름에도 덥거나 답답하지 않고 괜찮았어요 ~~근데 너무 오래 착용하고 있으면 어깨가 뻐근할 수 있으니 적당히 조절해서 사용하는 게 좋을 것 같아요♡
자세밴드,순위 추천에 떠서 샀는데 정말 짱짱하니 괜찮네요~~!! 어깨아파서 요즘 매일 잘 쓰고 있어요
선크림,페이스전용으로 따로 사두었지만 궁굼헤서 얼굴에도 발라보았는데 기존 선크림보다 발림성도 좋고 수분감도 좋아 종종 바를려고해요 처음으로 피지오겔 선크림을 써보았는데 발림성도 좋고 매우 만족해서 이번꺼 다 사용하면 바로 또 구매해서 사용할거에요
선크림,좋은 제품이네요 발림성 좋고 자극성 없어서 외출할때 살짝 바르고 나가도 부담이 안될듯 합니다
선크림,이자녹스는 항상 가격이 들쑥날쑥 하네요 그래도 좋으니 이거만 주문하게 됨.
선크림,선크림이 끈적임없이 촉촉하고 바른후 산뜻해서 좋아요 끈적임 없는 점이 넘넘 맘에 들어요!! 집에서 사용하는거랑 화장품 파우치에 넣고 다녀서 재구매했어요 ^^ 파우치에 쏙 들어가서 편리해요 백탁현상없고 피부에 착착 잘 흡수되어서 좋습니다. 향도 좋고 자극없어서 엄지척 좋아요
자세밴드,배송 빠르게 왔네요 사무실에서 사용하려고 주문했습니다 엠사이즈 잘 맞네요 허리가 자꾸 굽어지는거 때문에 신경쓰였는데 이거 쓰고 펴지는거 같네요~ 잘 사용할게요~
자세밴드,스마트폰 볼때나 운전할 때 갈수록 자세가 꾸부정해지는거 같아 자세 셀프교정용으로 교정밴드 하나 구매해봤어요~ 착용하기도 편하고 생각보다 착용감도 불편하지않네요.. 확실히 교정밴드하니 자세가 꼿꼿하게 유지되고 바른자세가 되는거 같아요~ 귀찮아도ㅋ꾸준히 착용해봐야겠어요!^^ 비교하다 샀는데 가성비도 좋네요ㅎㅎ
자세밴드,집에서 폰 볼 때마다 구부정하게 있어서 목이 아팠는데 이거 하고 나니 허리를 꼿꼿이 펴게 되네요. 메쉬 소재라 그런지 생각보다 답답하지 않고 통기성도 괜찮아요ㅎㅎ 꾸준히 써보려고요.
선크림,저희어머니가 선크림 눈시림으로 고생하셔서 선물드렸는데 안아프시다고 하네요!
선크림,야외활동이 많은 직업이라서 자외선 차단제를 발라야 한다는 생각은 갖고 있으나 50g 한개를 다 사용해본 기억이 없습니다 크림 타입이든 고체형이든 사용해 본 그 어떤 제품도 백탁 발림성은 빼놓더라도 눈시림 때문에 오래 사용할 수 없었기 때문에 몇시간에 한번씩 발라야 한다는 것을 알면서도 처음 개봉해놓고 하루에 한번 밖에 사용할 수 없었고 그마저도 일주일을 넘기지 못했습니다 그러던 차에 시슨드시 제품을 또 한번 속는 셈치고 사용하고 있는데 정말 눈시림이 거의 느껴지지 않아습니다 백탁 현상도 없구요 발림성도 너무 좋아서 로션 같은 느낌입니다 하루에 출근할 때 한번 점심때 한번 두번 바르고 있는데 당연히 제구매 해야죠
선크림,"시슨드시 백탁없는 밀림없는 눈시림없는 끈적임없는 성분이좋은 선크림 SPF50+ PA++++이라니!! 깊은 자외선으로부터 피부를 보호하는 최고의 선크림으로 유명하죠! 시슨드시의 백탁없는 밀림없는 눈시림없는 끈적임없는 썬크림은 SPF50+, PA++++로 강력한 보호막을 형성하여 유해한 자외선으로부터 피부를 안전하게 지켜준대용 50g의 대용량으로 오랫동안 사용할 수 있고 우피부에 자극을 주지 않습더라구요! .가벼운 텍스처로 피부에 부담 없이 바를 수 있으며, 끈적임 없이 쾌적하게 지낼 수 있어용 * 강력한 자외선 차단: SPF50+, PA++++로 자외선 A, B파 모두 차단 * 백탁, 밀림, 눈시림 없음: 피부에 자극을 주지 않는 고품질 성분 * 끈적임 없음: 가벼운 텍스처로 피부에 부담 없고 쾌적함 유지 * 수분 유지: 히알루론산 함유로 피부에 수분을 공급하여 보습 효과 메이크업 방해없고 눈시림없어서 추~천!"
자세밴드,"✅ 착용만으로 자세가 자연스럽게 잡혀요 ✅ 남녀 모두 편하게 사용 가능해요 ✅ 소재가 부드러워 하루 종일 착용 가능해요 앉아 있는 시간이 길어 어깨와 등 근육이 자주 뭉치고 자세가 구부정해지는 게 고민이었어요. 이 제품은 착용하자마자 어깨가 살짝 펴지는 느낌이 들어서 신기했고 등과 허리까지 부드럽게 지지해주는 점이 좋았어요. 스트랩으로 사이즈를 내 체형에 맞게 조절할 수 있어 딱 맞게 착용되니 안정감이 생기고 움직일 때도 걸리적거림 없이 편안했어요. 부드러운 소재 덕분에 피부 자극 없이 오래 착용해도 불편하지 않아 일상생활에서도 사용 가능하고 집에서 휴식할 때나 사무실 근무할 때 모두 좋아요. 꾸준히 착용하니 어깨가 자연스럽게 펴지고 거북목과 뭉친 근육도 점차 완화되는 느낌이라 아주 만족스럽습니다. 전체적으로 편안함, 교정 효과, 착용감까지 모두 만족스러워서 앞으로도 계속 사용할 예정이에요."
선크림,제가 아주 예민한 눈을 가지고 있어서 선크림을 요것 저것 많이사서 발라봤거든요 눈이 너무 시려서 눈물이 많이 나더라구요 근데 시슨드시 요 제품은 괜찮은것 같아요 오늘 1회 사용함 좀더 발라보고 후기 다시 올려볼께요^^
선크림,처음엔 흰색인지 베이지색인지 색상이 안 적혀있어서 살까말까 망설이다가 발라보니 살색이라 썬크림을 매일 메이컵베이스처럼 바르고 다니는 여성분들에게 아주 좋아요. 게다가 순하고 자극이 없어 더 좋네요.
자세밴드,172에 75 2xl 좋네요 살쪄서 안붙을까 걱정했는데 잘 맞습니다 만족스러워요
선크림,제형이 로션타입이라 발림성도 좋고 잘 흡수됩니다.
자세밴드,하루종일 컴퓨터 앞에서 일하는 사람이라 그런지 거북목에 자세도 안좋은 남편에게 선물하려고 구매했어요!! 집앞에 휴베이스 약국이 있는데 거기에서 눈여겨 보고 있었는데 쿠팡에 있어서 고민없이 바로 주문! 거추장한거 싫어하는 남편인데 맨살에도 해보고 옷 입고도 해보고 안에 착용하고 옷도 입어볼 정도로 좋다구 하네요?ㅋㅋㅋ 확실히 한거랑 안한거랑 어깨랑 허리펴짐 등 자세가 달라져요!! 꾸준히 착용해서 자세교정 시켜볼게용!!
선크림,"거의 무향에 가깝고 백탁없이 선로션 스타일인데, 피지오겔은 워낙 유명한 스킨브랜드니까 믿고 구매했어요. 저는 원래 썬그림을 잘 안바르는데, 그 이유가 선크림을 바르면 꼭 뭐가 나거든요. 트러블이 생기고 좁쌀 여드름 번지고....선크림을 발라서 안타는데 여드름으로 뒤집어지는거보다 차라리 타는게 낫겠다 싶어서 그냥 파데 자체에 있는 spf 기능에 의존했어요. 근데 요즘 또 너무 잘 나온다해서 속는셈 치고 기름지지않고 라이트한 선제품 찾다가 요거 새로 나왔다고 해서 삿어요. 근데 진짜 스킨케어하고 요거까지 발라주면은 화장 안밀리고 딱 잘되요. 그리고 목에도 그냥 잘 발려서 여러모로 괜찮네요."
선크림,"쿠팡체험단 이벤트로 상품을 무료 제공받아 작성한 리뷰입니다. 피지오겔에서 나온 썬크림로션을 궁금해서 발라 봤답니다, 발라 본 뒤 후기 남겨요! 일단 이 제품은 묽은 형태의 하얀 썬로션인데, 로션처럼 부드럽고 촉촉하게 발리는 느낌이에요. SPF 50이라 강력한 자외선 차단 효과도 있어서 요즘 같은 계절에 딱 좋더라구요! 용량은 100ml인데, 일반적인 선크림들보다 훨씬 양이 많아서 가성비도 괜찮고요. 특히나 한 손에 딱 잡히는 사이즈라서 사용하기도 편해요. 디자인도 깔끔하고 세련된 느낌인데, 노란 뚜껑이 포인트! 너무 귀여워서 디자인도 마음에 들었어요 향은 딱 일반적인 썬크림 냄새에요! 나쁜 냄새는 아니고 썬크림의 그 냄새랍니다 거슬리지는 않아요. 그리고 가장 큰 장점은 바로 이 제품이 수분 선크림이라서 발림성이 진짜 좋아요! 로션처럼 부드럽게 발리고, 흡수도 빠르게 되어서 무거운 느낌 전혀 없이 가벼운 느낌으로 촉촉함만 남아요. ☀️ 솔직히 썬크림을 자주 바르는 타입이 아니라 처음엔 잘 안 쓸까 했는데, 이건 너무 촉촉하고 자연스럽게 스며들어서 매일 사용하게 되더라구요. 다 쓰면 구매 각 입니다! 수분감이 가득해서 피부가 하루 종일 촉촉한 느낌이에요. 바르고 나서 번들거림도 없고, 오히려 피부가 편안한 느낌이라 너무 좋네요. 요즘 같은 건조+추운날씨에 바르기 딱 좋은 선크림이에요!"
자세밴드,"-장점- *올바른 바른자세로 교정할수있는 어깨밴드 *자유로운 길이 조절 *쓸림없이 부드러운 원단 *이너웨어로 자연스러운 착용 *인체공학적 디자인 안녕하세요 ""오늘은 오랜만에 정말 만족스러운 제품을 구매했기에 기쁜 마음으로 이 제품을 소개할까?"" 싶어서 이렇게 저의 시간을 투자해봤습니다 일단 제가 이거를 구매한 이유는 사무실에서 오랜동안 일을하고 습관적으로 어깨가 굽어져있고 나도 모르게 거북목으로 변형되어 있어서 자세도 엉망이고 어깨/목 어디하나 아프지 않는 곳이 없었기에 이대로는 안될것 같아서 쿠팡에서 이것저것 찾아본 결과 제 기준에서는 가장 괜찮다고 생각을 했기에 구매를 했습니다 *_* 일과 나쁜습관으로 굽어버린 등&어깨 이제 이걸로 완벽하게 해결하겠다!!! 일단 착용을 했을때 확실히 어깨를 딱 잡아줘서 너무 마음에 듭니다 혼자서도 착용할수 있고 자유롭게 길이도 조절이 가능하고 원활한 통기성에 옷안에 착용을 해도 티나지 않을정도 슬림함. 그러다보니 외출시에도 착용가능 YES. 제가 2~3시간 착용을 해본 결과 오랜시간 착용해도 신경쓰이지 않고 편안하니 어찌 만족을 하지 않을수 있을까요? 이렇게 좋으니 집에서도 일터에서도 언제어디서든 사용할수가 있네 완전 100%마음에 듭니다."
선크림,자외선 차단은 물론 피부 결점을 가려주는 파우데이션 역할도 하여 피부가 더 깨끗해보여요 추천드립니다
자세밴드,매일 회사일하면서 의자에 앉아있느라 점점 굽어가는 허리를 보니 한숨이 나왔어용.. 그래서 이 제품을 옷 안에다가 착용하고 업무를 보는데 생각보다 편하고 괜찮아용 좋아용 ㅎㅎㅎ
선크림,이청아님이 사용하신다고 해서 구매했어용 눈시림 증상은 눈물 흘리면 있어요 가만히 있으면 없고 순해서 트러블 난 적도 없어요!
선크림,처음에는 좋은줄알았는데 너무 건조하고 아침에 바르고 나갈땐 모르는데 저녁되면 얼굴에서 무슨 연탄가스 냄세가 나는거 같아요 냄새가 이상하게 변해요 버렸어요
자세밴드,어깨도 많이굽고 자세가 안좋아 허리도 안좋고 목에도 많은 무리가가서 매일 아파서 자세교정 부터 잡아줄려고 구매했어요 일하면서 착용하고 있는데 너무 편하고 불편함도 없이 사용할수 있어요 등을 잘 받쳐줘서 허리통증도 덜하고 바른자세로 만들고 싶어서 꾸준히 사용할려구요
선크림,"끈적이는거 극혐해서 토너만 바르고 로션도 잘 안바르는편인데(그래서 피부가 망했쥬) 썬크림은 특히 더 심해서 하도 안발랐더니 기미가 올라오더라고요... 울며 겨자먹기로 올해부터 바르려고 최대한 안끈적이는거 찾아서 샀는데 다른 썬크림에 비해서 끈적임이 약하긴하네요 제가 끈적이는거에 많이 예민해서(남들 다 바르는 로션, 에센스도 꺼려질 정도면 말 다했죠) 이정도지 다른사람들은 아예 끈적이는걸 못느낄지도?"
선크림,"백탁없는, 밀림없는, 끈적임없는 바다를 살리는, 문구가 마음에 들어서 선택했어요. 습한 날씨에 끈적임까지 있으면 선크림 사용하기 꺼려지는데 정말 산뜻해요. 듬뿍 발라도 백탁없이 일반 로션 바른 것처럼 싹 흡수돼서 활동 중엔 내가 선크림 바르고 나왔나? 헷갈릴 정도로 정말 산뜻하고 바르지않은 것 같은 가벼움이 들었어요. 선크림으로 자외선차단 효과를 얻으려면 과하다싶을 정도로 발라야한다는데 시슨드시 제품으로는 얼마든지 가능해요 ㅎㅎ 바다를 오염시키지않는다는 제품 설명에 마음 놓고 듬뿍 바르고 스노클링해봤는데 바닷물에 닿아도 따갑지않고 스노클링 후에도 눈이 따갑거나 눈시림없어요. 그만큼 성분이 착한 것 같아 이번 괌 여행에서 아이용, 어른용 선크림 구분이 전천후로 잘 쓰고왔어요. 눈시림없으니 평소에 선크림 바르기 질색하던 아이도 거부감없이 잘 바르네요. 앞으로 선크림은 시슨드시 제품만 픽하면 될 듯해요 ^^"
자세밴드,"자세 교정 밴드를 처음 써봤는데 생각보다 효과가 좋아서 놀랐어요! 평소에 구부정한 자세 때문에 어깨 통증이 심했는데, 이거 쓰고 나서 통증이 많이 줄었어요ㅎㅎ 착용 방법도 간단하고, 사이즈 조절도 쉬워서 누구나 쉽게 사용할 수 있을 것 같아요. 소재도 부드러워서 피부에 자극도 없고, 통기성도 좋아서 오래 착용해도 땀이 안 차더라구요. 착용하고 있으면 의식하지 않아도 자세가 교정되니까 일상 생활에서 꾸준히 사용하면 좋을 것 같아요. 저처럼 평소에 자세가 안 좋으신 분들께 강력 추천합니다!"
자세밴드,어깨가 많이 굽었는데 이거 착용하자마자 즉각적으로 굽은 어깨가 쫙 펴지는게 신기하더라고요^^ 매일 꾸준하게 착용하면 확실히 도움이 될거 같고요!! 두께감도 투박하지않고 슬림해서 거추장스럽지 않네요ㅋ 만족합니다~~
자세밴드,굽은 어깨로 항상 고민이 많다가 행사 하길래 주문해봤어요 ㅎ 배송 빠르네요~ 제품 가볍고 통기성 좋고 등에 닫는 부분 단단히 지지 해주고 벨트 감아서 붙여주고 어깨로 감싸 당겨서 펴주는데 시원하고 몸이 펴지네요~ 오래 착용해도 아프지 않아서 좋네요~
자세밴드,허리부분 보호대를 따로 구매할수 있다합니다. 끈이 다 짧습니다.덩치 작은분들에게 용이할수 있겠으나 덩치있는 사람들은 아예~ 관심 끄십시요.
자세밴드,어깨랑 허리를 둘다 한꺼번에 교정할 수 있다니 완전 좋아요 자꾸만 자세가 흐트러지는게 싫었는데 이거 쓰고 나서는 많이 좋아진거 있죠
자세밴드,나이가 드니깐 자꾸 꾸부정 해져서 자세 좀 신경써서 바로 하려고 주문했습니다. 어깨랑 가슴이 넓은 편인데 꽉 끼지않고 편합니다. 120사이즈인데 잘 맞습니다.
자세밴드,"바른 자세로 하루를 편하게! 평소에 컴퓨터 앞에 앉아 있는 시간이 길다보니 자세가 점점 무너지더라구요 ㅠ 특히 어깨가 앞으로 굽고 허리도 자꾸 뒤로 빠져서 하루 일과를 마치면 등이랑 어깨가 뻐근하고 피로감이 너무 심해졌어요..ㅠㅠ 헬스를 다녀보려고 했는데 시간도 잘 안나고 꾸준히 하기가 어렵다보니 자세 교정 밴드의 도움을 받아보려고 구매해봤어용! 사실 이런 제품은 처음 써보는 거라 반신반의하면서 샀는데 결론부터 말하자면 기대 이상입니다! 첫 착용부터 어깨가 쫙 펴지는 느낌이 들고 몸이 자연스럽게 곧게 펴지더라구여? ㅋ ㅋ 지지대도 탄탄해서 등이 꾸부정해질 때마다 잡아당겨주는 느낌이드네용~ 과하지 않으면서 적당한 긴장감을 유지시켜줘서 좋은것같아요! 뭔가 특정 부위만 막 압박되지도 않고 생각보다 편해요!! 통기성도 좋아서 여름철에도 착용하기 좋은것같구 셔츠안에 착용하고 있어도 될거같아요 ㅋㅋ 몸에 딱 밀착되고 허리가 똑바로 펴지니까 배가 앞으로 빠지는 것도 덜하고 몸 전체 중심이 정돈되는 느낌이 드네요~ 뭔가 피로도 덜한 것 같구여! 물론 하루 이틀만에 큰 변화가 생기는 건 아니겠지만 꾸준히 착용하면 많이 좋아질 거 같아요~! 일상생활에서 부담없이 바른 자세를 유지할 수 있게 도와준다는 점이 넘 만족스럽습니다 ㅎㅎ 잘 산거 같아요!! 많이 부족한 제 리뷰가 조금이라도 도움이 되었다면, ❤️❤️도움이돼요❤️❤️ 눌러주면 감사하겠습니다(--)(__) 좋은 하루 보내세요❤️"
선크림,"아토피 피부를 가진 아이 때문에 스킨케어 제품은 늘 신중하게 고르게 되는데, 그동안 피지오겔 제품들을 사용하면서 피부 트러블 없이 잘 맞아서 이번엔 선크림도 같은 브랜드로 선택했어요. 피지오겔 데일리 모이스쳐 UV 패밀리 썬 로션은 이름처럼 가족 모두 함께 쓸 수 있어서 더 마음에 들었고요 제형은 묽은 로션 타입이라 바를 때 부담 없고 부드럽게 펴 발립니다. 흡수도 빠른 편이고 바르고 나서 시간이 지나면 끈적임 없이 산뜻하게 마무리돼서 아이도 싫어하지 않아요. 무엇보다 피부에 자극이 없어 아이 피부에도 잘 맞고 사용 후 트러블이 없어서 안심하고 사용할 수 있었습니다. 민감한 피부를 가진 분들이나 아이와 함께 쓸 선크림을 찾는 분들께 추천드리고 싶어요. ദ്ദി ˃ ᴗ ˂ )"
선크림,"1. 구매이유 선크림은 이제 사계절 필수잖아요. 저희 가족도 다 같이 선크림을 꾸준히 사용하는 편이에요. 특히 큰딸이 꼼꼼히 바르는 습관이 있어서, 유아동용이 아닌 좀 더 폭넓게 쓸 수 있는 제품을 찾고 있었어요. 그러다 믿을 수 있는 브랜드인 피지오겔에서 나온 이 제품을 알게 됐고, 온 가족이 쓸 수 있다니 딱이다 싶어서 구매했어요. 2. 제품특징 이 제품은 **SPF50+ PA+++**로 강한 자외선 차단력을 가지고 있어서 야외활동할 때도 안심하고 사용할 수 있어요. 피지오겔답게 보습 성분도 포함되어 있어서 바를 때 건조하지 않고 촉촉하게 발려요. 크림 타입인데도 끈적이거나 기름지지 않고 산뜻하게 마무리되는 느낌이 좋아요. 하지만 아이가 사용했을 때는 살짝 따갑다고 해서 유아나 민감 피부에는 맞지 않을 수도 있다는 걸 알게 됐어요. ( 적어도 저희아이와 제 개인적 기준입니다 !!!!ㅣ 어른들이 데일리로 쓰기에는 아주 순하고 부담 없는 사용감이었어요. 용량도 100ml로 넉넉해서 오래 사용할 수 있어요. 3. 후기 전체적으로 어른이 데일리로 사용하기에 정말 만족스러운 제품이에요. 특히 촉촉하게 발리고 백탁 현상이 없어서 화장 전에 발라도 전혀 밀리지 않더라고요. 자외선 차단 기능도 확실하니 외출할 때도 마음이 놓여요. 다만, 온 가족이 함께 쓰기에는 아이가 따갑다고 해서 조금 아쉬웠어요. 민감한 피부나 유아동용으로는 다른 제품을 추천드리고, 어른들이라면 정말 잘 맞는 선크림이에요. 믿을 수 있는 브랜드라는 점도 마음에 들고, 앞으로도 저는 !!!!(아이말고 ㅠㅠ) !!꾸준히 사용할 것 같아요."
선크림,이거 촉촉하니 좋네요~ 선크림 똑 떨어져서 구매해봤는데 배송도 빠르고 가격도 저렴하니 좋아요. 처음에 패키지 받았을 때 문구랑 디자인이 넘 예뻐서 마음에 들었는데 들어있는 성분도 괜찮고 발림성도 마음에 들어요. 바르면 얼굴 하얘지는 선크림이 아니라 백탁없이 얼굴에 스며드는 느낌이여서 아무리 덧발라도 부담감이 없네요. 앞으로 선크림 떨어지면 고민없이 이걸로 다시 구매할거 같아요!
선크림,"■ 시슨드시 백탁없는 밀림없는 눈시림없는 끈적임없는 성분이좋은 선크림 SPF50+ PA++++ ■ 50g,1개 ● 썬크림이 이것저것 몇가지가 있는데 요즘 눈밑으로 거뭇거뭇 기미비슷한것들이 생기면서 심해지기 시작해서 자외선차단에 신경을 쓰고 있는데~~끈적이거나 백탁등이 싫어서 있어도 잘바르지 않기도 했고 ~~ 안되것다 싶어서~선크림을 발랏는데 요즘 갑자기 눈이 시리고 눈이 피곤한거예요~요즘 새로 사서 바르는 앰플때문인가 ?하는 생각도 했는데~앰플은 안바른 상태로 썬크림만을 바르고 산책을 하는데~~ 갑자기 또 눈이시리기 시작하는거죠~~생각을 해보니 아~~!! 썬크림을 바르고 그러기 시작하네요~ 원인은 선크림이였던 거예요~~ 그래서 눈시리지않고 백탁현상없는 선크림을 찾다가 리뷰도 꼼꼼히 확인해보고~시슨드시 선크림으로 선택하게 되었네요~~ 바르고 산책을 나가보니~진짜~눈이 시리지 않네요~썬크림만 바르면 눈이 하루종일 시렸었는데~~ 바를때 백탁도없고 매끈하게 바림성도 좋아요~ 가격대비 양은 적지만~목등은 있던 제품들 바르고 얼굴은 시슨드시 썬크림을 발라야겠어요~ 재구입해서 선물도 해야겠어요~"
자세밴드,매번 사무실에서는 컴퓨터를 하고 밖에서는 핸드폰을 하고 티비를 보니까 점점 어깨와 목이 굽는 듯한 느낌이에요 그래서 티비볼 때만이라도 조금씩 굽은 어깨를 펴줘야겠다는 생각이 들더라구요 그래서 자세를 교정할 수 있는 이 제품을 찾아서 집에서 착용하고 있어요! 처음에는 어색했는데 이제 착용하고 나면 어깨가 펴지면서 시원하기까지 하네요 착용법이 어렵지도 않고 점점 적응하니까 더 잘 사용하고 있어요~~
선크림,오늘 받자마자 바로 발랐어요..적극 추천 ~~좋아요.빠른 배송 짱 고맙습니다.^^
선크림,선크림을 사용할 때 따겁거나너무 끈적해서 불편함을 많이 느꼈는데 이 제품을 쓰고 난 후부터는 그런 부분이 전혀 없답니다. 피부가 답답해야지 않고 흡수력도 좋아요. 산뜻하고 촉촉한 썬크림인 것 같습니다. 착한 성분으로 들어가 있어서 가족들 쓸 수 있을 것 같아요. 땀이 나도 끈적임이 없네요. 데일리 선크림이 잘 쓰일 것 같습니다.
선크림,향좋고 발림성 좋아요 커버력은 썬크림만큼 입니다 커버톤업은 높은것같지 않아요
자세밴드,자세교정을 위해 구입해서 아침에 운동할 때 마다 착용하는데 확실히 어깨가 펴지고 자세가 잡히는 것 같아요 바른자세 잘 잡아주고 허리통증도 많이 줄었어요
자세밴드,사이즈 큰 것으로 주문했던 너무 커서 허리가 남아돌더라고요. ㅋㅋ 다른 가족 주고 사이즈 맞춰서 다시 주문했어요. 어깨부터 허리까지 자세 바르게 잡아주는데 처음에는 좀 힘들긴 해도 시간 지나면 덜 피로해서 티비 볼 때 몇 분이라도 하고 있어요.
선크림,"시슨드시 백탁없는 밀림없는 눈시림없는 끈적임없는 성분이 좋은 선크림 SPF50+ PA++++ 사용해본 후 솔직한 내돈내산 후기를 남겨보려고 해요요 (•ө•)♡ 먼저 이 제품을 처음 사용했을 때 가장 놀랐던 건 정말 “백탁 현상”이 없다는 점이었어요! 대부분의 선크림들은 바르면 얼굴이 하얗게 뜨거나 뭉치기 쉬운데 이 선크림은 마치 로션처럼 부드럽게 펴 발리고 흡수가 빠르더라구요요 (๑˃ᴗ˂)ﻭ 백탁은커녕 피부 톤이 자연스럽게 정돈되는 느낌이라서 메이크업 전에 프라이머 대용으로 쓰면 촉촉해져요 그리고 밀림 없음 이라는 문구가 괜히 있는 게 아니더라구요 아침에 바르고 메이크업을 해도 베이스가 밀리거나 겉돌지 않아서 너무 만족했어요 (ง •̀_•́)ง 특히 요즘처럼 덥고 습한 날씨엔 땀과 피지 때문에 선크림이 들뜨기 쉬운데 시슨드시 제품은 그런 현상이 전혀 없어서 감동이었어요 눈시림도 정말 없어요!! 눈 주변까지 꼼꼼하게 발라도 따갑거나 눈물이 나지 않아서 너무 좋았구요 저는 눈이 예민한 편이라 자극 있는 제품은 금방 눈이 충혈되는데 이건 그런 걱정 없이 편하게 바를 수 있어서 대만족했어요 (•‿•) 용량도 50g이라서 휴대하기에도 부담 없고 데일리로 쓰기에 딱 좋은 크기예요 가격 대비 퀄리티도 정말 만족스럽고 앞으로 꾸준히 재구매할 의향도 충분해용 결론적으로 백탁, 밀림, 눈시림, 끈적임 없이 정말 산뜻하고 부드럽게 사용할 수 있는 고지수 선크림을 찾고 있다면 시슨드시 선크림 강력 추천드려요 (•ө•)♡ 피부에 착 감기는 느낌이 너무 좋아서 한번 쓰면 헤어나오기 힘들 거예요ꔛ♡ 내돈내산 리뷰입니다 제 리뷰가 도움이 되셨다면 하단에 ★彡도움이돼요★彡 한 번씩 눌러주세요!! 행복한 하루되세요╰(*´︶`*)╯♡"
자세밴드,평소 66사이즈 입는데 M사이즈 잘 맞네요 ㅎ 어깨가 많이 굽었다는 이야기를 자주 들어서 구매하게 됐는데 이거 하고 있을 때 확실히 교정이 잘 된다는 느낌이 들어요. 밴드 착용하고 있을 때 밴드가 지지해주다보니 억지로라도 자세에 더 신경쓰게 되더라고요 ㅎㅎ 특히 앉아서 일할 때 꼭 하는 편이에요. 그러면 자세 흐트러짐도 방지할 수 있어서 정말 좋아요 ㅎ
선크림,"저는 되직한질감을 좋아합니다 쫀쫀한느낌이구요 색도 밝지않고 바른듯안바른듯 다 완벽한듯하였지만 바르는순간 아 잘못샀구나 피부에 밀착되는 느낌과동시에 덮어놓은느낌 찝찝한느낌 머 걍 아까우니 참을수있는선에서까지는 바르자였는데 ,선크림만 바른상태입니자) 클렌징하고 폼클하고 저는 워터든일반이든 선크림도 이중세안하거든요 저는 중건정입니다 건성쪽으로더가깝구요 알게모르게 볼록볼록 몇개가~~~ 면봉으로 짜니 피지가~~~어제 제가 쓰던 기본 선크림은 괜찬았는데 요건 먼가요? 아~~~~~~~~버려야하는 갈림길에 10 월달몇일안남았으니 바람 쌀쌀할때 한번더발라보고 또 그러면. 버려야겠습니다"
선크림,톤업이라 화사해 보여서 좋은데 피부가 연약한 편인 저한텐 땡기는 느낌이에요
자세밴드,"하루종일 컴퓨터 앞에서 일하는 직업이라 어깨가 안으로 말리고 등이 둥글게 굽는 게 눈에 보여서 한번 써보자 하고 구매했어요. 사이즈는 2XL로 선택했는데 배 쪽으로 살짝 여유 있게 맞아서 착용할 때 불편함은 없었어요. 처음에는 어깨가 뒤로 확 잡아당겨지는 느낌이 있어서 30분만 착용했는데, 오래 앉아 있다 보면 어느 순간 자세가 흐트러지기 전에 스스로 다시 펴게 되는 느낌이 있더라고요. 억지로 교정한다기보다는 자세를 계속 의식하게 만들어주는 느낌이 더 컸어요. 등판 부분이 두껍지 않고 메쉬라서 생각보다 답답하지 않았고, 겨울이라 얇은 니트 안에 착용하면 겉에서 티가 거의 안 나서 출근할 때도 부담 없이 착용했어요. 어깨 스트랩 조절하는 부분이 탄탄해서 움직이다 풀리거나 흘러내리는 일도 없었어요. 다만 처음부터 오래 착용하면 겨드랑이 쪽이 살짝 쓸릴 수 있어서 조금씩 시간을 늘려가는 게 좋을 것 같아요. 확실히 하루 종일 구부정하게 앉아 있는 날보다 착용한 날은 목 뒤가 덜 뻐근하더라고요. 누워있을 때나 운동할 때는 빼고, 책상 앞에 오래 앉는 시간 위주로 착용하고 있어요. 완전히 자세가 바뀌었다고 할 순 없지만, 적어도 어깨가 안으로 말리는 습관을 잡는 데는 도움이 되고 있어요. 이런 제품은 꾸준히 쓰는 게 중요한 것 같아서 당분간 계속 착용해보려고요."
자세밴드,사무실에서 일할때 착용하려고 샀어요 디자인이 깔끔하고 옷입어도 티가 안나서 책상 의자 앉을때 한결 편해요 :)
자세밴드,평소 거북목과 굽은 어깨로 자세 교정좀 하라는 이야기를 너무 많이듣다가 우연히 유튭에서 이런 제품이 나온거 보고 구매하게 됐어요. 생활하다보면 내 자세에 대한 생각을 잊어버리고 다시 습관처럼 안좋은 자세로 돌아가는 경우가 허다한데 이걸 하다 보니 확실히 바른자세로 있는 시간이 늘더라고요. 꾸준히 하다보면 정말 효과를 볼 것 같아요
선크림,쿠팡체험단 이벤트로 상품을 무료 제공받아 작성한 리뷰입니다. 좋네요! 아들이 고학년인데 선크림 바르기 싫어해서 얼굴이 얼룩덜룩 탔어요 ㅠ 이건 로션제형이라 여룸엔 로션대용으로 발라도 될것 같아요! 그리고 안끈적여서 좋아하네요~ 입구가 좁게 되어있어서 양조절하기도 좋고 피지오겔이니 보습력도 저도 쓸것 같어요~ 선트림 끈적임 있으면 쓰기 싫은데 아들이 잘쓰겠다고 하네요
선크림,여름에 필수품 좋아오ㅡ♡♡♡ 1+1이라 가성비도 좋습니다!!!
선크림,땀나면 따갑다고 썬크림바르기 싫어하는 남편. 이거사주니까 매일바릅니다 땀흘려서 눈에들어가도 안따갑다고하네요 향도 좋대요 가격이 좀 사악하긴하지만 잘바르니까 재구매예정
자세밴드,"오랜 시간 컴퓨터 앞에서 어깨가 자주 뭉쳐서 구매했는데, 착용하고 나니 자연스럽게 어깨라인이 정돈되는 느낌이에요. 밴드 재질이 적당히 탄성이 있어 너무 꽉 끼지 않고 일상생활에서도 부담 없이 착용할 수 있었고, 남녀공용이라 가족과 번갈아 사용하기에도 좋아요. 평소 라운드숄더로 인해 등이 평평해 보이곤 했는데, 이 제품 착용 후 거울을 보니 어깨가 조금 더 펴진 듯한 인상이 들어 만족스러웠어요. 특히 얇은 옷 위에도 착용해봤는데 겉옷 핏에 크게 영향이 없고, 착용감이 크게 거슬리지 않아 출퇴근이나 집안일 중에도 자연스러워요."
자세밴드,너무좋아요~~~~~ 반팔티 위에 입으면 바로 닿는게 아니라 더 편하고 잘 잡아주는 것 같아요!!!! 허리펴지니까 키도 커진 느낌이에요 ~~~~
자세밴드,늘 잘 사용 중입니다^^ 사진찍어보면 등이 맨날 굽어있었는데 이 밴드 착용해보니까 등이 엄청 굽게 생활하고 있었더라구요... 바른자세 잘 유지하겠습니다
자세밴드,"말린어깨 펴는데 좋아요! 밴드 착용하면 바른 자세가 유지되니 처음엔 허리에도 힘이 들어가고 아픈것 같았는데, 이 고비를 넘기니 자연스럽게 유지가 되네요. ㅎㅎ"
선크림,"피지오겔 데일리 패밀리 썬 로션 아이들이랑 제가 사용하려고 구입을 했어요~ 매일 발라야하고 성분도 따져봐야하고 바르기 편한제품을 찾다보니 피지오겔이 딱 좋겠다싶더라구요^^; 첫째랑은 잘 맞지 않는지 얼굴에 살짝 뭔가 오돌오돌 해져서 둘째랑 저만 바르고 있는데 묽은제형이라 바르기 수월하더라구요~ SPF 50+, PA+++ 이구요 바르는 순간 촉촉~ 워터타입 보습 성분이 함유되어 있어 피부에 촉촉함을 오래 유지시켜 주고 피부 온도를 낮추는 쿨링 효과로 뜨거운 햇빛으로 인한 열감을 완화해주기도 해요 사용전에 몇 번 흔들어주고 적당량을 덜어 얼굴에 골고루 펴 바르고 있어요~ 끈적임 없으니 사용하기 좋아요 꾸준히 사용해봐야겠어요~"
자세밴드,"아빠가 이제 연세가 있으셔서 그런지 서 있을때 자꾸 몸이 앞으로 가고 움츠리고 걸으셔서 당장 사드렸어요. 밴딩 신축성이 좋아서 착용하니 쭉쭉 잘 늘어나고 부직포도 찍찍이라 잘붙어서 혼자서도 착용하기 편리하더라고요. 곧은 자세로 서니 2센치는 더 커보이시더라고요. 편하신지 금새 찬거 잊어버리고는 하고 앉아 계시더라고요. 자세교정, 굽은등에 딱입니다."
선크림,시슨드시 선크림 처음 사용해보는데 백탁없어 너무 좋네요 전 사시사철 선크림 바르거든요 다른 메이크업은 생략할지 라도 선크림은 항상 휴대하면서 발라요 시슨드시는 휴대 하기에도 좋고 눈 주변에 발라도 눈 시림이 없어서 좋더라구요 착한 성분으로 만든 선크림 순해서 연약한 피부에도 굿이예요
선크림,저는 이자녹스 제품이 피부에 맞아서 항상 이자녹스 제품만 사용하고 있습니다. 이제품도 꾸준히 사용하고 있는 제품이구요. 메이크업베이스 기능에 자외선차단까지 한번에 되니까 항상 기초를 바르고 색조화장하기전에 사용합니다. 피부에 잘 발리고 화사하게 적당히 커버까지 되니까 편리하게 잘 사용하고 있습니다. 앞으로도 다른 새로운 제품이 나올때까지 꾸준히 사용할 계획입니다. 또한 다른 곳보다 가격도 괜찮은듯 싶네요.^^
선크림,얼굴도보정이되고발림성도조와여저는이제품만매번사서쓴답니다
선크림,선크림 알러지 있으신 분들 꼭 쓰세요!!! 아무 선크림이나 바르면 피부 뒤집어지는 정도가아니라 퉁퉁 부어서 눈도 안떠질 정도인데 약먹지 않으면 낫지도 않아요 선크림만 바르면 그렇더라구요ㅠ 그래서 찾아보니 ‘에칠헥실살리실레이트‘성분이 안맞는거였는데 찾다가 이 선크림에 그 성분이 없더라구요! 대부분에 선크림엔 있습니다ㅠ 지금 두통째인데 이거만 바르면 알러지 안올라와서 정착했어요! 앞으로 다른거 안쓰고 이거만 쓸 것 같아요!! 재구매의사 있습니다!
자세밴드,사진에 나오는건 아래 허리까지지만 허리도 안옴
자세밴드,"정직한닥터 바른 자세 교정 밴드 어깨 숄더 남녀공용 허리가 자꾸 아파서 잠에서 깨는데 구부정한 자세, 어깨까 자꾸 앞쪽으로 쏠리고 허리도 굽어지는 느낌이 들어서 바른 자세 교정 밴드를 사용해야 겠다 싶어서 구매했어요. 지지대가 있어서 고정에 도움이 되고 2중밴드라서 사이즈에 맞게 조절이 가능해서 사용하기 좋아요."
선크림,볕이 세면 팔에 반점이 올라오기 때문에 샀는데 바른다고 안올라오지는 않고 (화장할 때도 쓰는 얼굴용 고가 제품이 효과는 더 나은 듯) 볕때문에 뜨거운 느낌 드는건 괜찮아집니다. 제형이 묽다고 해서 발라서도 묽은 느낌은 아니고 달라붙는 느낌의 선크림 느낌이 나므로 샤워할 때는 미리 한번 바른 부분을 씻어내는게 좋을 것 같네요.
선크림,로션 바르는 느낌이고 향도 진하지 않고 가볍다는 느낌이네요
자세밴드,힝.. 허리디스크가 있어서 그런지 몰라도 이거만 하고 다니면 허리가 좀 아파여 ㅠ 근데 제 몸이 문제인걸지도 모르니 별점은 5점 드릴게여 근데 저는 불편함 ㅠ
자세밴드,"정직한닥터 바른 자세 교정 밴드 4XL 사용 후기! 제품 특징 ✔️ 거북목, 말린 어깨 개선용 자세 교정 밴드 – 하루 1~2시간 착용만으로 자세 개선 효과! ✔️ 4XL 사이즈까지 제공, 체형 상관 없이 착용 가능해서 남녀공용으로 GOOD! ✔️ 3D 입체 재단으로 압박은 확실하지만 불편함은 최소화! ✔️ 통기성 우수한 메쉬 소재 사용으로 여름철에도 덜 답답해요 ✔️ 등과 어깨를 동시에 잡아주는 구조로 자세 기억 효과까지! ✅ 구매 이유 요즘 하루 종일 컴퓨터 앞에 앉아 있다 보니, 자세가 점점 구부정해지고 어깨는 자꾸 말려 들어가고… 사진 찍을 때마다 목은 앞으로 나와 있고, 이러다 진짜 거북이 되겠다 싶어서 자세 교정 밴드를 찾게 됐어요. 리뷰를 보다 보니 ‘정직한닥터’ 제품이 눈에 띄더라고요. 사이즈도 다양하고, 압박감이 너무 심하지 않다면서 착용 후 만족도도 높아 보여서 한 번 믿고 4XL로 구매했답니다! ✅ 후기 처음에는 솔직히 ""이게 효과가 있을까?"" 했는데, 막상 착용해보니까 어깨가 자연스럽게 펴지고, 가슴이 열리면서 자세가 바~로 잡히는 느낌이에요! ✨ 4XL 사이즈라 너무 조이지도 않고, 고무줄처럼 늘어나서 편안하게 잘 맞더라고요. 한 시간 정도 착용하고 있으면 등이 뻐근한 게 아니라 ""아~ 나 진짜 구부정하게 살았구나..."" 하고 느껴질 정도예요 또 좋았던 건, 소재가 통기성 좋아서 땀도 덜 차고, 착용할 때도 벨크로로 쉽게 조절할 수 있어서 혼자서도 간편하게 착용 가능하다는 점이에요. 물론 하루만에 드라마틱하게 달라지진 않지만, 일정 시간 착용하고 벗었을 때도 자세를 유지하려는 의식이 생겨서 꾸준히 쓰면 확실히 효과 있을 것 같아요! Tip! 사이즈는 평소 옷 사이즈보다 한 치수 크게 사는 게 더 편하더라고요 운동할 때는 X, 집에서 가볍게 착용하는 용도로 추천해요 티 안 나는 옷 안에 입기엔 조금 두툼할 수 있어요!"
선크림,"쿠팡체험단 이벤트로 상품을 무료 제공받아 작성한 리뷰입니다. 이 제품은 선크림과 로션을 합해 놓은 듯한 제품입니다. 피지오겔 브랜드 답게 포장부터 굉장히 탄탄했고 얼굴과 몸 전체에 바를 수 있는 썬 로션입니다. 배송은 쿠팡답게 새벽에 바로 도착해서 받자마자 바로 발라보았습니다. 발릴 때는 로션처럼 부드럽게 발렸고 바른 후 전혀 질척거리거나 끈적하지 않았으며 향은 조금 센 편이었습니다. 바른 후 백탁 현상도 없었고, 아이와 어른 모두 바를 수 있다는 점이 굉장히 매력적입니다. 다른 선크림에 비해 조금 묽게 느껴질 정도로 수분감이 가득해서 평소 선크림의 끈적하고 찝찝한 느낌이 싫으신 분들은 피지오겔 데일리 모이스처 UV 패밀리 썬 로션을 바르시면 굉장히 좋을 것 같습니다."
선크림,잘 발리지만 번들거림은 있어요. 민낯으로 자외선 차단제만 필요할 때 바릅니다. 어른부터 아이까지 모두 사용할 수 있어 좋아요
선크림,향은 좋은 향은 아니고 거의 무향에 가까운 것 같아요. 약하게 어떠한 냄새가 나는 것 같은데 일반적인 화장품 향은 아니고 제가 좋아하는 냄새는 아니예요. 무향인데 화장품 케이스 냄새가 나는것 같아요. 자극은 완전히 없어요. 썬크림에 대한 눈시림이 유난히 많은 편인데 이건 전혀 없어요. 그런데 용량은 적어요.기존에 100g짜리 쓰다가 요거 받아보고 작아서 놀랐어요. 그래서 얼굴에만 바르고 목과 손등은 기존에 사용하던것 바르고 있어요. 다쓰면 재구매 하고 싶습니다.
자세밴드,신랑도 나도 핸드폰과 컴퓨터를 많이 하다보니 어깨가 뭉치고 아파서 정형외과갔더니...자세가 좋지 않아 어깨가 말려서 어깨도 팔도 아픈거라고...ㅠㅠ 도스치료 물리치료등 받고 스트레칭을 해도 잘 낫질 않아 구매하게 되었어요. 여자인 내가 하면 넉넉히~신랑이 하면 꽉 쪼이듯... 잘 맞아요~ 착용해보니 정말 말린 어깨가 쫙펴지면서 자세가 교정이 되더라구요~ 하루정도 차고 컴퓨터 앞에 앉아서 지내 봤는데...첨엔 불편하고 부자연스러웠는데~ 시간이 지날수록 괜찮아 졌어요~ 틈틈히 계속 착용하면 자세 교정도 되고 어깨나 팔도 나아질거 같아 꾸준히 착용하려구요~
자세밴드,엄마가 허리가 아프셔서 자세도 약간 구부정해서 보내드렸어요~ 처음엔 뭘 이런걸 하냐고 하시더니... 착용해 보시더니 너무 좋다고 하시네요. 착용후 구부정한 허리가 많이 펴졌어요. 그리고 밴드가 넓어서 사용하기 편하다고 합니다. 엄마가 완전 좋더고 하세요^^
자세밴드,어깨라인을 잡아주고 척추를 바로 세워주니깐 너무 좋네요! 사이즈도 불편하지 않고 옷안에 입기 너무 편하네요 꾸준히 사용하려구요~
자세밴드,제가 착용한걸 보고 직원이 부탁해서 재주문 했어요 갓성비템 비싼거 사지 마세요 다 거기서 거기 여기서 사시면 됩니다
자세밴드,사이즈도 딱이구 감사합니다 특히 불편하지도않고 최고네요 배송 포장도 빠르구 이거로 자세도 딱 잡히고 만족합니다
선크림,항상 이제품을 쓰고 있는데 울 신랑도 한번 써보더니 이걸 쓰겠다고 합니다
선크림,백탁현상 없는 선크림으로 원하시는분들 추천드립니다. 끈적임 없이 산뜻해요 향도 진하지 않아서 좋아요 밀림없으 부드럽게 잘 발립니다. 순해서 자극없이 편안하게 쓰기 좋아요
선크림,선크림 처음 구매한 제품입니다 발랐을때 것도는 느낌 허옇게 떠있는듯 한 얼굴 꾸준히 써봐야 알것같아요
선크림,"쿠팡체험단 이벤트로 상품을 무료 제공받아 작성한 리뷰입니다. * 쿠팡 체험단이벤트로 상품을 무료로 제공받아 작성하는 허위과장 없는 솔직한 후기입니다. 요즘,얼굴에 트러블이 올라와서 기초 제품을 수분진정라인으로 바꾸고 있어요. 썬크림도 바꿔야 하는 찰나에 쿠팡체험단으로 피지오겔 썬로션을 보고 바로 구매하였습니다. 피지오겔 데일리 모이스처 썬로션 이름처럼 제형이 묽어요 사용하기 전에 5회이상 흔들어서 사용하라고 되어있습니다. 기초제품 바르고, 발라보았습니다. 백탁현상 전혀 없구요, 향도 거의 무향이예요. 자외선 차단 뿐만 아니라 주름개선,미백기능도 있네요. 톤업기능은 따로 없어서 발라도 본래의 얼굴색이예요. 부드럽게 발리고,유분기가 많이 없어서 그런지 끈적이지도 않고 촉촉해요, 로션제형이라 팔이랑 목에도 슥슥 바르면 되니 편해요! 여름에 팔이랑 목 손등에도 선크림 바르고 싶었지만 끈적이는 느낌이 싫어서 안발랐는데 이건 바디로션 처럼 바르면 되니까 너무 좋네요. 썬크림 유목민이었는데 앞으로 정착할 수 있을거 같아요."
선크림,"선크림은 여름 뿐만 아니라 4계절 내내 필수로 발라줘야 한다고 하더라구요. 지금까지 써본 선크림들은 백탁현상도 심하고, 끈적임도 심해 불편해서 잘 안바르게 됐었는데.. 시슨드시 선크림은 끈적임도 없고 순한 제품이라기에 구매해봤어요. 우선 제형은 꾸덕한 제형이 아니라 로션같은 제형이라 선크림이 아니라 로션을 바르는 느낌이더라구요. 그래서 그런지 가볍게 발려 발림성도 좋고, 흡수도 잘되는 것 같아요. 흡수가 잘되니 백탁현상도 없어 선크림 바른 후 위에 화장해도 전혀 뜨지 않고 오히려 화장도 더 잘먹더라구요. 피부자극도 전혀 없이 순한 성분에 온가족 다 사용해도 괜찮을 것 같구요. 무엇보다 끈적임이 전혀 남지 않는다는게 젤 만족스러웠어요! 이런 선크림이라면 저도 오래오래 잘 사용할 수 있을 것 같네요ㅎㅎ 다 사용하면 또 구매하러 올게요:)"
선크림,썬크림은 이자녹스껏만 사용하는데 우선 끈적거리지않아서 좋습니다! 미백효과도 조금있는거같아서 평소에는 미백크림을 따로 바르고 썬크림을 바르는데 이제품은 그냥 발라도 미백 효과가 조금있어요 ㅎㅎ 남자들도 사용해도 좋습니다!
선크림,"피지오겔 데일리 모이스쳐 UV 패밀리 썬 로션 기존에 쓰던 썬스틱을 다 사용해서 더이상 썬크림은 구입하지않으려고했어요.더운날이 계속되고 날이 선선해져도 볕은계속 따가워서 아이도 저도 같이 쓸수 있는 썬크림 제품을 찾다가 피지오겔 썬로션을 보고 구입해보았습니다. 강력한 자외선 차단 효과를 제공하며, 가족 모두가 사용할 수 있도록 설계되었습니다. 100ml의 적당한 용량으로 언제 어디서나 쉽게 사용할 수 있습니다. 피지오겔 데일리 모이스쳐 UV 패밀리 썬 로션은 SPF50+와 PA+++로 자외선 A 및 B를 효과적으로 차단할 수 있습니다. 또한 고급 보습 성분이 함유되어 있어 피부를 촉촉하게 유지시켜주고, 자외선 차단과 동시에 피부 보습을 동시에 실행합니다. 여름철 뜨거운 태양 아래에서도 피부가 건조하지 않도록 도와줍니다. 피지오겔 데일리 모이스쳐 UV 패밀리 썬 로션을 사용할 때는 적당량을 피부에 골고루 발라주시는 것이 중요합니다. 특히 외출 30분 전에는 미리 발라주어 자외선 차단 효과를 극대화하세요. 그리고 2~3시간마다 덧바르는 것을 추천합니다. 가족 모두가 사용하기에 안전하고 효과적인 자외선 차단제로, 실제로 사용해본 사람들의 긍정적인 후기가 많은것같아요. 건강한 피부를 위해 꼭 필요한 아이템입니다. 직접 비교하며 구매해서 사용하고 작성하는 리뷰입니다. 많은 분들 걱정을 덜어드리기 위해 솔직하게 작성했습니다. 제 리뷰가 도움이 되었다면 도움이 됐어요 버튼 한 번 눌러주시면 감사하겠습니다"
자세밴드,생활 속에서 자세 교정을 해야 한다기에 지인이 추천해줬어요 가격도 부담스럽지 않고요 생각보다 사용하기에도 불편하지 않아서 좋아요 이 밴드 하고 자세가 쭉 펴지니 좋아요 꾸준히 써 볼려고요
자세밴드,라운드숄더에 거북목까지 장착한 k직장인으로써 꼭 필요한 필수템이지 않나 싶네요.. 일하면서 쓰니까 그래도 자세 많이 교정되고 좋은거같아요.. 꾸준히 쓰는게 중요하겠어요
자세밴드,"어깨 교정밴드는 처음 사용해보는데 확실히 자세에 대한 인식이 생기면서 어깨가 자연스럽게 펴지더라고요. 처음엔 어깨가 좀 조이는 느낌이 들어 어색했지만, 착용하고 몇 시간 지나니 익숙해졌어요. 등과 어깨 라인이 조금씩 펴지는 게 느껴지고, 장시간 앉아 있을 때 자세가 흐트러지지 않아 좋습니다. 티 안 나게 얇아서 옷 안에 착용해도 부담이 없고, 운동할 때나 책상 앞에서 공부할 때 유용하게 쓰고 있어요. 일상 속에서 자세를 고치고 싶은 분들께 추천하고 싶습니다."
선크림,아주 좋습니다 들뜨거나 미끄덩거리지 않고 피부에 스며들어요 피부톤도 환해지는 느낌이구요 앞으로 재구매하여 사용예덩입니다
자세밴드,"✅ 한 줄 요약 집에서 오래 앉아 일할 때 어깨와 허리를 확실히 잡아줘 편안한 자세 교정 밴드! ✅ 사용 후기 30대 후반 여성으로 재택근무를 오래 하다 보니 어깨가 자꾸 말리고 허리까지 구부정해져서 불편했는데, 이 제품을 쓰고 나서는 확실히 자세가 교정되는 느낌이 들어 만족스럽습니다. 착용감이 생각보다 편안해서 장시간 착용해도 크게 답답하지 않았고, 탄탄한 밴드가 등을 지지해주니 자연스럽게 어깨가 펴져 목과 허리까지 편안해졌어요. 특히 의자에 오래 앉아 노트북 작업할 때 평소라면 허리가 뻐근했는데, 지금은 자세가 잡혀 있어서 통증이 확실히 줄었습니다. 소재도 통풍이 잘되는 메쉬라서 땀이 차지 않아 여름에도 부담 없이 착용할 수 있고, 착용과 탈착도 간단해 매일 사용하기 좋습니다. 집에서 일하거나 공부할 때 자세가 무너져 불편한 분들께 강력히 추천할 수 있는 아이템이에요."
자세밴드,어깨가 말리고 등이 자꾸 굽어지는거 같아 자세 교정 밴드를 찾다가 구입하게 되었는데 과연 효과가 있을까 하는 의구심으로 큰 기대는 하지 않았는데 왠지 몸이 펴지는 느낌.. 지금은 집에서만 착용하지만 겨울에는 외출할 때 겉옷 입으면 표시도 나지 않을 정도로 얇고 편해요 착용도 편하고 등은 지지를 충분히 해주면서 불편하지는 않아 마음에 쏙 들어요 열심히 사용해서 멋진 자세를 만들어야겠어요
선크림,좋아요 자주 쓰던 제품인데 꾸준히 사용할것같아요 사은품까지 이것저것 챙겨주시는 센쑤 감사합니다 ^^
자세밴드,남편이 자세가 너무 구부정하길래 주문해봤어요. 자세만 바로 잡아도 3cm 커진다고하니 안그래도 키 작은데 무조건 착용해야할 거 같아요. 착용방법도 간단하고 통기성이 뛰어난 에어메쉬 소재여서 부담없이 착용할 수 있어서 좋아요.
선크림,친구가 추천해줘서 구매해봤어요 생각보다 묽어서 퍼프로 바르기 딱 좋구요 적당한 톤업이 있으나 커버를 원하시면 약할 수 있어요 집 앞 마트 갈 때 가볍게 바르기 좋아요
자세밴드,등이랑 어깨가 자주 뻐근했는데 이 제품 착용하고 나서 바른 자세 유지할 수 있어서 좋았어요 바른 자세 유지하려고 신경 쓰다보니까 덜 아프고 괜찮은 것 같아요 일상생활 할 때 불편함도 없고 잘 쓰고 있습니다.
자세밴드,포장 꼼꼼하고 배송 빠르게 잘 받았어요. 사이즈 넉넉하고 굽은 어깨 잘 잡아주네요. 좋은 제품 감사합니다.
선크림,로션같은 맑은 썬크림이에요 인생 선크림 찾았습니다 파데 전에 메베 대체로 바르기 딱이에요 끈쩍이지않고 흡수가 바로 돼서 화장이 들뜨고 밀리지 않네요 백탁 현상 없이 로션바르듯이 샥 바르니 화장도 잘먹고 요철도 가려줍니다 발림성도 좋아요 바다를 살리는 선크림 건강한 선크림이네요 온가족 다 바를 수 있어 더 좋아요 ㅎㅎ 눈시림도 없고 깔끔하고 성분도 좋아서 선크림 유목민 정착합니다
선크림,"역시 피지오겔입니다. 아토피가 있는 고딩아들을 위해 고른 제품입니다. 아토피가 어릴때부터 있어 피부에는 늘 세타*을 바릅니다. 피지오겔도 한번 써본적이 있는데 울 아들한테 맞지 않는지 바르면 얼굴이 가렵고 따갑다고 하더라구요. ㅜㅜ 얼굴엔 늘 스킨,로션 크림을 잘 바르는데 언제부턴가 어릴때부터 사용하던 썬팩트 냄새가 독하다며 썬크림을 거부하더라구요. 그래서 향기가 없는 제품으로 썬팩트말고, 썬크림으로 여러가지 사다 주었는데 썬크림이라 바르기도 번거롭고 눈도 따갑다고 하더라구요. 이미 산거는 제 얼굴에 바르기로 하고, 그냥 두다가 매년 여름날 이대로는 안되겠다 싶어서 피지오겔 썬로션을 구매했습니다. 썬로션이라 묽어서 우선 사용하기 더 수월할거 같아 구매했어요. SPF 50+, PA+++ 도 괜챃구요~ 제가 먼저 발라봤을때 로션타입이라 손쉽게 바를수 있고, 바르고 나서 코팅된거 처럼 되어 촉촉합니다. 아들에게는 촉촉한 로션 하나 더 바른다 생각하고 바르라고 했드만 눈쪽이 역시 따갑다고 하네요. ㅜㅜ 역시 울 아들한테는 피지오겔이 안맞는걸까요? 그래도 얼굴피부는 예전처럼 따갑거나 아프진 않다고 해서 , 우선 눈쪽만 빼고 바르라고 시켰어요. 우선은 불편한곳이 없는지 좀 지켜봐야할거 같아요 ❤️저도 다른분들 상품평 보고 도움 많이 받았어요. 누군가 제 글을 읽고 상품 구매에 도움이 되었으면 좋겠습니다 (❁´◡`❁)"
선크림,발림 좋고 끈적이는거 없고 향까지 은은하니 좋네요. 흰색은 아니고 약간 살색정도네요.
자세밴드,할인에 속아 구매하지 마세요. 일단 허리 받침 부분 및 척추 받침 부분이 튼튼하지 못합니다 그리고 허리랑 어깨 엑스 로 조일시 짱짱하지도 않고요 척추 교정및 허리 통증으로 인해 구매 생각하시는 분은 의료용 복대 구매하시는걸 추천 드립니다. 구매와 동시에 사용감 있으면 반품도 안되니 한번 착용해보고 아니면 바꿔야지라고 생각하시는 분들은 절대 구매하지 마세요~^^
자세밴드,빠른 배송 감사합니다 주변에서 하도 라운드 숄더라고 해서 한번 고쳐보려고 샀어요
선크림,5~6년 전부터 가끔씩 써오던 썬크림 이 선크림은 제가 오래전에 항상 쓰던건데 오랜만에 주문해보앗어요 바르면 얼굴이 약간 뽀얗게 보여서 쓰던 상품이예요 저같은 경우는 피부가 민감해서 쓰던 썬크림인데 저희 어머님은 피부가 조금 뽀얗게 보이는 선크림을 좋아해서 어머니 드리려고 삿어요 이 제품은 약간 얼굴이 하얗게 보이는걸 원하거나 민감한피부인 경우 잘 맞습니다
자세밴드,"사무직이라 하루종일 컴퓨터 앞에 앉아 있다보니 어깨랑 목, 허리가 항상 뻐근하고 뭉쳐서 자세 교정용 밴드를 한번 써보고 싶었어요. 주변에서도 자세 잡는데 도움이 된다길래 큰기대 없이 구매했는데 막상 착용해보니 생각보다 훨씬 괜찮아요. 어깨를 강제로 ‘쫙’ 펴주는 느낌이라 처음에는 조금 어색하고 신경 쓰였지만 하루에 조금씩 착용 시간을 늘리다 보니 자연스럽게 어깨가 펴지고 자세가 교정되는게 느껴졌어요. 앉아 있을 때 자꾸 구부정해지는 제 모습이 줄어들고 목이 덜 당기고 허리도 편안해졌습니다. 밴드 탄력도 좋고 착용감도 부드러워서 장시간 착용해도 크게 불편하지 않아요. M 사이즈 선택했는데 딱 알맞게 맞았고 옷 안에 입어도 티가 덜 나서 사무실에서도 부담없이 사용할수 있네요. 꾸준히 착용하면 거북목이나 굽은 어깨 교정에도 도움이 될 것 같아요. 전반적으로 만족스럽고 오래 앉아 있는 분들께 꼭 추천드리고 싶습니다."
자세밴드,실물후기 너무 빈약해보이고 찍찍이 등드리에 교차하는부분도 너무 맥아리없어보여요 손으로잡아도 뜯길정도임 사진과 실물차이가 많이납니다 그리고 사이즈도 안맞고요
선크림,시어머님이 항상 이 썬크림만 쓰세요 똑 떨어졌다고 하셔서 사드렸어요 이 제품이 잘 맞다고 하시네요 다른 썬크림에 비해 번들거리는게 없다고 하십니다 배송도 빠르게 왔어요
자세밴드,굽은 어깨와 허리를 위해 운동하고 있지만 운동 병행 자세교정밴드가 좋다고 필테 강사가 말해서 추천해주신 곳에서 구매했어요. 제가 열심히 의식하고 허리랑 어깨 피지 않아도 알아서 잡아주니깐 세상 편하고 옷태가 달라졌어요~
자세밴드,어깨는 펴주고 허리는 타이트하게 해주네요 아주 괜찮은 제품입니다
선크림,상품을 쓰고 좋아서 재구매 하게 되었습니다 썬크림에 메이컵베이스 겸용이라 편해요~~^^ 운동을 해도 땀으로 씻기지 않는 워터 프루프효과로 더욱 좋아요 부드럽게 발리고 작은량으로 효과가 좋아요~~ 온가족이 같이 쓰니 편하고 튜브형으로 알뜰이 쓸수 있어서 편하고 만족합니다~~ 다쓰고도 재구매할 생각으로 추천합니다~~^^
자세밴드,배송도 빠르고 제품도 좋아요 등을 야무지게 잡아주네요 허리 잡아주는 부분도 짱짱하고 자세도 잘 잡아줍니다 어깨가 많이 굽었는데 매일 꾸준히 하니 확실히 많이 펴지네요
자세밴드,아이가 공부를 할 때마다 너무 고개를 숙이고 있으니 자꾸 어깨가 굽어가는 것이 보여서 바른 자세 교육 시키려고 사게 되엇어요 ^^
선크림,"피부에 직접 바르는 제품이라 특히 아이와 남편이 함께 쓸 선크림은 더욱 꼼꼼하게 따져보고 고르게 되는데요, 이번에 구매한 피지오겔 데일리 모이스쳐 UV 패밀리 썬 로션은 정말 만족도가 높은 제품이었어요. 저희 신랑은 평소에 선크림 바르는 걸 굉장히 귀찮아하고, 바르더라도 금방 끈적이거나 번들거린다고 싫어하는 편이에요. 아이 역시 얼굴에 뭐 바르는 걸 꺼려해서 늘 바르자고 하면 도망가기 바빴는데요, 이 제품은 처음 발랐을 때부터 반응이 좋았어요. 제형은 가볍고 부드럽게 발리는 로션 타입으로, 바를 때 밀리거나 뻑뻑한 느낌 없이 피부에 자연스럽게 스며들어요. 백탁 현상도 거의 없고 흡수도 빨라서 바르고 바로 외출해도 전혀 부담이 없어요. 무엇보다 끈적임이 없고 마무리감이 산뜻해서 남편이 특히 만족스러워하더라고요. 평소엔 아예 안 바르던 사람이 이젠 먼저 찾을 정도예요. 아이 피부는 예민한 편이라 걱정도 있었는데, 무향에 가까운 부드러운 성분과 자극 없는 사용감 덕분에 트러블 없이 잘 사용하고 있어요. 눈에 들어가도 따갑지 않다고 하고, 피부도 전혀 가렵거나 붉어지지 않았어요. 피지오겔 특유의 보습력 덕분에 하루 종일 피부가 촉촉하게 유지되는 점도 좋았고요. 용량도 100ml로 넉넉해서 온 가족이 매일 써도 오래 사용할 수 있어 가성비 면에서도 만족스럽습니다. 특히 외출 전 한 번, 야외 활동 많은 날엔 덧바르기에도 부담이 없어서 데일리 선크림으로 딱이에요. 민감성 피부를 가진 분들, 선크림 특유의 끈적임이나 냄새, 백탁이 싫은 분들, 그리고 아이와 함께 쓸 수 있는 안전하고 순한 제품을 찾고 계신 분들께 진심으로 추천드리고 싶은 제품이에요. 앞으로도 이 제품은 계속 재구매할 것 같아요!"
자세밴드,남편 자세교정용으로 구매했아요 키 180 평소 상의 사이즈 110 입는데 첨에 2xl사이즈 구매했다가 어깨쪽이 너무 타이트하고 배쪽 찍찍이도 잘 안잠겨서 사이즈 큰걸로 재구매했어요. 매일 꾸준히 쓰는데 본인이 조금 효과가있는것같다고 하네요
자세밴드,후기도 좋고 가격도 괜찮아서 구매하고 착용샷은 못찍었지만 착용하자마자 확실히 교정되는 느낌 자세교정밴드 찾는 분들에게 추천드립니다 m구매해서 살짝 작은데 남성분들 2xl 추천드림
자세밴드,제가 체격이 있는편이라 사이즈 큰걸로 주문했는데 생각보다 커서 덩치 있으신분들도 m 사이즈 구매하셔도 될듯해요 제가 어깨가 앞으로 말려있는데 이걸 착용하면 누가 계속 어깨를 뒤로 잡아당겨주는 느낌이예요ㅎㅎ 착용할 때 불편하진않는데 저 같은 경우는 오랜시간 착용하면 겨드랑이가 조금 아팠고 하루종일 강제로 바른자세로 있어서 그런지 저녁에 풀었을 때 허리가 조금 아팠네요
자세밴드,어깨굽은거 정말 확 잡아주는 느낌이 좋아요~ 이거 착용만 하고 있어도 온몸 찌뿌둥한게 개운해지는 느낌이예요 교정까지 같이 도와주니 일석이조~
선크림,배송 빨라용 바르고 화장했을때 밀리지도 않고 끈적임도 없어요 오히려 촉촉하게 마무리 되는 느낌 ㅎㅎ 백탁도 없어서 좋네요 !
선크림,10년 이상을 이제품을 쓴거 같아요.이게 언제나 저에겐 기본입니다
자세밴드,착용감이 생각보다도 편하고 좋아요 집에 있을때 계속 착용하는데 착용하고 집안일하고 해도 별문제 없이 좋아요 자세 제대로 잡히고 있어요
자세밴드,집에서 재택근무하고 있는데 작업할때마다 구부정하니 자세가 안잡혀서 몸이 너무 찌뿌등하고 아프더라구요 바른자세를 위해 밴드를 하고 나니 진짜 자세 교정이 되어 몸이 안아파요 추천꾹누릅니다~
자세밴드,"아버지가 나이들면서 등이 계속 굽는다고 하셔서 ㅠ 구매했는데, 배송도 빨랐고 제품도 좋네요! 허리에 힘을 덜 들여지고 어깨랑 등이 잘 펴진다고 합니다 ~!"
선크림,일반 썬크림이랑 차원이 다르네요 끈적이지도 않고 눈시림도 없고 발랐을때 강시처럼 되지도 않고 좋아요
자세밴드,사실 남편 주려고 샀는데요 막상 사용해 보니까 제가 더 자주 사용하고 있어요 노트북 앞에 앉아 있는 시간이 워낙 길다 보니 저도 모르게 허리가 굽고 어깨가 말려서 목이랑 등까지 자주 아프더라고요 우선 2XL 사이즈임에도 키 166cm 77사이즈 체격이라 저한테도 조절이 잘 되었어요 어깨끈이 충분히 길이 조절이 되니까 체형에 맞게 조이거나 풀 수 있어서 전혀 문제 없었고 오히려 넉넉해서 편했어요 너무 헐겁지도 갑갑하지도 않게 잘 잡아주는 느낌이 들었어요 제가 평소에 노트북 앞에 하루 종일 앉아서 일하는데 이 밴드를 착용하면 자연스럽게 어깨가 뒤로 젖혀지고 등이 펴져서 목이 앞으로 쏠리지 않고 자세가 안정되더라고요 그전에는 집중하다 보면 어느새 허리가 구부정해지고 어깨가 말려서 작업 끝나면 뻐근했는데 요즘은 확실히 몸이 덜 피곤해요 착용하면서도 자유롭게 움직일 수 있었어요 남편은 가끔 착용하는 정도지만 저는 거의 매일 오전 작업할 때 꼭 착용하고 있어요 지금은 습관처럼 착용하지 않으면 허전할 정도예요 제품 마감도 좋아서 벗을 때 실밥 풀림이나 늘어짐 없이 튼튼하게 오래 사용할 수 있을 것 같았어요!
선크림,용량은 작아요 성분이좋다하고 눈시림이없다기에 믿고구매했어요 몇번사용해보니 눈시림이 없어요 좋아요
선크림,발림성이 좀 부족한편이라 몸에 물기가 마르기전에 쓱쓱 발라주세요. 물기가 없는 상태에서는 좀 부족해요.
자세밴드,배송받자마자 착용해봤는데 생각보다 훨씬 편하고 견고하게 잡아줘 놀랐습니다. 평소 어깨가 자꾸 앞으로 말려 스트레스를 받았는데 이 제품을 착용하면 자연스럽게 열리면서 자세가 잡히는 게 느껴져요. 과하게 조이지 않으면서도 등과 어깨를 자연스럽게 펴주니 하루 몇 시간 착용만 해도 자세가 달라지더라고요.
자세밴드,"평소 사무실에서 컴퓨터를 오래 하다 보니 어깨가 자꾸 안으로 말리고 거북목 증상이 심해져서 고민 끝에 정직한닥터 바른 자세 밴드를 구매했습니다. 약국에도 입점 된 브랜드라길래 더 신뢰가 가서 선택하게 되었어요. 1. 착용감 및 사이즈 (M 사이즈 기준) 170cm 정도의 보통 체격인데 M 사이즈가 딱 적당합니다. 너무 조이지 않으면서도 어깨를 뒤로 확실하게 당겨주는 힘이 느껴져요. 벨크로 타입이라 체형에 맞게 강도를 조절할 수 있는 점이 아주 편리합니다. 2. 교정 효과 착용하자마자 굽어 있던 어깨가 펴지면서 가슴이 열리는 기분이 듭니다. 억지로 힘을 주지 않아도 바른 자세를 유지하도록 도와주니 확실히 목과 어깨의 피로감이 덜해요. 옷 안에 입어도 생각보다 티가 많이 나지 않아 일상생활 중에 착용하기 좋습니다. 3. 소재 및 배송 2월 10일에 배송받아 며칠간 꾸준히 써보니, 소재가 탄탄하면서도 통기성이 나쁘지 않습니다. 마감 처리도 깔끔해서 피부에 직접 닿아도 큰 자극이 없네요. 총평: 단순히 밴드에만 의지하기보다, 이 제품을 통해 &#39;바른 자세&#39;를 몸에 익히는 습관을 들이기에 최고의 가성비 아이템인 것 같습니다. 구부정한 자세 때문에 고민이신 분들께 강력 추천합니다!"
자세밴드,등치가 커서 4XL로 샀는데 사이즈 딱 잘맞네요! 자세교정에 좋다고해서 샀는데 진짜 좋네요! 지지력도 좋고 착용감도 좋고 2중 고탄성밴드라 굽은어깨도 펴주고 제품 진짜 맘에 드네요!
자세밴드,바른자세 유지하기 힘들었는데 밴드 착용하니까 도움되네요 처음엔 어색하고 불편했는데 어깰아 등도 잘 펴지고 바른자세 유지하는데 도움되요 사이즈도 잘 맞고 매일 착용해도 불편함 없고 좋았어요
자세밴드,찍찍이가 조금 약한편 그래서 앉을때 풀림 (참고로 뱃살이 있는편 아님 그냥 평균) 또한 앉았다가 일어나면 어깨부분이 흘러내림ㅋㅋ 그래서 한번더 고정해줘야함 서있을때는 갠춘 자세는 잘 잡아줌 단점: 손이 여러번 움직여야 만족도가 높아짐 그래서 착용을 덜 하게 되는게 단점
선크림,안녕하세요 오늘은 시슨드시 백탁없는 밀림없는 끈적임없는 바다를 살리는 선크림 SPF50+ PA++++ 제품에 대한 상품평을 작성해볼께요 ~❤️ 저는 1년내내 썬크림을 사용하고 있는데요 전업주부라 집에 있는 시간이 많다보니 항상 집에서도 아침마다 발라주고 있어요 사이즈가 적당해서 휴대성이 아주 좋아요 여행갈때 챙겨가기 좋고 외출할때 화장품 파우치에 쏙 들어가는 크기라서 너무 마음에 들어요 선크림 성분이 너무 마음에 들고 피부에 발랐을때 백탁현상도 없고 아침에 바르고 저녁까지 있어도 눈시림이 없어서 무척 마음에 들더라고요 다 사용하면 또 구매할 생각이에요
자세밴드,허리를 펴고 앉게되네요 어깨를 펴게 만드네요
자세밴드,배송 빠르게 잘 받았어요 평소 자세가 좋지 않고 하루종일 앉아서 근무하니 자연스럽게 허리도 굽어지고 어깨결림이 심해져서 자세교정이 필요할 것 같아서 구매했어요 일하는 동안 착용했는데 통기성이 좋아서 장시간 하고 있어도 답답함이 없어요 허리 뒤를 받쳐주고 고정이 되니 무의식적으로 자세를 굽어지지않도록 잘 잡아주어 만족스러워요 바른자세를 유지하는데 도움이 될것 같아요
자세밴드,"이 제품은 어깨를 뒤로 당겨서 바른 자세를 유지하도록 도와주는 교정 밴드입니다. 원래 자세가 구부정한 편이라 구매했는데, 처음에는 착용 방법이 다소 헷갈렸습니다. 가방처럼 어깨에 걸친 후 벨크로(찍찍이)로 조이는 방식인데, 처음에는 너무 조이면 불편할 수 있어 적당히 조절하는 게 중요합니다. ✅ 장점 어깨를 자연스럽게 펴주는 효과 → 오래 착용하면 확실히 자세 교정에 도움이 됨 벨크로 방식으로 쉽게 조절 가능 → 본인 체형에 맞게 조정 가능 착용감이 나쁘지 않음 → 너무 단단하지 않아서 적응만 되면 무리 없이 착용 가능 ❌ 단점 장시간 착용하면 어깨에 부담이 갈 수도 있음 → 처음에는 짧게 착용 후 점점 시간을 늘리는 게 좋음 완벽한 교정은 어려움 → 혼자 착용하는 것만으로는 완벽한 자세 교정이 어렵고, 평소 자세도 신경 써야 함 총평 착용하면 확실히 어깨가 펴지는 느낌이 들고, 꾸준히 사용하면 자세 교정에 도움이 되는 제품입니다. 다만 처음에는 착용법이 헷갈릴 수 있고, 너무 오래 착용하면 오히려 불편할 수 있어 적응이 필요합니다. 올바른 자세 습관을 기르려는 분들에게 보조적인 역할로 괜찮은 제품이라고 생각합니다."
자세밴드,이것 꾸준히 입어줘서 그런지 자세가 좋아졌다는 이야기를 많이 들어요 ㅋㅋ 역시 사람은 자세가 중요한 것 같아요 집에서 입고 다니기 좋아요
자세밴드,188cm 80kg 남편사줬어요 사무실에서 일 할 때 쓴다는데 요긴하대요! 바른자세 잡는데 도움이 된다고 합니다! 만족합니다!
자세밴드,밴드가 넓어서 사용하기 참 편합니다!! 착용하면 하루종일 말려있던 등과 어깨가 쫙 펴지는 느낌이 들어서 스트레칭이 시원하게 되는 기분이에요!! 자세가 바르게되니깐 피곤도 덜하네요^^
자세밴드,"구매이유 : 업무 특성상 혼자 있어서 외관적인 부분은 신경쓰지 않고 구매했어요! 사무실에서는 아무래도 착용하고 있기에는 부담될 수 있는데, 자꾸 자세가 거북목자세, 허리를 숙이게 되어서 교정하고자 집에서 장시간 착용하고 업무를 보려고 구매했습니다. 착용감 무엇보다 착용감이 불편하면 장시간 착용하기에는 불편함이 있다고 생각하는데요, 이 제품은 불편하지 않고 졸리지 않지만 내몸에 맞게 편안하게 어깨를 잡아줘서 불편함이 없습니다. 신축성이 좋고 제품 퀄리티자체가 탄탄해서 오랫동안 잘 사용할 수 있을 것 같아요 교정적인 부분도 있겠지만 바른자세를 유지하고 업무를 보니 향상도도 높아지는것 같습니다. 바른자세를 유지하고 싶으신 분 장시간 착용해도 불편함없는 제품을 찾으시는 분들께 추천드립니다."
자세밴드,운동할 때 자세 잡는 용으로 샀어요. 특히 스쿼트할 때 허리 지지대가 안정적으로 받쳐주고 어깨를 펴주니까 좋더라고요~ 밴드 탄성도 짱짱하고 옷 위에 입어도 불편하지 않아 만족스럽습니다^^
자세밴드,어깨가 자꾸 말려서 교정하고자 구매했어요 일단 확실히 잘 펴져서 좋아요!! 물리적인 힘을 얻어서 교정하니 저한테는 편합니당 ㅎ
선크림,전에 쓰던건 백탁도 있고 무엇보다 눈시림이 있었는데 이건 둘다 없네요
선크림,백탁없는 제품 찾았는데 너무 잘 산거 같아요 촉촉하고 끈적임없어서 좋아요 밀리는것도 하나 없이 너무 좋아요~ 다쓰면 재구매 각이에요!! 마음에 들어요~
선크림,쿠팡체험단 이벤트로 상품을 무료 제공받아 작성한 리뷰입니다. 성분이 좋기로 유명한 피지오겔 로션 성인인 저도 피부가 민감해서 로션 잘못쓰면 피부 트러블이 생기는데 피지오겔은 그런 게 전혀 없어서 쭉 쓰고 있는데 썬크림까지 나오는지 몰랐네요! 거기다 페이스&바디 다 사용 가능한 제품이라 더 만족스럽습니다 유통기한도 보통 선크림은 1년인게 많은데 2년이라 길어서 넉넉해서 좋아요 아이랑 같이 쓸 수도 있고 성분도 믿을만한 회사기때문에 안심하고 쓸 수 있어요 저자극에 자외선 차단은 잘 되고 민감한 피부에도 사용 가능할 수 있습니다 처음 사용할 때는 몇번 흔들어서 사용하면 되요 손에 발라 봤는데 약간 묽어요 그리고 촉촉하게 잘 흡수되었습니다 백탁현상도 없어서 마음에 들었고 그리고 끈적거림도 심하지 않고 기름지지 않아서 만족스러워요 하지만 지성피부는 얼굴에 바르면 조금 번들거리는 느낌은 들 수 있어서 몸에 바르는게 좋을 거 같아요 보통 선크림은 여름에 많이 사용하지만 지금도 햇볕은 엄청 따가워서 자외선이 없진 않지요 야구장 갔는데 햇볕이 정통으로 있어서 벌써 타더라고요 ㅜㅜ 이번주 야구장갈때는 꼭 바르고 가야겠어요!
자세밴드,생각보다 사이즈가 막 크지 않아요 ! 자세교정 효과는 매우 좋습니다.
자세밴드,"정말 만족만족 대만족.. 직장인들 강추추.. 한달 전부터 앉아서 컴퓨터 하면 어깨부터 등허리 부분이 저릿저릿?한 느낌이 들더라구요. 시간이 지날수록 거의 만성으로 이런 증상이 있어서 아 진짜 큰일이다 내 허리에 뭔 일이 났구나.. 싶었는데 주변 사람들이 제 등허리가 많이 굽었다고 하더라구요. 그래서 등허리 피고 있는 용으로 구입했어요 ㅠ 집에 원래 있던건 허리만 잡아주는 보호대인데 이건 어깨부터 등, 허리 다 잡아줘서 착용하고 있으면 누가 제 어깨를 강제로 잡아서 뒤로 촥! 젖혀 바른자세로 만들어주는 느낌이에여 ㅋㅋㅋㅋ 솔직히 허리가 이미 많이 앞으로 휜 상태라 이거 착용하고 바른자세로 있으면 허리아프고 힘든데 진짜 신기하게도 이거 하고있는 동안 어깨 저릿한 느낌이 안나요.. 그리고 얇은 옷 입고 외출할땐 이거 착용하기 민망해서 벗고 나가면 거짓말처럼 어깨가 저릿합니다...!!!!!!! 당분간은 상시 착용해서 자세좀 바르게 교정해야겠어요.. 진짜 강추.."
자세밴드,평소 일자목에 라운드 숄더라 구부정한 자세 때문에 어깨와 허리도 많이 아프고 두통도 있어 치료를 받았어요. 치료 받을 때는 괜찮은데 자세가 습관이라 완전히 좋아지지는 않더라구요. 그러다가 바른 자세 밴드를 알게 돼서 써보게 되었는데 너무 좋네요. 의식적으로 바른 자세를 유지하지 않아도 자연스럽게 허리와 어깨가 펴지면서 자세교정이 되서 좋네요. 무게도 가볍고 매쉬소재라 더운 여름에도 땀찰 걱정없이 잘 착용할 수 있을 것같아요. 가볍고 사용하기도 편하고 너무 좋아요. 계속 잘 사용할 것같습니다.
자세밴드,평소 자세가 좋지 않아서 자세교정이 필요할 것 같아 샀어요 허리를 잘 받쳐주고 고정되니까 바른 자세 유지하는데 도움 되네요 구부정했던 자세에서 바른 자세로 교정되니까 덜 피로하고 괜찮은 것 같아요
자세밴드,친구가 사용해보고 효과 좋다고 추천 받아서 저도 주문해서 쓰고 있는데 듣던대로 효과 좋네요 꾸준히 잘 써봐야겠어요
선크림,끈적이지않아 이번여행내내 가족모두 바디용으로 잘썼어요 묽은 로션재형이라 흔들어서 팔다리에 슥짜주고 문지르면 빠르게흡수되고 끈적이지않아서좋고 양도많아서 부담없이 가족모두 사용하기좋아요
선크림,"시슨드시 백탁없는 밀림없는 눈시림없는 선크림 SPF50+ PA++++ 실사용 후기 예민한 피부에 맞는 선크림 찾다가 성분 보고 골랐어요 발림성이 정말 좋고, 백탁이 전혀 없어서 놀랐어요 눈시림도 없고 하루 종일 끈적임 없이 편하게 썼네요ㅎㅎ 유분감 어때요? → 산뜻해서 지성 피부도 무난해요 메이크업 전에 써도 되나요? → 밀림 없이 베이스에도 좋아요 향은 어떤가요? → 거의 무향이라 거부감 없어요 ✅ 무기자차인데도 발림성이 부드럽고 가벼워요 ✅ 민감성 피부도 트러블 없이 잘 맞았어요 ✅ 휴대하기 좋은 튜브 타입이라 여행용으로도 굿 ✅ 땀에도 잘 버티고 지속력도 만족스러웠어요 성분 꼼꼼히 따지는 분들께 특히 추천해요 무난하게 쓰기 좋은 데일리 선크림이에요 ▼구매 결정에 도움될 정보▼ 설치 난이도: 해당 없음 디자인: ⭐⭐⭐⭐⭐ (깔끔해요) 가성비: ⭐⭐⭐⭐⭐ (매일 사용용) 사용 목적: 데일리 자외선 차단용"
자세밴드,기존에 쓰던거는 어깨만 잡아주는 디자인이라 허리를 자꾸 구부정하게 되던데 이건 허리까지 딱 잡아주는 디자인이라 꼿꼿하게 잘피게 되는것 같아요 바른자세 유지하는데 도움이 되서 잘쓰고있어요
자세밴드,운동 병행하면서 교정밴드 하니까 많이 도움 되네요 밴드도 튼튼하고 마감처리도 잘 되있고 사이즈도 잘 맞아서 좋네요 체형 교정도 되고 허리 건강에도 좋으니까 꾸준히 써보려고합니다
자세밴드,"요즘 자세가 자꾸 굽어져서 구입했는데, 효과 진짜 좋아요! 처음엔 약간 어색했지만 하루에 조금씩 착용하니까 어깨가 펴지는 게 느껴져요 밴드가 부드럽고 통기성도 좋아서 장시간 착용해도 불편하지 않아요. 옷 안에 가볍게 입을 수 있어서 출근할 때나 집에서도 부담 없이 착용 중이에요. 자세가 바로 잡히니까 목이랑 허리 통증도 줄어서 만족해요. 꾸준히 쓰면 자세가 확실히 교정될 것 같아요"
자세밴드,회사에서 자세가 점점 안좋아지니 거북목도 심해지고 어깨 목 부분에 통증이 너무안좋아져서 마사지를 받아도 한순간이여서 ㅠㅠ 고쳐보려고 구매했어요! 첨엔 회사에서는 부끄러워서 집에서 착용했는데 확실히 교정이 되더라고요~ 그래서 한개 더사서 회사에서도 용기내서 착용하려고 해요 제몸 제가 챙겨야죠! ㅎㅎㅎ
자세밴드,평소 아이 등이랑 어깨가 굽은 모습을보고 보조기구가 필요할것고 저도 컴퓨터작업을 하다보니 라운드숄더가 되더라구요. 그래서 저랑 아이가 같이 쓰면 좋을것같았어요. 제품을 혼자서 착용하기 편하게 만들어졌더라구요. 착용전에 뒷쪽에 끈을 교차해서 밴드에 넣은다음 양팔을 한쪽씩 넣고 허리에 맞게 먼저 착용한뒤 어깨끈을 당겨서 붙이면되요!!!! 아이도 혼자서 척척하네요. 사진은 아이사진을찍었고 입어보니 어깨가 벌어져 자세에 도움되는것같습니다!!
선크림,현장직에서 일하는 사람입니다. 일주일 사용해본 후기입니다. 일단 첫번째로 향은 개인적으로 그냥 풀향기입니다. 바르고나면 향은 금방 적응되지만 아무래도 이런 류의 제품에서 흔치않은 향이기 때문에 아침마다 바를때마다 적응이 안됩니다. 냄새에 민감하지 않은 분들은 무시해도 될 수준입니다. 두번째로 크림의 질감인데 바르려고 손에 짤땐 되직한 질감이지만 이내 펴바르면 크림에서 로션 중간의 질감입니다. 세번째로 자극은 지성피부인 제 기준으로 피부에 자극은 없었고 바르고나서 땀과 얼굴기름이 올라와도 번들거리는 느낌없었습니다. 눈따가움은 아침 7시쯤 발라서 저녁 6~7시쯤에 슬슬 눈이 따가워지기 시작하는데 이 시간이면 퇴근하고 샤워할 시간이니 사실상 낮시간에 활동하는 동안 눈따가움은 없다고 봐도 좋습니다. 네번째로 발림성은 피부에 금방금방 흡수됩니다. 저는 끈적한걸 싫어해서 로션이나 선크림같은걸 바르고나면 끈적해진 손을 다시 씻는데 이 제품은 손에다 쳐발라놓은 크림도 금방금방 흡수되서 따로 손을 씻을 필요가 없습니다.
자세밴드,"❤ 내돈내산~ 그래서 솔직후기 ⸜(*ˊᗜˋ*)⸝ ❤ 솔직히 리뷰가 최근 리뷰밖에 없어서 고민 8월말에 올라온 리뷰밖에 안보이더라구요... 별5개라.. 알바? 체험단????? 반신반의하며 그래도 믿고 구매해뵀어요 어차피 반품은 무료로 되니까 전 운동하는 사람은 아니지만 언제부턴가 자세가 안좋은지 오른쪽 날개쭉지가 너무 아프더라구요 평소에 자세도 구부정하기도 하고해서 교정해보려 이런용도로 저번에도 산적도 있었는데 별로였는지 안쓰다 보니 안보이네요 리뷰가 좋아 또 샀는데 비닐포장으로 로켓으로 잘 도착했고 급한마음에 포장온채로 훌러덩 입었는데 뭔가 이상해서 보니 잘못착용했네요 착용법 설명서대로 양쪽 어깨부분을 하나씩 끼워주고 가방매듯 훅 매면안되고 조심조심 맵니다 그리고 허리에 큰찍찍이를 붙이고 어깨끈붙여주면 끝! 사용후기 이거말고도 저번에 산게 있는데 이건 허리를 일자로 꽉 잡아주니까 더편하네요 예민한 맨살에는 아플거같고 옷위에 입어줘야할듯하네요 자세가 풀릴정도에 다시 고쳐잡고 아직까지는 좋아요 메쉬로 되어있지만 아무래도 아직은 살짝은 더워요 예전에 똥배잡아주는 밴드했을때의 느낌도 들면서 똥배잡고 허리펴주고 1석2조네요 ㅎ 1주일은 더착용해보고 더 올리겠습니다 내돈내산후기 입니다 ᙚᵐⁱᒻᵉ¨̮❤ 열심히 일해 번 소중한 돈으로 쿠팡에서 거의 모든걸 구매하는 사람으로 저도 다른 리뷰어님들의 도움얻어 구매하듯이 쇼핑에 도움이 되고자 시간내어 쓰는 개인적인 리뷰입니다 도움이 되면 ""도움이 돼요""를 클릭해주세요~ (●'ᴗ'●)ﾉ♥ 이글을 읽어주신분 건강하고 행복하십시요❤ 또 ""도움이 돼요""누르신분은 건강하고 즐겁고 행복하길 바랍니다 ❤"
자세밴드,모든게 자세문제라고 여겨져서 사서 어깨 쫙 피고 있어요 어깨 좁아보이는거 싫어서 샀고 헬스장 다니면서 운동하면서도 착용해보고 있어요
자세밴드,"✅ 구매 동기 육아하다보니 안그래도 굽은 허리 점점 더 심해지는 것같아 안되겠다 싶어 제대로 된 교정 밴드를 하나 찾다가 후기가 좋아 구매하게 됐어요. ✅ 사용 후기 ✔ 착용 후 어깨&middot;등이 자연스럽게 펴져요 처음에는 살짝 낯설었지만 밴드를 착용하고 활동하니 어깨가 &lsquo;쫙&rsquo; 펴지는 느낌이 들고, 등받이에 기대도 어깨가 뒤로 쳐지지 않아 자세가 한결 가벼워졌어요. ✔ 오랜 시간 착용해도 부담 적음 메시 원단과 적당한 밴드 압박 덕분에 하루 종일 착용해도 답답함이 덜했고, 작업 중간중간 자세 신경 쓰는 횟수가 확 줄었어요. ✔ 남녀공용 + S 사이즈라 핏 맞춤 가능 체형이 작은 편이라 S 사이즈로 착용했더니 흘러내리거나 꽉 끼는 느낌 없이 자연스럽게 맞아서 만족도가 높았어요."
선크림,매일 사용하는 선크림이라 여러모로 비교하고 사는데 이거는 평도 좋고 들어있는 성분도 좋아서 구매했어요. 선크림 가끔 바르면 따끔거리는데 이거는 그렇지 않아 좋네요 눈 시림도 없어서 눈물도 안맺히고요~ 가장 마음에 드는거는 선크림 바르고 화장하는데 이거는 그냥 로션처럼 발려서 화장 뜨거나 두꺼워보이지 않아 마음에 들어요. 끊적거리거나 답답하지 않아서 편하게 바를수 있네요~
선크림,발림성하나좋고 나머지는다별로예요 ㅡㅡ
선크림,보통 선크림은 차단지수가 높을수록 뻑뻑하다는 생각을 합니다. 저는 그 점이 별로지만 어쩔 수 없다 생각하고 사용했어요. 이 제품은 아주 묽은 로션타입입니다. 설명에 적힌대로 5회 이상 흔들어 사용합니다. 흔들면 안에 구슬이 움직이면서 딸깍딸깍 소리가 나면서 가라앉은 입자들이 더 잘 섞이게 도와주는 것 같아요. 손에 짜내어보니 흐르는 타입이고 얼굴에 부드럽게 펴바를 수 있어요. 받자마자 오늘 처음 사용해보니 자극이 없어요. 다바른 후에도 끈적임이 별로 없어요. 최근 코스트코에서 유명브랜드의 톤업선크림을 사서 사용한지 한달 정도 되어가는데 자꾸 얼굴이 가렵더라구요. 아무래도 피지오겔로 갈아타야할 것 같아요. 생각보다 작은 사이즈에 놀랐지만 잘 사용할게요. 30미리보다는 훨씬 많아서 얼굴 말고도 여러부위에 데일리로 펴바르기 좋네요. 배송은 빠른데 케이스가 깨져 왔어요. 그럴 수도 있다고 생각합니다. 따로 밀봉처리는 되어있지 않지만 첫 개봉에 뚜껑에 묻어나오진 않았기 때문에 그러려니 합니다. 이런 점 괜찮으신 분들께 추천합니다~~
선크림,썬크림은 항상 바르는데 오랜만에 맘에드는 썬크림 찾았네요! 얼굴에 백탁 현상이나 밀림 현상들 때문에 맞는 썬크림 찾는게 쉬운게 아니였는데 시슨드시 선크림은 바르고 나면 촉촉하게 흡수되면서 얼굴도 환해지는게 너무 맘에 들어요! 복합성 피부라 촉촉하지만 기름지지 않은 걸 좋아하는데 시슨드시 선크림이 딱 제가 원하는 데로 촉촉한데 기름지지 않은 쫀쫀한 느낌이 들어서 만족스러워요~! 손등 사진 오른쪽처럼 바르고 난 후 밀림 현상도 없고 로션처럼 발리니 선크림 바른 후 화장 할 때도 좋네요 그리고 너무 꾸덕한 제품은 얼굴 전체에 펴 바르기가 힘든 경우가 있는데 시슨드시 선크림은 로션 제형이라 흡수력도 빨라서 적은 양으로 넓게 바를 수 있는것도 좋네요. 앞으로는 이 제품만 써야겠습니다~!
선크림,피부타입 : 건성 촉촉까진 아니지만 건조하지않구요 백탁도 딱 자연스러운 정도로 심하지 않아요 트러블은 없습니당 당분간 정착템
선크림,아..바르고 하루종일 눈이 아파서 알르레기인 줄 알고 안과 다녀왔어요ㅠ 이거 바른 날만 눈물 주르르ㅠ 냄새도 없고 발림성도 좋은데 왜... 민감한 내 눈ㅠ
선크림,아이들과 함께 로션처럼 쓸 수 있는 썬크림을 찾다가 발견~~케이스 각지고 이뻐요~~ 노란색도 이쁘구요. 이 브랜드는 워낙 유명해서 아이들과 사용해도 좋을 것 같았어요. 아이들도 별 거뷰감 없이 잘 바르더라구요. 스틱형도 써봤는데 꼼꼼하게 발리지 않는 느낌이라ㅠㅠ 바르는 형태가 가장 나은 것 같아요. 아이들거 내꺼 따로 쓰려니 돈도 돈인데 아이들것만 따로 사서 사용하기에는 번거로웠거든요! 제형은 엄청 묽어서 로션과 스킨의 중간 정도였어요. 향도 나쁘지 않았구요. 단지 번들거림이 심해서 얼굴에 기름이 잔뜩 낀.것 같은 .. 느낌이 들더라구요ㅠㅠ 가끔 얼굴에 바르면 눈이 따가운 것도 있던데 이건 그렇지 않아서 좋았어요. 저는 얼굴이 건조한 편이라 너무 매트한건 또 바르면 얼굴이 당기는 느낌때문에 좀 힘든데 이건 당기는 정도는 아니였답니다. 묽어서 좀 헤프게 사용하긴 하겠지만 그래도 아주 나쁘지는 않아요~ 몇 번 더 사용해보고 후기를 더 남겨보도록 할게요^^
자세밴드,"배쪽이 자꾸 풀림. 앉으면 촥 터짐. 내 배가 문젠가? 하고 힘주고 앉아도 촥 터짐. 날씬한 동생 해보라 줬음. 걔도 터짐. 휴 내가 뚱땡이가 아니라 다행이다, 생각하면서도 괘씸함."
자세밴드,정직한 닥터 약국 입점 바른자세 밴드 어깨 숄더 남녀공용 M 솔직하게 적어보면 처음엔 이런 밴드가 얼마나 다르겠어 싶었어요 워낙 앉아서 일하는 시간이 길다 보니 어깨가 점점 앞으로 말리고 사진 찍히면 등이 굽어 보이더라고요 그래서 반신반의하면서 착용해봤습니다 처음 착용할 때는 끈 위치 맞추는 게 조금 헷갈렸는데 한 번 맞춰두니 다음부터는 금방 착용 가능했어요 입고 나서 바로 확 펴진다 이런 느낌보다는 어깨를 뒤로 살짝 당겨주면서 아~ 내가 지금 구부정했구나.. 하고 인지하게 해주는 느낌이에요 그래서 억지로 잡아당겨 아픈 타입은 아니라 오히려 일상생활하면서 쓰기 괜찮았습니다 저는 주로 집에서 컴퓨터 할 때 1~2시간 정도 착용하는데 벗고 나면 어깨가 조금은 가벼운 느낌이 들어요 대신 하루 종일 계속 차고 있으면 살짝 답답할 수는 있을 것 같아요 옷 안에 입으면 티도 거의 안 나서 잠깐 외출할 때도 부담 없었습니다 이거 하나로 자세가 완벽히 교정된다기보다는 흐트러질 때마다 다시 펴게 만드는 보조 도구 느낌이에요 꾸준히 습관 잡는 용도로는 충분히 만족스럽고 과하게 조이는 제품이 싫은 분들에겐 잘 맞을 것 같습니다 아들은 몆번 차보더니 불편하고 거의 효과 없다고 하긴하는데 저는 올바르게 착용하니 자세가 점점 더 좋아지고 몸이 편함을 느껴져 만족하며 사용 중에 있어요~~ 계속 착용할지 모르나 만족합니다~ 만족한 구매하세요
자세밴드,"복식호흡 연습을 할 일이 있는데 늘 구부정한 어깨와 가슴 때문에 구매했어요! 처음에는 사이즈를 교환해야하나 싶었는데 오늘 배송받고 착용한바로 m이 딱 맞네요 ㅎ 착용후기는 자연스럽게 어깨가 펴지면서 말려있던 어깨가 확실히 뒤로 당겨주면서 교정이 되는 느낌이에요 허리부분까지 지지해주는 구조라 상체 전체가 안정적으로 잡히는 편이고 오래 앉아 있는 날, 자세가 무너짐을 인지할때마다 교정 역할을 확실히 해줘서 도움되요 처음 착용하실 땐 압박감이 꽤 있어서 2시간 이상 착용하면 조금 답답함을 느낄 수 있을 것 같아요 저는 착용한채로 누워서 휴식을 시도해봤지만 역시나 실패입니다 ㅎ 물론 오늘 하루 착용한 후기를 남기고 있지만 꾸준히 착용해보려구요 바른자세에서 바른 호흡을 쓸 수 있으니까요! 그럼 저는 내일도 외출시에 착용하고 나가보겠습니다!"
선크림,아주 만족하면서 잘 쓰고 있어요~ 언니랑 좋다고 제껄 가져가버려서 재구매했어요 미끌거림도 없고 흡수도 잘되요! 하애지는게 없어서 너무 만족~ 꾸준히 쓸려고요^^ 디자인도 너무 예뻐요~
선크림,"모 배우의 인마이백에 있는걸 보고 구매하고 잘 쓰다가 아무래도 바디전용이고 한여름이라 자주 바르다보니 금방 써서 또 재구매했어요 엄청 묽은 제형이라 주르륵 흘러서 잘 발라줘야하구요 엄청 촉촉하게 발려요! 향은 파우더리한 향이라 부담도 없고 대신 유기자차라,,호불호가 좀 있을듯해요 사실 전,,이번에 재구매하면서 유기자차라는걸 알았네요 ㅋㅋㅋ 그래서 늘 시간이 지나면 이 위에 무기자차 선크림을 덧발라요~~"
자세밴드,허리밴드가 자세 고정에 도움이 된다기에 사용하고있어요 허리가 펴지고 어깨도 펴지지 덜 피곤하고 좋네요 밴드 착용법도 간단하고 좋아요 배송도 빠르네요
자세밴드,"평소에 허리랑 어깨 통증 때문에 고민이 많았는데, 이 자세교정기를 사용하고 나서 많이 편안해졌습니다. 착용감도 딱딱하지 않고 편안해서 부담 없이 착용할 수 있었어요. 하루에 30분 정도만 사용해도 자세가 조금씩 잡히는 느낌이라 꾸준히 사용하면 효과가 있을 것 같아요. 조절도 쉽고 무겁지 않아서 편리합니다. 배송도 빨랐고 가격 대비 성능이 좋아서 만족합니다. 자세 때문에 고민하시는 분들께 추천드립니다!"
자세밴드,밴드가 탄탄하고 어깨를잘잡아주니 자연스럽고 자세가쫙 펴지네요 퀄리티 굿입니다 추천해요
선크림,"이거 바르면 세안할때는 클렌징워터나 클렌징폼으로 잘 지워줘야 합니다. 하얀 묽은 제형이고, 바르면 촉촉해요. 저희집은 청소년과 초등3이 씁니다. 아이들이 부담없이 잘 써요~"
자세밴드,"글쎄요. 이것이 맞는건가? 의문점 어께가 너무불편하고, 바른 자세가 도움이될까? 하는 의문 너무 불편해서 다시 한번 입어 보시고 수정 한번 해야할듯..."
선크림,얼마전에 여기서 로션을 구매했는데 성분도 순하고 촉촉해서 넘 맘에들더라구요^^ 그래서 이번에 선크림도 구매햇는데 향도 괜찮고 발림성도 좋아요 수시로 바를거라 백탁없는걸 찾았는데 딱 맘에 드네요
자세밴드,좋네요 재구매해용 !! 착용하지 않을 때와 비교하면 자세교정에 훨씬 도움이 됩니다. 색상도 블랙이랑 깔쌈하고 통풍이 잘되어 좋습니다. 어깨 진짜 많이 펴졌어요 ^ ^
자세밴드,"추천사이즈 표대로 본인 키, 체중 참고해서 4XL로 주문했습니다. 몸에 비해 크면 탄탄하게 몸을 지탱해주지 않을 것 같아 걱정했는데 직접 착용해보니 교정 목적에 맞는 아주 적절한 사이즈라고 생각되었습니다. 어릴 때부터 책상에 앉아있는 시간이 많다보니 자연스럽게 구부정한 자세가 자리 잡았고 항상 목, 허리 등에 불편함을 느꼈습니다. 자세가 잘못되었다는걸 인지하고 있으면서도 얼마못가 무너지는 자세에 어떻게 고칠 수 있을까 자주 고민했습니다. 그러던 중 이 제품을 구매해보았네요. 사용 권장 시간도 하루 2~3시간이기에 집에서만 사용하고있습니다. 착용하면 어느누구나 바른자세를 할 수 밖에 없습니다 ㅎㅎ 몸이 쫙 땡기고 펴지는 느낌을 받아 좋습니다. 시원하다는 느낌이 듭니다. 실제로 착용하는 방식은 번거롭지는 않으나 의자에 앉기 전 착용하는 행위 그 자체가 번거롭게 느껴지긴 합니다. 근데 누구든 한번 이 시원함을 느낀다면 고민없이 자주 챙겨입을거라 생각합니다. 아직 한달밖에 안돼 효과에 대해 말하기는 섣부르지만 착용하는 순간만큼은 몸이 펴지는 느낌이 체감되어 꾸준히 착용하다보면 변화도 기대해볼 수 있을 것 같습니다."
선크림,눈 안따갑고 백탁현상없고 좋은데 냄새는 살짝 제 취향은 아니에요 ㅠㅠㅎㅎㅎㅎ
자세밴드,허리목교정 차원에 구매했으나 막상 잘 쓰지않아 또 재놓네요ㅜㅜ
선크림,울딸이랑 같이 쓰려고 샀는데 제가 쓰니까 유분이 없네요 울딸은 좋데요 전40대 울딸은20대
선크림,정품이 아닌듯...... 택배박스안에 케이스없이 선크림이들어있네요ㅠ
자세밴드,굽은 어깨 때문에 자세교정밴드를 써보면 도움이될까 살짝 기대감 갖고 사봤는데ㅋ 결론은 대.만.족~~~ 이거 진짜 강추 해요... 가격도 이정도면 꽤 합리적인데 품질면에서 전혀 떨어지지않고 너무 좋은거 같아요ㅋ 착용하자마자 굽은 어깨가 싹 펴지길래 신기하더라고요^^ 저같은 고민가진 분 들께 혹시나 도움될까 후기 남겨요!
선크림,"쿠팡체험단 이벤트로 상품을 무료 제공받아 작성한 리뷰입니다. 성분 좋은 피지오겔에서 만든 썬로션이라 안심하고 사용하고 있어요. 얼굴과 바디 다 쓸 수 있는 타입으로 로션타입 보다는 워터 타입이 더 맞는 제형이라 온가족이 부담없이 다 쓰기 좋은 제형이에요. 보통 남자들이 로션, 크림도 유분감 많다고 답답해서 피하는 분들이 많은데 (우리집 남자들이 그렇습니다ㅠㅠ) 썬크림은 더 답답해서 도망가는 경우가 꽤 있거든요.. 근데 요 피지오겔 썬 로션은 흔들어 쓰는 워터타입 제형으로 바를땐 가볍게, 피부속은 촉촉히 잡아주는 제형이라 거부감이 없었어요. 미백과 주름 기능성이 들어 있어서 너무 어린 아이는 사용하면 안될 것 같아요. 저희 애는 좀 컸다고 같이 쓰겠다 해서 아침에 나가기 전 혼자 사용하는데 흔들어서 사용하는거라 애가 쓸 때마다 재미있어 하고, 주르륵 흐르는 제형이라 많이 나오면 어쩌나 했는데 입구가 작고 뾰족해서 애가 잘못 힘 줘도 너무 왈칵 나오지 않아 안심이더라구요. 썬 로션이라는 이름처럼 바르고 난 후 유분감이 거의 느껴지지 않아서 만족도가 높아요 보통 썬크림은 유분감이 겉돌아 번들거려 보이거나 화장이 뜨는 대참사가 일어나는데 싹 들어가고 말아서 덧바르거나 많이 발라도 걱정이 없네요. 백탁이 안느껴져서 마구마구 빠르게 되요ㅎㅎ 용량이 100ml나 되서 부담없이 듬뿍듬뿍 바르는 중이에요. 역시 화장품 잘 만드는 피지오겔이구나 감탄했어요. 끈적이지도 않는 썬크림을 찾는 분께 추천합니다."
자세밴드,"어깨가 너무 아파서 이 제품을 구매했어요. 어깨 교정 밴드를 착용하면 어깨를 너무 펴야 해서 긴장되고 불편함이 있더라고요. 그 불편함을 참고 이겨내야 한다는 건 알지만, 저에게는 너무 힘들어서 결국 삼일 만에 착용을 중단하게 됐습니다. 효과가 있을 거라 기대했지만, 저와는 잘 맞지 않았네요. 이 점을 고려하셔서 구매하시면 좋을 것 같아요."
자세밴드,오래 착용하지 않고 하루 3번 2시간씩 자세교정 하고 있어요. 저도 모르게 고릴라자세를 하고 있어 인식을 하고 교정을 할려고 해도 자세가 굳어 다시 돌아 오네요. 지금은 착용한지 두달이 넘어서 말린 어깨도 펴지고 굽은 등도 펴졌어요. 꾸준히 하는게 자세교정에 좋고 무거운 짐이나 허리굽는 자세를 할 경우 필수가 되었어요. 허리가 굽은 상태에서 무거운 짐이나 오래 서 있을 때 착용하니까 허리도 덜 아프고 허리를 받쳐줘 다칠일이 없는 것 같아요
선크림,평상시 크림 하나에 썬크림 하나만 바르는데 썬크림 이거로 바꾸고 시림을 떠나 눈이 졸라 따갑고 아픔 ㅡㅡ아까워서 참고 바르 বিদ্যমান는데 아 도저히 안되겟음 갖다버림 열받음 요즘 썬크림 눈 시리거나 아픈거 없는데 이거 진짜 내인생 최악의 썬크림임 바르고 1시간 이내부터 눈 미친듯이 따갑고 시림 눈아파서 운전하다 사고날뻔해서 지금 너무 열받음 갖다 버렸음
자세밴드,"스마트폰을 자주 보면서 어깨가 자꾸 굽고 거북목처럼 되는 게 고민이었는데, 이 제품을 착용하고 나서 확실히 차이가 있네요. 처음 착용할 때는 허리랑 어깨가 꽉 잡아주는 느낌 때문에 조금 어색했는데, 몇 번 사용하다 보니 점점 익숙해지고 자세가 자연스럽게 펴지더라고요. 특히 허리 부분까지 잡아주는 구조라 단순히 어깨만 교정되는 게 아니라 상체 전체가 안정적으로 바로 서는 느낌이 있습니다. 오랫동안 잘못된 자세로 앉아 있어서 허리가 자주 뻐근했는데, 착용 후에는 훨씬 덜 뻐근하고 바른 자세를 유지하는 데 도움이 많이 되고 있습니다. 소재도 생각보다 두껍지 않고 통풍이 잘돼서 여름철에도 크게 덥지 않았습니다. 운동복 안에 입어도 티가 많이 나지 않고, 조이는 부분도 조절이 가능해서 체형에 맞게 착용할 수 있는 점이 좋습니다. 남녀 공용이라 가족끼리도 사이즈만 맞으면 같이 사용할 수 있겠더라고요. 무엇보다 오래 앉아 있을 때 자꾸 등이 말리면서 구부정해지는 습관을 잡아주니, 의식하지 않아도 몸이 바르게 펴지는 게 큰 장점입니다. 하루에 1~2시간씩만 착용해도 효과가 있고, 착용하고 있을 때는 자연스럽게 가슴을 펴고 호흡도 편안해지는 느낌이 들어 만족스럽습니다."
선크림,잘 발라지고 씻기는 점은 장전이나 많이 번들거립니다. 그리고 바르고 생활하면 눈을 안만졌는데도 눈이따가움
자세밴드,오래 앉아있는 직업이라 거북목과 어깨 통증이 심해져서 자세 교정 밴드를 구매하게 되었어요ㅜㅜ 착용감이 생각보다 편안하고 끈 조절이 쉬워서 남녀 모두에게 잘 맞는 느낌이었고 뒷부분이 단단하게 잡아줘서 어깨가 자연스럽게 펴지는 느낌이 들더라구요!!! 처음엔 약간 어색했지만 몇 시간 착용해보니 자세도 의식적으로 바르게 잡히고 목 통증도 확실히 덜해진 느낌이었어요^^ 운동할 때도 가볍게 착용하고 있으면 도움이 되서 일석이조라는 생각이 들어요ㅎㅎ 디자인도 과하지 않고 일반 옷 안에 입어도 크게 티가 나지 않아서 외출 시에도 부담이 없었구요~ 무엇보다 탄탄한 고정력과 착용 후의 개운함이 가장 만족스러웠어요^^ 직장인이나 학생들에게 특히 추천하고 싶은 제품이에요ㅎㅎ
자세밴드,좋아요! 자세가 확 펴지네요! 탄탄하게 잘 잡아줍니다!
자세밴드,"소재가 진짜 너무 별로예요... 자세가 교정돼서 뼈나 근육이 아픈게 아니라 겨드랑이 부분만 쓰라려요... 꽤 두꺼운 옷을 입어도 아파요... 겨드랑이 부분에 안입는 옷 한개씩 돌돌 말아서 사용중... 다시 한번 강조합니다 자세교정으로 인해 뻐근하거나 근육, 뼈가 아픈게 아니라 겨드랑이 부분이 쓰 라 려 요 자세 잡아주는 기능은 좋아요 그래서 옷 돌돌 말아서라도 사용중입니다 자세교정에 정말 도움 될 거 같은데... 너무 아쉽네요... 겨드랑이 부분에 패드같은 게 추가된 리뉴얼 제품이 나오길 바라봅니다..."
선크림,가족들 일상으로 쓰고 있어여 아들들이 학교 갈때 사용하라고 구매했는데 생각보다 거부감없이 잘 쓰고 있네요
선크림,얼굴 톤업이 일반 톤업같이 밝진 않네요 ; 끈적끈적해서 머리가 바람에 날리면 붙어요... 괜히 두 개나... 훔
자세밴드,삼실에서 데일리로 차는데 강하게 잘 잡아주네요 제품 퀄리티 마감상태도 좋습니다
자세밴드,허리부분 계속 풀려서 사용 못하겠네요 너무 약해요
자세밴드,"포장도 엄청 꼼꼼하고 배송이 진짜 빨랐어요. 이거 착용하기 전엔 불편하지 않을까 생각했는데, 오히려 더 편하고 시원해져서 좋네요."
선크림,이제품을 쓴지 10년이 넘은거 같아요..ㅎ 다른제품을 써봤지만 이것을 대신할 썬크림은 찾지 못한거 같아요.. 차단지수 높고 발림성 좋구 베이스크림 겸용이라 따로 베이스 크림을 바르지 않아도 되구여 몇번의 조금씩다르게 용기가 바뀌긴 했지만 내용물은 그대로라고 해서 또 재구매 했어요 많은분들이 같이 써보구 저처럼만족하셨음 해요..
선크림,묽은 타입으로 몇번 잘 흔들어서 바르는데 약간의 광택과 함께 당김없이 잘 발라져요 썬크림을 잘 안썼던 이유가 바를 때와 바른 후 뻑뻑함이 너무 싫어서였는데 우선 발림성이 좋아서 편하게 사용하고 있어요 사용 후 팩트 사용시에도 밀리지않구요
자세밴드,배 나온 분에게는 작은듯. 큰사이즈인데 어깨벨트가 양쪽으로 10cm 씩 더 있었으면 합니다.
자세밴드,이런걸 제품이라고 판매하는건 쓰레기에 가깝다고 생각하는데 직접써보니 진짜 쓰레기에 가깝다는걸 느낍니다 쓰지마세요 판매자분들 반성하시기 바랍니다 효과도없고 더이상 할말이 없네요
선크림,민감한 피부를 가진 남편때문에 자주 구매를 합니다. 뭘 발라도 피부가 따끔거리고 번들거리고 허옇게 화장한것 같아 싫다고 하는데 이 제품은 그런 모든 단점을 해결해 주니 계속 사용하고 있습니다. 타 제품보다 좀 비싼것 같아 어차피 무료배송이니 한개씩만 구입해서 쓰고 떨어지면 또 사서 쓰라고 했더니 계속 쓸건데 왜 번거롭게 그러냐고 한번에 꼭 두세개씩 사서 쟁여 놓고 쓰네요.ㅋㅋ 운전할때는 필수라고 이거 하나로 얼굴과 팔에 완전 무장하고 다닙니다. 민감한 피부에 알러지 없이 잘 맞는 이 제품을 만나게 되서 정말 다행입니다.
자세밴드,어머니가 허리가 굽어지셔서 원하셔서 사드렸는데 너무 마음에 들어 하시내여 좋은 제품 감사합니다
선크림,얼굴을 밝게해주고 선크림 효과도 좋아서 몇년째 사용하고 있는 제품이에요. 부모님도 트러블 없이 꾸준히 잘 사용하셔서 자주 선물해 드려요
자세밴드,컴퓨터도 하고 핸드폰도 자꾸하다보니 등이 자꾸만 굽는것같은느낌이 들더라구요. 아이들한테 자꾸 잔소리 하는것도 미안하고해서 구매해주었어요. 아이가 사용전 저도 해보았는데 등을 꽉 작아주는 느낌~~꾸준히 사용해볼께요^^
자세밴드,"어느정도 어깨를 펴주는 효과는 있는데 어깨를 더 잘 피려고 찍찍이를 당기면 겨드랑이가 좀 쪼이더라고요. 의학적인 효과를 기대하시는 분들께는 비추이지만, 말린 어깨 스트레칭 정도로 생각하신다면 추천입니다!"
자세밴드,"평소 컴퓨터 앞에 오래 앉아 있다 보니 어깨가 자꾸 말리고 자세가 흐트러지는 게 느껴져서 바른 자세 밴드를 사용해봤어요. M 사이즈로 선택했는데 잘 맞아요~ 입고나면 처음에는 어깨를 살짝 잡아당기는 느낌이 있는데, 그 덕분에 등을 펴게 되고 자연스럽게 바른 자세를 의식하게 돼서 좋더라구요. 그리고 얇고 가벼워서 여름에 쓰기도 괜찮을거같아요 여튼 짱조음"
선크림,할인해서 구매 톤업효과도있네요 기초잘바르고 발라야 착 붙는데 아니면 들떠요 클렌징할때 꼼꼼히해야되요
선크림,올여름 가장 열심히 쓴 썬크림. 리뷰가 여름 끝이라 좀 그렇긴 한데 이런건 꼭 써봐야 리뷰를 하는 타입이라. 거의 2/3를 썼다. 아이들도 나도 같이. 백탁도 없고 가려움도 없었다. 썬쿠션이 올여름 너무 빨리 다써서 재구입 않고 이재품으로 사용후 화장했는데 밀리지 않았다. 겨울도 계속 쓸것 같은 느낌!
자세밴드,"식구모두가 컴퓨터를 좋아하고 스마트폰없이는 못살다보니, 거북목에 말린어깨가 생활화 되어있더라구요! 그래서 친구가 추천해준 자세교정밴드를 구매했어요! 와... 진짜 너무 시원해요. 생각보다 어깨가 진짜 많이 말려있더라구요. 교정해야지하고 하는게 아니라 마사지받듯이 등이 쫙펴지는게 너무 시원해서 계속하게 되네요. 최고에요 ㅋㅋ"
자세밴드,"육아 때문에 허리가 휜다는게 정말 절실하게 느껴지고 있는 요즘입니다ㅠ 아이 엎고 있을때 가장 힘든데 이거 착용하고 있으면 조금은 나은 느낌이고, 쉬면서 집안일할때 꼭 차고 있어요!~ 허리 틀어짐이나 안좋은 습관들 고쳐지길 바래보아요!~"
선크림,바르면 촉촉하지 않고 건조함이 심하고 땡겨요. 지성용이에요. 바르면 피부가 심하게 건조하고 땡기고 눈가에 주름골이 심하게 생기고 최악이에요. 남편도 바른후에 주름이 심하게 잡힌다고 바르지 말라고 하구요. 피부 땡김이 아주 심해요.
자세밴드,자세교정되는데 이만한게 없는것같아요!! 요즘 자세가 불량한지 의자에 앉아있으면 허리가 너무 아파서 고통스러웠는데 확실히 자세 교정밴드 착용하니까 다르네요!! 정말 너무 편하고 좋고 그렇다고 밴드를 오래 착용하고 있다고 불편하지않고 오히려 편하네요~~ 가격도 합리적이라 더더욱 좋은 것 같고 별 다섯개 아깝지 않은 제품입니다!! 평점: ⭐️⭐️⭐️⭐️⭐️ (5/5)
선크림,시어머니꺼 한번 써보고 저도 따라샀어요ㅋㅋ 요거바르고나가면 화장안해도 좀 커버되서 넘 편하구 좋아요! 코시국에 슥 바르고 나가니 화장안해도 한것같은 커버력에...넘편하구 좋네오ㅡ
선크림,"## 시슨드시 백탁없는 밀림없는 눈시림없는 끈적임없는 성분이좋은 선크림 SPF50+ PA++++, 50g, **장점:** * **백탁, 밀림, 눈시림 없음:** * 티타늄 디옥사이드와 징크 옥사이드가 주요 자외선 차단제로 사용되어 백탁 현상이 거의 없고, * 워터젤 형태로 발림성이 좋아 피부에 밀림 없이 얇게 발라도 자외선 차단 효과가 뛰어나며, * 민감한 눈에도 자극이 적어 눈시림 현상이 거의 없습니다. * **끈적임 없는 사용감:** * 워터젤 형태로 수분감이 풍부하고 가벼워 피부에 부담없이 발립니다 * **SPF50+ PA++++ 높은 자외선 차단력:** * 강한 자외선으로부터 피부를 보호하는 데 효과적입니다. **단점:** * **다소 비싼 가격:** 다른 선크림에 비해 가격대가 다소 높은 편입니다. * **지성피부에는 다소 부담스러울 수 있음:** 워터젤 형태로 수분감이 풍부하기 때문에 지성피부에는 다소 부담스럽게 느껴질 수 있습니다. 총평 : 백탁없는 선크림을 찾아보다가 요게 눈에 띄어서 구매했는데 발릴때 촉촉하게 발려서 화장전에 바르면 화장이 더 잘먹어요 잘 펴발라야됩니다 안그러면 조금 뭉치더라고요 바를때 저는 조금 따갑더라고요ㅠ 바를때 촉촉하고 눈시림이없어서 좋은데 조금 따가워서 바디에 발라야할것같아요 백탁없고 촉촉한거 좋아하시면 추천드립니다 제가 직접 구매하여 개인적의견을 리뷰로 작성했습니다!! 제 리뷰가 도움이 되셨으면 도움이 되요 눌러주시면 감사하겠습니다 !"
자세밴드,"사용해 본 결과, 어깨와 등이 자꾸 구부정해지는 분들에게 도움이 되는 제품입니다. 착용감이 크게 불편하지 않고 남녀 모두 공용으로 사용할 수 있어 가족끼리도 번갈아 쓰기 좋습니다. 오래 착용하면 약간 압박감이 느껴지긴 하지만 자세가 펴지는 효과를 확실히 체감할 수 있어서 만족스럽습니다. 꾸준히 활용하면 거북목이나 굽은 어깨 개선에도 도움이 될 것 같습니다."
자세밴드,어깨가 많이 굽었다고해서 구매했습니다 허리만 잡아주는 제품보다 더 견고하고 잘 잡아주는거 같아요 많이 사용하면 팔? 겨드랑이쪽이 조금 아프긴한데 허리를 잘잡아줘서 좋아요 계속 사용하다가 구부정하게 있으면 허리 아프네요 매일매일 쓰라는 건가봐요 아주 좋아용
선크림,묽은 제형이고 처음 바를땐 별 느낌 없는데 시간이 지날수록 눈이 너무 따가워 뜰수가 없어요 얼굴말고 다른데만 발라야할듯..
선크림,썬크림을 이것저것 안가리구 많이 사용하는 편인데 시슨드시 소량으로 발라 보았어요~이거 아주 피부에 착착 흡수력이 금방이여서 너무 좋아요~^^ 가격비해 용량은 적지만 성분을 보면 왜 그런지 알 수 있을 것 같아요~ 민트향이 은은하게 나는데 바르고 나면 냄새도 사라지네용!겨울철에도 썬크림 중요한데 시슨드시로 뽀송한 피부 보호 잘 하겠습니당^^
자세밴드,육아로 말린어깨가 심해서 어깨가 너무 아파서 샀어여. 박스에 담겨 잘 왔어요. 착용법도 간단하고 잘 펴줍니다.
자세밴드,자세를 신경써서 고쳐잡아도 시간이 지나면서 나도모르게 구부정해지는데 자세교정기 착용하니 집중을 안해도 계속 바른자세로 잡아주니 허리나 거북목이 조금 덜해진 것 같아요. 계속 사용하면서 바른 자세가 익숙해지면 좋겟네요! :)
선크림,건성피부이지만 악건성은 아닌데 이 제품을 사용하니 피부가 건조해지고 들떠서 봄에사서 몇번 사용후 아닌거같아 여름이 되어 이제야 씁니다. 지금쓰기엔 문안합니다~~ 톤업기능이있고 눈시림은 없는듯 합니다. 반드시 클렌징후 폼클렌징해야 세안이 됩니다 폼클렌징만으론 세안이 안되네요~~ㅠㅠ 지성피부엔 딱인거 같아요~~~~ 유분감이 전혀없음ㅎㅎ
자세밴드,교정밴드 착용한지 꽤 되서 그런지 진짜 편안하더라고요 가격도 저렴하고 재질도 짱짱해서 좋았어요 오랫동안 착용할 수 있어서 마음에 들어요 좋아요
선크림,40대 중반이 다가오니 썬크림을 많이 바르게 됩니다 맨얼굴로 다니기에는 좀 민망하더라구요. 스킨로션 바르고 요 썬크림바르면 피부톤이 조금 밝아보여요. 약간 묽은편이긴한데 바르고나면 촉촉한 느낌입니다
선크림,엄청 물같은 질감이라 처음에 바를려고 짜는 분들은 당황하실 수 있어요 안에 구슬같은게 들어있는거 보면 흔들어 쓰는거같아서 저는 사용하기 전에 꼭 흔들어서 쓰고있어요 간간히 썬크림 중에서 따갑고 간지러운 제품들도 있는데 이건 가족 모두 사용이 가능한 제품이라 그런지 순하고 좋아요 그리고 물같은 제품이라 보통 썬크림 제대로 사용하려면 많이 발라야한다고 말을하는데 그렇게까지 많이 바르기가 부담스러운데 이건 그냥 주욱~짜서 많이 바르기도 편해서 저는 듬뿍듬뿍 발라주는데도 양도 많아서 좋아요 근데 물같은 제형이라 그런지몰라도 좀 너무 끈적하긴해요ㅠㅠ 그래서 실외 나갔다가 실내로 들어오면 바로 씻거나 물티슈로 닦아주고 다시 바르는게 너무 번거로워요ㅠㅠ
자세밴드,"평소 어깨가 자주 말리고 허리도 구부정했는데, 정직한닥터 바른자세밴드 착용 후 자세가 확실히 교정되는 느낌이에요. 허리 부분이 넓고 탄탄하게 잡아줘서 안정감이 있고, 어깨를 자연스럽게 펴줘서 상체가 확 세워집니다. 고정력이 강하지만 통기성이 좋은 메쉬 소재라 답답하지 않았고, 벨크로 밴드로 사이즈 조절이 쉬워 착용감이 편했어요. 하루 몇 시간 착용만으로도 자세가 바르게 교정되는 게 느껴집니다."
자세밴드,전에 자세교정밴드 사용햇을때 어깨가 너무 아팠는데 이건 여러 방향으로 잘 잡아줘서 그런지 아프지 안헨요 허리도 잘 잘아주고 자세가 바라지고 잇는거 같아요
자세밴드,너무저렴해서 의심했는데 진짜허리펴집니다 제껄로 회사 사람들 다 착용해보고 구매한다고합니닼ㅋㅋㅋ 생각보다 진짜 신기하네요 일단 가격 상관없이 모두 만족하는중
자세밴드,"택배 뜯자마자 “오? 이게 그렇게 핫하다는 자세 교정 밴드?” 하고 쓱 만져봤는데 생각보다 탄탄~하고 묵직한 존재감 뿜뿜. 허리랑 어깨 잡아준다는 말이 그냥 광고 멘트인 줄 알았는데 나님, 이거 입자마자 어깨가 뒤로 “쫙” 펴지는 느낌? 대체 뭐임ㅋㅋ 처음엔 착용법 몰라서 멍충미 폭발했지만 모델처럼 뒤로 끈 잡아 쫙~ 당기니까 어깨가 자동으로 뒤로 가고, 등은 쭉 펴지고, 허리는 탁 잡히고... “아 본인 그동안 이렇게 구부정하게 살았다고...? 살짝 현타 왔지만 뭐, 지금이라도 고치면 장땡이죠ㅎ 특히 39cm 지지대라는 거... 이거 진짜 체감됨. 어깨 + 등 + 허리까지 삼위일체로 고정해줘서 컴퓨터 오래 하는 울집 직장맘에게 개필수템 인정. 그리고 신기한 게, 움직일 때도 거슬리는 게 덜함! 에어메쉬라 그런지 답답한 느낌도 덜하고 운동할 때도 살짝 착용해봤는데 나름 잡아줘서 자세 흐트러짐 방지되는 느낌? 쵝오..."
선크림,발라본 썬크림중 최고에요 첨엔 부드럽게 잘발라지고 살짝 기름진것같지만 곧 뽀송해져요~
선크림,"부담 없이 매일 쓰기 좋은 톤업 선크림이었어요. 가벼운 발림성과 자연스러운 톤 보정 효과 덕분에 바르는 즉시 피부가 맑아 보이는 느낌이 들었어요. 끈적임 없이 산뜻하게 마무리되면서도 적당한 촉촉함이 있어 건조하지 않고, 메이크업 전에 사용하기에도 좋았어요. 자외선 차단 지수가 높아 실내외 어디서든 안심하고 사용할 수 있는 점도 마음에 들었어요. ⭐️ 가볍고 부드러운 발림성으로 피부에 밀착됨 ⭐️ 자연스러운 톤업 효과로 피부가 맑아 보임 ⭐️ 끈적임 없이 산뜻한 마무리감 ⭐️ SPF 50+ PA+++로 강력한 자외선 차단 ⭐️ 데일리로 부담 없이 사용 가능 ❤️ 무겁지 않고 자연스럽게 피부 톤을 정리해주는 데일리 선크림으로 만족스러웠어요. 피부가 답답하지 않고 촉촉하면서도 산뜻하게 마무리돼서 앞으로도 꾸준히 사용할 것 같아요!"
자세밴드,어떡해 착용하는지 설명이 잘 되어 있어요 옆구리라인은 망사로 되어 있고 척추부분은 보호대처럼 길게 받쳐줍니다 어깨와 허리 밴드를 착용하면 바른자세가 저절로 되요 핸드폰이나 컴퓨터를 많이 해서 나도 모르게 앞으로 구부리게 되는데 자세교정밴드를 착용해주니 척추가 시원해요 그동안 뻐근한체로 생활해왔다는걸 느꼈습니다 굽어있던 어깨가 펴지니 목도 자연스럽게 펴지네요 집안에는 물론 출근할때도 착용할 수 있어서 매일 착용중이에요
자세밴드,딸이 어깨를 자꾸 웅크리는 습관이 있어 구매하여 사용해보게했어요 생각보다 너무 짱짱해서 하루종일 하고있기에는 처음엔 좀 힘들것같아요 퇴근후 잠들기전까지 착용하면서 사용시간을 늘려야겠어요
자세밴드,착용했을 때 어깨가 자연스럽게 펴지는 느낌이에요!! 처음엔 조금 낯설었지만 금방 익숙해지고 자세가 확실히 교정되는 게 느껴져요 ㅎㅎ 옷 안에 입어도 티가 덜 나서 출근할 때도 편하게 착용 중이에요 잘구매한것같아요 굿굿
자세밴드,"▪︎골반 틀어짐 20도 척추측만증 굽은등 어깨말림 거북목 일자목 역c자 모두 있는 사람입니다. 정말 장시간 앉아있어야 되시는 분들은 더 나빠지시기 전에 꼭 자세교정 열심히 하시고, 특히 앉아서 일하거나 공부하다 보면 자세 흐트러지기 마련인데, 이건 억지로라도 잡아주니까 훨씬 나으리라 믿습니다. ▪︎솔직히 딱 처음 착용했을 때 저는 숨쉬기 불편하고 벗어버리고 싶지만, 그래도 밴드 없이 공부하다가 몸 더 망치는 것이 최악일 것 같아 꾹 참았습니다.지금 이렇게 불편한 건 그동안 내가 그만큼 체형이 망가졌구나...아...지금은 얘가 그만큼 잘 고정해주고 있는 거구나.. 싶어서 계속 쓰려고요. 체형은 되돌리기 쉽지 않고 리스크가 커서, 잘못된 이상한 밴드 사는 건 정말 안 되겠죠. ★약국에서 파는 거라고 하여 믿고 구매하였습니다!★"
선크림,"얼굴용과는 별도로 팔, 다리 등 바디에 무난하게 사용할 자외선 차단제를 찾다가 구매하개 된 된 제품이에요. 제형은 묽은 워터타입이라 사용 전 흔들어 바르는 방식인데, 가볍고 부담 없이 발려서 여름철 바디 전용 선크림으로 딱입니다. 끈적이거나 답답한 느낌 없이 산뜻하게 흡수돼요~ 향은 은은한 일반 로션 향이라 호불호 없이 누구나 무난하게 사용할 수 있을 것 같아요. 100ml 용량이라 여유있게 쓸 수 있는 점도, 민감성 피부에 적합하다는 제품 특성 덕분에 자극 없이 사용할 수 있어 좋았어요."
자세밴드,앉아서 일하는 시간이 길다 보니 자세가 자꾸 말리는 게 느껴져서 보조용으로 써보자 싶어 구매했어요 약국 입점 제품이라 기본은 하겠다는 생각도 있었구요 착용 방법은 복잡하지 않고 옷 안에 입어도 크게 불편하지 않은 편이였어요 조여서 잡아당긴다기보다는 어깨를 뒤쪽으로 자연스럽게 잡아주는 느낌이라 처음 착용했을 때 거부감은 크지 않았어요 하루 종일 착용하기보다는 집에서 앉아 있거나 컴퓨터 작업할 때 몇 시간 정도 쓰기 좋았구 착용하고 있으면 구부정해질 때 한 번씩 인식하게 돼서 자세를 의식하게 되더라구요 사이즈도 넉넉하게 나와서 체형 상관없이 맞추기 쉬웠고 착용하는것 자체가 답답하지 않으니까 꾸준히 착용하게 되네요
자세밴드,너무잘떨어져요 배에 조금만힘줘도 찍찍거려요 쥐섀끼있는줄알았어요
자세밴드,요즘에 아이가 공부를 시작하면서 자꾸 어깨가 굽고 허리가 굽는 것 같아서 공부할 때 이 제품을 사용하면서 하라고 구입을 햇어요 지지대가 견고하게 허리를 잡아주니깐 자세도 잘 잡아주고 허리가 편해진 것 같다고 하네요!! 저도 집에 있을 때 나도 모르게 굽어지는 허리가 신경쓰여서 저도 함께 착용중인데 만족하고 사용하고 있답니다. 이 제품을 사용하고 나서부터는 자세도 잘 잡아주고 허리도 훨씬 편해졌네요!!
선크림,저는 예민한 피부인데 이 제품을 접하고 나서 이것만 사용해요 행여 좋은게 있다고 해서 잠시 한눈팔고 사용해도 다시 이 제품으로 돌아옵니다. 모든 면에서 만점.
자세밴드,리뷰보고 믿고 구입했는데 사진처럼 허리가 막 펴지지도 않구요 밴드 고정걸이가 바로 뜯어졌습니다. 튼튼하지 않아요
선크림,눈 따가움 때문에 한번 사봤어요. 정말 안 따갑네요. 그래도 눈 비비면 안될 것 같아요. 어른들 제품은 스틱이든 액체든 거의 눈에 들어가면 따갑더라구요. 눈두덩이에 살짝만 발라도 시간 지나면 슬슬 눈이 따갑더라구요. 스틱도 나오면 좋겠어요. ㅡㅡㅡㅡㅡ 요제품은 로션 처럼 부드럽고 가볍게 발리고~ 지금 3시간 지났는데 촉촉함이 남아 있네요. 사이즈는 생각 보다 작아요. 요고는 얼굴에만 바르는 걸루~ㅎㅎ ㅡㅡㅡㅡㅡ 향은 개인적으로 솔잎향이 살짝 나는것 같아요. 저는 다 맘에 듭니다.
자세밴드,2xl구매했다가 작아서 4xl다시구입 하였는데 반품한게 온건지 ..스카치 테이프가 붙어있네요 그래도 상품은 새상품인거 같아서 사용하려고요 어깨와 겨드랑이 사이가 불편하지만 거북목에 두통까지와서 자세로 효과가 좋으면 좋겠어요
선크림,겨울이라고 사용 않하는게 아니죠 전 잘 안쓰는데 특히 겨울이 더 중요하다해서 구매했어요 예민한 편이라 타사제품을 사용하면 눈이 시리고 눈물도 나고 허옇게 들떠서 강시 같은데 문제점을 보안해서 나왔네요 자연의 산약제를 사용해서 오히려 피부 진정에 효과적이고 은은한 자연 풀향기가나 기분도 산에 온 느낌이에요 피부에 가깝함이 없게 로션 타입으로 되어 있어서 끈적임이 없이 밀착력도 좋고 흘러내리지 않아 아주 좋아요 만족합니다
선크림,눈 안 따가워요~~ 저는 너무 너무 만족해서. 여러번 재구매 했어요~~~^^
자세밴드,"핸드폰 하느라 목도 허리도 많이 굽혀 많이 뻐근한 것 같아 구매했어요.바른자세로 편안하면서도 잘 잡아주고,통기성 좋은 소재로 집에서 오래 착용해도 괜찮더라고요."
자세밴드,"라운드숄더가 심해서 구매했는데, 확실히 자세 교정이 잘 되네요 175cm 75kg인데 2XL 사이즈도 잘 맞고 몸에 딱 맞아요 등쪽 지지대가 견고해서 자세를 바르게 유지시켜주네요"
선크림,"이 제풍을 5년째 계속 사용 중입니다. 제 피부는 지복합성에, 피부톤은 약간 어두운편입니다. 피부가 지성이라 그런지 얼굴에 뭔가를 많이 바르는걸 별로 좋아하지 않습니다. 또한 얼굴이 답답하거나 끈적거리는걸 무척 싫어하고요. 그런 저에게는 딱 입니다. 제형이 굉장히 부드럽습니다. 조금만 짜서 쓱쓱 펴발라도 부드럽게 넓게 잘 발립니다. 제형이 꾸덕거리는 스타일이 아니라 끈적이지도 않고요. 향도 나쁘거나 거북하지 않아 부담 없습니다. 무엇보다 제가 요 제품을 애용하는 첫번째 이유는 커버력입니다. 분명히 썬크림인데 썬크림+파운데이션 느낌이랄까~ 커버력이 좋아요. 저는 요 썬크림 바르고 팩트 바르고 끝~ 동네 다닐 때는 썬크림만 바르고 그냥 다녀요. 어느정도의 커버력이 있어서 너무 좋아요. 자외선은 우리 얼굴에 홍조는 물론 피부건조, 탄력섬유를 파괴하여 피부탄력을 떨어지게 만드는 원인이 됩니다. 그래서 누가 그러더라고요. 비 내리는 날에도 썬크림은 발라야 한다고요^^ㅎㅎ 저는 앞으로도 계속 쓸 예정입니다. 저 같이 지복합성 피부이면서 얼굴 답답하고 끈적이는거 딱 싫어하는 분들 이라면 좋은거 같아요~^^"
자세밴드,머리가 아픈게 자세가 안 좋아서 그런 것 같아 구매했습니다. 착용해보니 크게 불편하지 않고 자세를 바르게 잡아주니까 확실히 효과가 있는 것 같습니다. 집에서 평상시에 착용하기도 부담 없고 참 좋습니다. 계속 작용해보고 다시 후기 울리도록 하겠습니다
자세밴드,"평소에 재택근무로 하루종일 컴퓨터 앞에서 일하는 사람이에요. 일에 집중 하다 보면 점점 어깨, 허리가 저도 모르게 굽어 있더라구요. 굽어 있으니 나중에는 허리도 아프고 ㅠ 그래서 구매했습니다! 써보니까 결과는 대만족 ⭐️⭐️⭐️⭐️⭐️ 어깨가 펴지니까 자연스럽게 등, 허리도 펴져서 자세가 딱 교정이 되더라구요. 신기하게도 거북목도 좀 좋아졌어요 ~~ 통기성 있는 메쉬 원단이라서 지금 같이 더운 날에도 갑갑하지 않구요, 찍찍이도 탄탄해서 고정이 잘돼요! 박음질도 꼼꼼하게 잘 되어 있어서 빨아도 변형 없을 것 같아요. 사이즈별로 있으니 내 사이즈에 맞게 꼭 한번 써보세요! 전 요즘 설거지 할 때도 써요 ㅎㅎㅎ ❤️ 제 후기가 도움 되셨다면 “도움 돼요“ 한번씩 부탁드려요."
선크림,10년 넘게 사용하고 있는 제품입니다. 메이크업 베이스 기능이 있어 색조 화장에 젤 첨으로 바르고 있어요. 기초화장에 이제품만 발라도 얼굴이 화사해보이고 자외선차단 까지 되니 거의 매일 바른답니다. 지금까지 트러블이 없었으며 딸이 대학생이 되서 처음 화장할때도 이제품으로 시작했답니다. 그뒤로 항상 같이 사용하고 있구요. 지인에게도 소개시켜주니 자외선차단도 되고 얼굴도 한층 톤업된듯 뽀옇게 보인다며 좋아하더라구요. 앞으로도 계속 재구매해서 사용할 생각입니다.
자세밴드,"효과적인 자세 교정 장시간 앉아 있거나 구부정한 자세로 생활하는 분들에게 꼭 필요한 아이템입니다. 어깨를 자연스럽게 펴주어 바른 자세를 유지하도록 도와주며, 목·어깨 피로 완화에도 효과적이에요. 편안한 착용감 2XL 사이즈로 체형에 맞게 착용 가능하며, 조절식 밴드라 본인 몸에 딱 맞춰 사용할 수 있습니다. 부드러운 소재로 마찰이 적어 오래 착용해도 불편하지 않아요. 남녀공용 활용도 남녀 모두 착용할 수 있는 디자인으로, 학생, 직장인, 컴퓨터 작업이 많은 분들에게 적합합니다. 일상생활이나 운동 시에도 부담 없이 사용할 수 있어 활용도가 높습니다. 총평 정직한닥터 바른 자세 교정 밴드는 자세 교정, 편안한 착용감, 높은 활용도 세 가지를 모두 갖춘 실속 있는 제품입니다. 꾸준히 착용하면 자세 습관 개선은 물론, 목과 어깨 건강 관리에도 큰 도움이 됩니다. 학생부터 직장인까지 누구에게나 추천할 수 있는 실용적인 건강 아이템이예요ㅎㅎ 강추드립니다^^♡"
선크림,늘 사용하던 제품이라서 안심하게 사용할수 있어요 커버까지 되니 간편하게 쓸수 있어 더욱더 좋아요 자외선 차단 기미 예방에도 좋고 올 봄 여름 피부관리에 좋은 썬크림 잘쓰겠습니다
자세밴드,남편이 척추측만증이 있고 자세가 안 좋은게 이유라고 해서 자세를 바르게 해줄 아이템으로 샀어요 한번 해보니 아 이게 바른 자세이구나 싶어요 뒷모습이 멋져보임 ㅋㅋㅋ
자세밴드,"살짝 일자목에 어느새 어깨가 말려서 앞으로 굽었더라구요 나쁜 자세로 인해 몸이 틀어져서 목어깨통증으로 고생중이에요 치료 받게 되면서 몸상태를 인지하게 되었고 앞으로 안아프기 위해 자세 교정이 필수겠다는걸 느꼈어요 집에서 스트레칭만으론 힘들것 같아 자세교정밴드를 구매했어요 정형외과 의사에게 물어보니 교정에 도움은 된다고 하시더라구요 목어깨통증이 심했던터라 구매해서 해보았네요 허리 펴고 어깨 펴기가 처음 쉽지 않고 감이 안온다 하시는분께 큰 도움 될것 같아요 착용해보니 허리와 어깨를 펴주고 유지하는데 도움이 되었어요 다만 착용하고서도 바닥에 앉아서 무언갈 하거나 그러면 허리를 숙이게 되니 그건 밴드착용해도 자세가 숙여져요 서서 활동할때, 의자에 앉아서 일할때 착용해서 효과를 보시길 추천해요 밴드 착용시엔 자세 유지가 중요하니 밴드만 믿지 마시고 허리와 어깨를 펴고 있는데 집중해야돼요 바닥 앉기 절대 노노! 답답한거 싫어하시는분들은 불편하실것 같아요 저도 답답한거 싫어해서 통증 나아지니 다시 안하고 있긴합니다 가격이 싼건 아닌것 같지만 아픈몸 치료를 위한거니 몸 안좋으신분들은 하나쯤 구비해두고 필요시마다 착용해보는것도 좋을것 같아요 후기가 도움이 되었다면 도움돼요 버튼 눌러주시면 감사하겠습니다~"
선크림,"피부가 극극 예민한 온가족이 쓰는 썬로션 아빠피부랑 아기 피부는 예민하고 엄마 피부는 여름철이면 햇빛알러지로 심해지는 두드러기를 가진 집이예요! ✅ 제품 특징 & 첫인상 자외선 차단제는 무조건 SPF와 PA 지수만 보는 시대는 끝났다고 생각해요. 특히 *민감 피부, 유아 피부, 성인까지 함께 쓸 수 있는 ‘진짜 패밀리용 자외선 차단제’*를 찾는 건 쉽지 않은데요, 피지오겔은 역시 기대를 저버리지 않았습니다. ✔ SPF50+ / PA+++의 강력한 자외선 차단력 – 강한 햇빛 아래에서도 하루 종일 든든하게 보호됨 ✔ 논나노 무기자차 – 피부에 흡수되지 않고 겉에서 차단해줘서 유아나 민감 피부도 안심하고 사용 가능 ✔ 피지오겔 특유의 보습감 – 선크림 바르고 나면 건조해지는 제품이 많은데, 피지오겔은 촉촉하게 발려서 따로 보습제를 바를 필요가 없어요 ✔ 백탁 거의 없음 – 무기자차 특유의 백탁이 거의 없어 자연스럽고, 톤업도 부담스럽지 않음 ✅ 사용감 & 피부 반응 ✔ 4세 아이부터 민감한 제 피부, 남편까지 모두 문제 없이 사용 ✔ 끈적임 없음 + 빠른 흡수력 – 여름철에도 부담 없이 사용 가능 ✔ 트러블, 알러지 전혀 없음 – 특히 마스크 속에 발라도 답답하거나 뾰루지가 생기지 않아 만족 ✅ 총평 ✔ 성분, 발림성, 보습감 모두 만족스러운 가족용 무기자차 선크림의 정석 ✔ 어린아이부터 민감한 성인까지 한 제품으로 해결 가능한 진짜 패밀리템 ✔ 가성비도 좋고, 대용량이라 오래 쓸 수 있어서 재구매 의사 100% 민감한 가족 피부를 위한 데일리 자외선 차단제를 찾는다면 이 제품은 믿고 선택해도 좋습니다."
자세밴드,요즘 자세 좋아 보인다는 얘기 종종 듣고 있어서 기분 좋아서 사진 올려봅니댜. 주로 집에서 착용하긴 하는데요. 습관이 되니 밴드 착용안하고 나가도 좀 꼿꼿한 자세를 유지하게 되는것 같아요. ^^ 밴드 헤져서 넝마가 될때까지 계속 착용하려고요. ㅋㅋ
자세밴드,허리쪽을조이면 어깨가펴져요 신랑이날씬인데 혹시몰라 xL로 주문했는데 잘한거같아요
자세밴드,"거북목에 어깨가 아프다고 해서 아는 지인 구매해서 선물하게 되었는데, 옷 위에 착용하기 편리한 사이즈라 좋다고 하네요."
자세밴드,짱짱하게 허리를 잘 잡아주는 것 같아요. 어깨랑 허리 많이 펴졌습니다.
선크림,쿠팡체험단 이벤트로 상품을 무료 제공받아 작성한 리뷰입니다. 애둘맘입니다! 아가씨땐 기미도 주근깨도 별로 없더니 임신하고 출산하면서 많이 생겨서 레이저시술을 받았는데 관리가 중요하다하더라구요! 그래서 선크림을 알아보던중 기회가 생겨서 접하게된 피지오겔 데일리모이스처테라피 유브이 썬로션! 일단 제가 평상시 쓰던 썬크림하곤 달랐어요~ 아무래도 페이스 및 바디 썬크림이라 그런지 묽은느낌! 이름과같이 썬로션이 이런거구나 라는 느낌이랄까요? 그래서 그런지 화장대신 바르는 썬크림은 절대아니란!! 그래도 일단 피지오겔은 믿고쓰는 브랜드라 그런지 향도 괜찮고 성분도 좋아서 잘바를꺼같아요! 얼굴보단 바디에 편하게 바를꺼같은 생각이 듭니다! 아무래도 묽다보니 꼭 흔들어서 사용하셔야하는점! 저처럼 메이크업 겸용으로 생각하신다면 아쉽다는점 참고하시면 될꺼같아요~ㅎㅎ
자세밴드,현장 근무할때 어꺠를 잡아주니 허리부터 자세가 안전감 있고 바르게 되다보니 생각보다 좋아요 이렇게 착용하고 이여서 배달시 운전까지 자세가 바르니 허리도 덜 아프고 어깨도 펴져 자신감이 있는 모습으로 비쳐져서 만족스럽네요
선크림,너무 좋아요 가격은 비싸지만 정말 발림성 짱이네요 눈도 하나도 안시려요~~
자세밴드,"어깨가 자꾸 구부정해 자세교정에 도움을 받 고자 구매했어요. 약국 입점 제품이라 그런지 마감이 정말 탄탄하고 믿음이 가네요. M 사이즈를 선택했는데, 너무 조이지 않으면 서도 등 근육을 팽팽하게 잡아주는 힘이 좋아 요. 옷 안에 입어도 생각보다 티가 덜 나고, 소재 가 부드러워 겨드랑이 통증 도 거의 없어 요. 의식적으로 바른 자세를 유지 하게 해줘서 퇴근 후 뒷목 뻐근함이 많이 줄었 습니다. 진작 살걸 그랬어요."
자세밴드,자꾸만 허리랑 어깨가 굽어지는 느낌이라 써보고 있어요 수시로 시간날 때마다 하니까 확실히 자세 교정이 되는 것 같아요
자세밴드,아이낳고 아기띠를 넘 오래했어요~아이가 컸는데도 한번 구부정한자세를 되돌리기 힘들더라구요~그냥 이제는 구부정한 자세가 편합니다ㅠㅜ나이들어 등이 굽으면 어쩌니해서 구매하게되었어요~요거 등이 바로잡혀 가는게 느껴져서 맘에듭니다. 사용해보니까 엄청 편해요~이제는 벗고있는거 보다 하고있는데 훨씬편합니다~남녀공용이라 남편이랑 번갈아 사용하고있어요~ 남편이 예민한데 일도 불편하지않다고합니다~자세가 점점 바르게 교정되는게 느껴져요. 단기간에 교정이 된다면 기적이구요~ㅁ구준히 사용해서 굽은 등을 펴겠습니다^^ 만족하며 사용중이에요~
자세밴드,"하루종일 구부정한 자세로 있어서 목,허리,어깨 통증이 있는데 교정밴드 하고 나니까 자세 잘 잡아주네요 자세교정에 많이 도움 될 것 같아요 통기성도 좋아서 땀 안차서 잘 입을 것 같아요"
자세밴드,거북목에 굽은 어깨까지 있어서 헬스장에서 교정 운동을 하고 와도 집이나 회사에서 금방 자세가 무너져서 이걸로 고정하려고 구매했습니다. 자세를 올바르게 딱 잡아주니까 처음에는 불편했는데 점점 편해지더라구요. 그리고 특히 자세 교정 운동할때 덜 아픕니다! 그동안 계속 망가진 자세로 대분분 생활하고 있어서 운동할때 더 아팠던것같아요!! 사무직이라 거북목이 심했는데 이거하니까 자세가 많이 나아져서 목도 덜아프고 운동효과도 더 나고 강추입니다!
선크림,처음 사본 제품인데 발림성도 좋고 톤업썬크림답게 바르는 순간 톤업이 제대로 되요. 화장한 느낌나서 더 좋아요. 가까운 곳에 갈땐 이거 하나 바르고 나가도 괜찮아요
자세밴드,찍찍이로 조절 가능한게 너무 편리하고 좋더라고요! 저한테 맞게 조절하기 쉬운 상품이네요 ㅎㅎ 가성비도 좋고 잘 차면 교정이 잘될거 같습니다
자세밴드,착용감 편하고 답답하지도 않네여 허리를 쭉 잘펴주는느낌이라 좋아여
자세밴드,"✅ 구매 계기 평소 앉아서 일하는 시간이 많아 어깨가 자주 뭉치고, 거북목 증상도 있어서 자세 교정이 필요하다고 느꼈어요. 그래서 쿠팡에서 정직한닥터 바른자세 교정밴드 어깨 숄더 남녀공용을 구매해봤습니다. ✅ 장점 • 착용감: 벨크로 타입이라 조절이 용이하고, 착용 시 불편함이 적어요. 하루에 몇 시간 착용해도 부담이 덜하더라고요. • 디자인: 디자인이 단순해서 일상복에 매치하기 좋고, 부담스럽지 않아요. M 사이즈 기준으로 여성 체형에도 무리 없이 잘 맞았어요. • 효과: 착용하면 어깨가 자연스럽게 펴지고, 거북목 증상 완화에 도움이 되는 느낌이에요. 꾸준히 착용하면 자세 교정에 효과적일 것 같아요. ✅ 아쉬운 점 • 여름철 사용: 여름에는 땀이 차서 조금 불편할 수 있어요. 통기성이 좋은 소재였으면 더 좋았을 것 같아요. • 세탁: 세탁 시 벨크로 부분이 다른 옷에 달라붙을 수 있으니 세탁망에 넣어 세탁하는 것이 좋습니다. ✅ 결론 가격 대비 효과가 뛰어나서 만족스러워요. 자세 교정이 필요한 분들께 추천드립니다. 꾸준히 착용하면 더 좋은 효과를 볼 수 있을 것 같아요."
자세밴드,매일 착용중인데 옷위에 옷안에 입기도 좋고 자세도 확실히 잡아줘요. 운전할때 좋습니당! 거북목으로 운전해서 스스로도 꼴보기싫었는데 ㅋㅋㅋ 좋아요
자세밴드,꾸준히 사용하니 등허리가 조금씩 펴지네요
자세밴드,바른 자세로 일하기 좋아요 압박이 심하지 않아서 평상시에도 착용하면서 쓰기 딱 좋아요
선크림,백탁없이 편리하게 바르고 싶어하는 아들을 위해 구입한 선로션~피지오겔제품이라 믿음이 갑니다.
선크림,그냥 화장은 안 하고 썬크림용으로만 사용하면 좋을 것 같아요
자세밴드,남편이 사무직이다 보니 점점 라운드 숄더에다가 거북목도 심해지는 것 같아서 자세교정하라구 선물해줬어요. 하자마자 등이 쭉 펴지는게 보조되는 느낌을 많이 받는다고 하더라구요. 벨크로여서 세기 조정도 편하고 메쉬 소재로 여름날에도 잘 사용할 수 있을 것 같아요~!
선크림,평소에 잘 사용하던 제품이에요 매장에서 살때보다 아주싸게 잘 샀습니다 메이크업 베이스. 효과도 있어 이것만 바르고 요즘은 쿠션바르지 않고. 눈화장만해도 좋아요 유통기한이 아주 길어요
선크림,내돈내산 후기!!!! 일단 피부 타입 아주 극예민한 타입이에요 스킨만 조금 다른 걸 써도 바로 여드름 각...ㅜㅜ 그래서 친구집에 놀러가도 항상 기초제품을 들고가야 하고 화장은 꿈도 못 꿉니다. 자외선 차단제도 대학생이 되어서야 바르기 시작한...ㅜㅜ 자외선 차단제도 한동안 순한 제품을 찾기 위해 유목민 생활을 했었는데 이제 정착할 수 있을 것 같아요. 처음에는 라운드랩365을 썼었는데 백탁이 너무 심하고 향이 너무 안 좋기도 하고 피부 트러블도 생기더라고요 그래서 그 다음으로 옮긴데 독도 선크림~백탁이 없고 향도 없는데 아침에 바르고 오후쯤되면 눈시림이 심해지더라고요 분명 순한 제품인데도 불구하고 저에게는 불편감을 주더군요 눈이 또 예민한 편이라 그럴수도... 그러다 화해 어플 통해서 성분 확인하고 이 제품을 구매해 보았습니다. 얼굴과 목 위주로 발라서 여러 개를 살까 하다가 일단 확인차 구매하는 거니 1개만 사 보았죠 크기는 사진에서 보시다 시피 그렇게 크지는 않아요. 제형도 적당?!묽지도 끈적이지도 않아요 발라봤는데 백탁 전혀 없습니다! 눈시림은 약간 있는 듯 없는 듯?! 제가 워낙 예민한 편이라 느끼는 걸 수도 있어요. 웬만한 분들은 다 괜춘하실 듯 합니다ㅎㅎ 저는 얼굴과 목 모두 바르는 편이라 금방 사용할 듯하네요 조만간 재구매할 예정입니다!!
자세밴드,"✅ 어깨 등 허리 서포트 근육 움직임에 맞춰서 체형에 맞게 서포트 해줘요. ✅ 2중 고탄성 밴드 2중으로 들어간 고탄성 밴드로 어깨를 쫙 펴줘서 자세 교정에 도움을 줘요. ✅ 남녀노소 누구나 착용가능 어르신, 어린아이 누구나 사용가능하고 어르신의 굽어진 등과 어린아이의 자세교정에 탁월해요. ✅ 믿을만한 제품 약국에서 판매할 만큼 믿을만한 제품이라 안심하고 사용할 수 있어요. ❤️구매이유 저희 첫째가 초등학생인데 항상 어깨랑 등이 굽어 있어서 어린아이라 어릴때 자세를 잡아야 될 거 같아 구매하게 되었어요. ❤️구매후기 첫째아이 자세교정을 위해 구매했는데 진짜 만족했어요. 아이가 처음에는 등이랑 허리를 필려니 힘들어 했는데 밴드가 잡아주니 확실히 편해 하더라고요. 평소에 항상 등펴라 어깨펴라 했느데 그때뿐이라 고민했는데 이런제품으로 하니 엄청 도움도 많이 되고 아이도 등과 허리가 엄청 펴졌어요. 자세만 교정해도 키가 3cm나 커지니 아이들에겐 필수인거 같아요. 약국에서 판매할 정도로 믿을만한 제품이니 꾸준히 아이에게 사용해도 될 거 같아요~~^^"
자세밴드,자세교정 잘되요 포장도 퀄리티 좋네요
자세밴드,"저는 2xl라 사용하고 있고, 와이프가 자기도 사용해 보고 싶다고 해서 m으로 하나 더 주문 했습니다. *** 착용하자마자 딱!! 느껴지는 건 허리부터 등까지 쫙~~~ 펴주는 느낌이라 처음에는 조금 당황스러울 수 있습니다. 특히 저도 자세가 너무 좋지 않아서 당황스러울 정도로 쫙~~ 펴주니까 조금 놀랐습니다. *** 착용법 아주 간단하고, 허리 밴드하고 나서 특히 어깨 밴드를 딱 붙여주면 등이랑 허리가 같이 펴지는 느낌이라 아주 시원합니다. *** 저희는 일단 퇴근하고, 저녁에만 30분 정도 착용하고 있고, 착용하고 벗으면 등이랑 허리가 시원한 느낌이라 좋았습니다. *** 내구성 괜찮고, 마감도 깔끔하게 되어 있어서 잘 착용하고 있습니다. 만족합니다!"
자세밴드,자세가 안좋아서 그런건지 늘 한쪽 어깨와 날갯죽지가 아팠는데 이 제품 착용하고 나니 시원한 느낌도 들고 자세도 교정되는거 같아 만족합니다! 자세만 고쳐도 아픔이 덜한데 왜 이제서야 썼나 싶네요… 가격도 부담없어 친구들에게 한개씩 선물해줄까 합니다. 큰 돈 들여 자세교정하기 전에 이런거로 자세 잡으면 좋을거 같네요.
자세밴드,사무실에 앉아서 일하다보니 자세도 엉망이구 승모근때문인 건지 거북목이 넘 신경쓰여서 관련 제품 알아보다 구매했어요 자세교정밴드답게 굽은어깨도 딱 펴진 어깨로 유지 시켜주는 게 넘넘 좋네요 착용감은 편하고 좋은데 활동이 조금 불편한 건 자세 교정하느라 그런 거겠죠? ㅋㅋㅎ 친절하게 그림 가이드도 있어서 쉽게 착용했아요 ㅎㅎ 살이 좀 쪄서 2XL로 했는데 딱이네요 어차피 찍찍이라 괜찮지만요 ㅎㅎ 열심히 써서 자세교정도 하구 거북목 탈출해보겠습니당
자세밴드,"이제 여름이라서 자세 이쁘게 하려고 바른자세밴드 샀는데, 너무 좋아용 ^^ 퇴근 후에 착용하고 집안일도 하고 요가도 하고 하는데 몸을 잡아주면서 당겨주니깐 확실히 자세가 바르게 되는 것 같아요 ~ 한달 해보고 또 후기 쓸께요 ^^"
자세밴드,어깨끈이 부드러운 스판으로 되어있다면좋을텐데 너무 딱딱해서 오래착용하지 옷하겠어요 그래도이제품이 평이젤좋은거보면 이만한제품이 없다는거겠죠
자세밴드,아들도 착용해 보고 엄마인 저도 착용해 보니 완전 등을 꽉 잡아주네요. 등 전체가 편하네요. 공부할때 컴푸터할때 한 두 시간씩 하고 있어요. 꾸준히 하고 나면 등이 곱게 펴지겠어요.
선크림,그동안 제가 알고 썼던 썬크림은 이제 잊겠습니다.ㅎ 무슨 로숀같이 부드럽게 발리더니 백탁현상 일도없고 답답하지도 않고 번들거리지도 않고 시원한 향까지~~ 그동안 얼굴에 바르면 답답해 기미가 올라와도 못바르고 후회한 날들이 여러날~~~~~ㅜ 단점들만 많았던 선크림 때문에 선물들어온 헤×등등 화장대 귀퉁이에 넣고는 팔뚝이나 다리에만 발랐답니다. 요건 얼굴에만 발라야겠어요. 요거 바르고 비비크림도 발랐는데 밀리거나 두껍거나 이질감없이 화장이 잘됐어요. 무슨성분이 들어갔는지 관심은 없지만~ 써본 이들에 리뷰에는 아주아주 관심이 많답니다.♥ 제 구매에 큰 도움을 주시는 쿠팡 소비자 여러분들 감사드려요^^
선크림,써봤는데 너무 좋아서 엄마드리려고 재주문했어요 끈적이지도 않아서 끈적이는거 질색해서 크림도 안바르는 남편도 좋아합니다 겨울에도 선크림 꼭 발라야하는데 좋은선크림을 발견하게 돼서 너무 좋아요 성분도 순해서 애기랑 바르기도좋고 예민한사람도 문제없어요
자세밴드,얇고 가벼운데 지지대 튼튼하고 착용감 편해서 좋네요 통기성 좋은 에어메쉬 재질이라 진짜 가벼우면서 편안하구요 땀 차지않고 답답하지 않아서 장시간 착용해도 불편하지 않아요 지지대는 튼튼해서 굽은 등 허리 어깨 등 바른 자세 유지하는데 많은 도움이 됩니다 자세교정밴드는 이렇게 가벼우면서 통기성이 좋아 장시간 착용할 수 있는게 젤 좋은거 같아요!
자세밴드,새로와서 뜯었는데냄새도 안나고 괜찮네요 마감도 깔끔하고 예쁩니다... 아무데나 다 티 안나게 입게 되요...
자세밴드,상품평 잘 안쓰는 사람인데 이건 남겨봅니다 크게 기대안했는데 기대 이상으로 자세 교정ㅈ되네요 툭하면 허리 휘어서 힘들었는데 꾸준히 착용하면 좋을거 같아 매일 착용하다싶이 합니다 걷기할때도 일할때도 꽤 괜찮은 상품이네요 자세 교정에 적극추천합니다
자세밴드,아버지 사드렸는데 너무 좋아하세요 바른자세가 되고 안좋았던 어깨 허리가 좋아지는 거 같아 만족하시네요 사이즈도 좋고 착용감도 불편하지 않아 좋습니다 추천합니다
자세밴드,사무실에서 오래 일을 하다보니 자세가 틀어지고 허리통증까지 생겨 지금부터라도 바른자세교정을 위해 교정 밴드를 착용하고 일을 하고 있어요 탄성이 좋은 밴드로 교정이 잘되니 어깨가 쫙 펼쳐집니다. 나도 모르게 생긴 잘못된 자세를 교정해주어 건강한 상태로 만들어줘야 겠어요 회사나 집 어디서든 착용하며 교정을 하고 있네요
선크림,엄마가 몇년째 쓰시는거라 샀어요~ 선크림 다쓰셨다고 해서 어버이날 선물로 드리려고 합니다. 저도 써봤는데 부드럽게 잘발리고 얼굴이 뽀샤시하게 톤이 괜찮더라구요~
선크림,피부반응이 민감한 편이라 바르는 제품을 아무거나 못쓰는 몹쓸 체질입니다. 남들 다 괜찮다고 해서 발라도 항상 붉게 올라오고 가려워서 진짜 골라서 제품을 쓰는데 이번건 다행히 제가 쓸 수 있을것 같아요!! 끈적임이랑 백탁현상도 없고요 저자극이라 자주 발라도 피부가 반응하지 않아 좋네요~ 이번 스키장 가서 애들도 발라줬는데 끈적이고 허옇게 되서 싫어하던 아이들도 군말없이 잘 바르네요 제품에 표기 되어 있듯이 전설분이 대부분 추출물이라 저자극인것 같아요. 여튼 민감한 피부나 제품 가리시는 분들은 요거 쓰셔도 괜찮을 듯 하네요~
자세밴드,아들이 필요하다고 해서 검색하다 구매 했습니다. 착용 했을때 답답하지 않고 척추 교정에 도움이 될 것 같습니다. 괜찮습니다.
선크림,"이거 진짜 대박입니다,, 최근에 선크림이 다 떨어져서 뭐살까 찾아보다가 쿠팡들어와서 맨위에 뜨는거 그냥 산건데 피부가 많이 예민한데도 이거 바르고 나서부터 완전 좋아죽겄어유,,✨☺️ 피부가 유분기도 많고 선크림 잘못바르면 완전 따끔거리고 홍조기도 많이 올라왔었는데 이거 바르고 나서부터 진짜 자극 1도 없고 발림성도 좋고 흡수도 잘돼서 너무너무 만족하고있는 꿀템이에요!! 피부예민하신분들 완존 강추에요!✋✋"
선크림,나이먹으니까 풀메이컵 하는거보다 가볍게 유브이 선프로 만 바르고 다니니까 편하고 좋아 자주 애용합니다
선크림,"굉장히 촉촉히 발려요 알고 있는 크림형이라기 보다는 농도 있는 에센스?에 가깝네요 여름엔 상쾌하고, 겨울엔 크림전에 발라줘도 될것 같은 고런 너낌이~^^ 포장지도 이쁘고 끈적이는거 백탁있는거 싫어하묜 요거 딱임다~"
자세밴드,사이즈 찰떡이네요 딱 맞아요 자꾸 자세가 꾸부정하게되서 집에잇을때만이라도 교정좀 하려고샀습니다 밴드하고 티비도보고 집안일도하고 다하고있어요 불편하지않아서 좋네요
선크림,색보정은 많이 되진 않지만 그래도 안한거보단 낫겠죠?? 저도 간단하게 바르고 나가기엔 좋은거 같아요 빨리 준비하고 나가야 할땐 정말 좋은거 같아요 ^^ 리뷰체택 부탁드려요^^
자세밴드,바른자세에 이만한게 없더라고요~ 처음에는 불편했는데 사용하면 할수록 편해요
자세밴드,"정직한닥터 바른 자세 교정 밴드를 사용해 보면서 느낀 가장 큰 장점은, 착용했을 때 딱 잡아주는 느낌이 있으면서도 불편하지 않다는 거예요. 처음에는 어깨를 뒤로 당겨주는 힘이 강할까 걱정했는데, 부드럽게 조절 가능한 스트랩 덕분에 과하지 않게 자세만 살짝 잡아주는 정도라 오래 착용해도 답답함이 거의 없고 피부에 자극이 적어요. 남녀 구분 없이 사용할 수 있는 디자인이라 가족 중 누구나 써도 좋고, 제가선택한 사이즈는 일반 체형에 잘 맞는 편이었어요. 또 가벼운 재질이라 무게 부담이 적고, 티셔츠나 셔츠 위에 껴도 어색함이 덜해 일상 생활 속에서 착용하기가 자연스러워요. 특히 컴퓨터 앞에서 오래 앉아 있을 때나 스마트폰 보느라 어깨가 앞으로 굽는 습관이 있는 분들에게 유용한데, 착용하면 어깨가 뒤로 자연스럽게 펴지면서 등 쪽에 긴장감이 생겨서 아, 지금 자세가 좀 더 바르구나하는 느낌이 듭니다. 내가 굽는 자세를 스스로 인지하기 어려울 때도 이 교정 밴드 덕분에 무의식적으로 자세를 고치게 되고, 꾸준히 사용하면 습관을 조금씩 바꿀 수 있을 것 같아요. 게다가 스트랩 길이 조절이 자유로우니 나에게 맞춘 핏으로 착용 가능하고, 세탁도 비교적 간편해서 위생적으로 쓸 수 있다는 것도 마음에 들었어요. 결론적으로 이 제품은 비싼 물리치료 기계나 보조기 없이도 가성비 있게 자세 교정 효과를 누릴 수 있는 실용적인 아이템이라, 집 · 사무실 어디든 하나쯤 있으면 도움이 많이 된다고 생각합니다."
자세밴드,자세가 흐트러지면 몸에 밸런스 자체가 무너지나봐영 처음엔 허리가 아프더니 이제 어깨도 아파서 물리치료도 받고 있는데 일상생활에서 바른자세 유지 해볼 마음에 어깨허리밴드 사서 착용중이네여 간편하게 혼자 착용가능하고 이삼일 정도면 적응되네영 올곳은 자세 유지에 도움되서 다행
자세밴드,좋아요 근데 옷 안에 입고 외출은 진짜 쉽지 않음..
선크림,엄마가 이 썬크림만 바르십니다 파운데이션 따로안해도 화장한것처럼 환해서 좋다고 하시네요
자세밴드,남자친구한테 선물로 줬는데 생각보다 퀄리티가 좋아서 깜짝 놀랐어용 ㅎㅎㅎ 재질이 탄탄해서 등을 딱 잡아주는 느낌이고 입었을 때 자세가 확실히 바로 잡히는게 느껴진다고 하네요 ! 착용감도 편하다고 해서 선물 준 입장으로서 뿌듯뿌듯 :) 배송도 빨라서 오늘 바로 받았습니당
자세밴드,"어깨가 너무너무 아파서 병원에 갔더니 자세 때문이라고 하더라구요 거북목, 일자목의 주요 원일이라고... ㅠㅜ... 그래서 늘 바른 자세를 유지해 보려고 노력했지만 쉬운 일이 아니더라구요 처음엔 교정 밴드 라는게 있는지도 몰랐었는데 우연히 알게 되어 주문!! 근데 와~ 소리가 날 정도로 자세를 바로 잡아주고 생각보다 불편하지도 않고 너무 좋아요!! 통기성이 좋아 덥지도 않아서 더더 마음에 듭니다"
자세밴드,"구부정한 자세 교정에 좋아요. 어깨, 허리를 교정시켜주니 구부정한 자세를 억지로라도 펴게 됩니다. 밴드가 상당히 탄력있어요. 체형에 맞게 조절도 가능해요. 특히 등쪽은 딱딱한 재료로 되어 있어 구부리고 싶어도 못 구부림.. 그냥 착용하면서 일상 생활도 가능한 정도."
선크림,"✅판매 가격: 12,740 (골드박스 특가) ✅구입 시기: 2024.4월 ⭐️제품 가격변동이 자주 있는편이라, 구입당시 금액 공유해요! ⭐️구입하실 분들은 현재 가격과 비교후 구매하시길 바래요✔️ ✔️골드 박스 특가로 12,740 에 샀어요~ 골드박스 끝난 지금 가격은 14,940 이네요~"
자세밴드,제 자세 괜찮은가요 ㅎㅎ 원래 아빠다리 하고 앉으면 허리가 완전 굽어서 이상한 자세가 되는데 어깨허리밴드 착용하고 앉으면 꼿꼿하게 앉게 되네요 라운드숄더 때문에 교정ㅂ받으려다 셀프로 먼저 밴드 사서 하는중인데 현재까지는 만족스러워요
선크림,하지만 조금 끈적거림... 조금 번들거림. 조금이지만 한여름엔 힘들듯. 그래도 가족들이 부담없이 쭉쭉 편하게 짜서 바르기에 좋아용.
자세밴드,요거 하니까 확실히 등이 바르게 펴져요 가슴 근육도 수축되어 있었는데 너무 괜찮네요 매일매일 해볼게요
자세밴드,초등학생 아이를 위해 구매했습니다 별로 불편하지도 않고 자세가 펴져서 좋듸라구요 구매를 고민중이시다면 구매를 추천드립니다
선크림,타 제품인 스틱형을 사용하다가 끈적거림은 물론 번들번들거리는 현상까지 있어서 억지로 참고 사용하다가 이번에 가족전체도 사용 가능한 착한 성분의 선크림을 발견해서 구매했네용~ㅎㅎ 성분도 순하고 눈시림도 없고 들뜸도 없는 게 너무 만족스러웠습니당ㅎㅎ 배송도 빠르고 재구매의사 있습니닷~
자세밴드,의자생활하다보니 허리가 망가질수밖에 없더라구요 ! 착용하고 일상생활해도 불편함이 없어서 편하다는게 참 좋습니당 ! 업무 특성상 오래 앉아있어야하는데 이거 착용하고 있으니 훨씬 낫네요 !
선크림,좋아요 허옇게 뜨는게 전혀없어요 피부에 자연스럽게 스며들고 아주 자연스러운 선크림이에요 막 하얗게 얼굴 뜨지않으니까 남자들이 쓰기에 진짜 좋고 강추에요 저희남편은 이거쓰고있고 저는 아빠도 사드렸어요 남자들은 얼굴 하얗게 되는거 싫어하더라구요 어린아이들도요 성분이 순하고 자극이없고 착한성분이어서 아이들이 쓰기 좋아요 아이들도 얼굴 하얘지는거 싫다고해서 백탁없는 선크림으로 검색했는데 딱좋은것같아요 천연성분도 가득하고 성분이좋아서 그런지 피부가 편안하고 좋은것같아요 물놀이할때나 바다 들어갈때도 환경오염을 덜 시키는거같아서 친환경적이고 좋은것같아요 피부에 흡수도 빠르고 흡수도 잘돼요 끈적거리지않고 적당히 촉촉하게 잘 피부가 잘 먹어서 좋아요 화장하기전에 저는 바르는데 화장할때도 안밀리고 화장이 잘먹어서 좋아요 그리고 여자들도 허옇게 안되니까 화장할때 너무 허옇게 안떠서 좋아요 선크림은 백탁이 없어야 좋은것같아요 그리고 촉촉하고 건조하지않아서 좋아요 피부를 자외선으로부터도 보호하지만 촉촉해서 엄청 좋아요 겨울철에 발라도 너무 건조하지도않고 딱 좋아요 데일리로 저는 화장전에 꼭 바르고있고 남편도 잘쓰고있어요 전 강추에요 특히 화장이 안밀리고 잘먹네요
선크림,아직 사용해보지 않은상품입니다. 톤업크림을 찾던중 한번 써보려고 구매합니다.
자세밴드,"웹디라서 하도 앉아 있으니깐 이제 허리도 결리고 어깨도 결리고 안되겠다 싶어 검색하다가 정직한닥터 믿고 구매했는데, 진작 살 걸 그랬어요 ㅎㅎ 등을 확실하게 펴 주니깐 일 하면서 착용 계속 하는데 착용감도 편해서 불편하지 않고 너무 좋으네요 ㅎㅎ 부착력도 좋아서 오래 잘 쓸 것 같아요"
선크림,끈적임 없이 부드럽게 피부에 흡수도 잘되고 발림 좋아요 푸석했던 피부가 한층 촉촉하니 좋네요ㅎㅎ 많이 발라도 백탁현상없이 사용하기 편리해요!! 그리고 눈시림이나 자극없어서 아주 굿굿 좋음♡♡ 산뜻하고 촉촉선크림 필수템이네요^^
자세밴드,상자안에 물건만 비닐포장 상태로 떡하니있고 비닐포장은 검수완료 스티커 뗄시 교환환불불가? 열자마자 기분 더럽네요 전자제품도아니고 이게 뭔가싶었음 형태 어떻게 만드는지 눈대중이라도 보려고 상품 판매페이지 와서 리뷰남김. 상품자체는 괜찮아보임 별점 하나주려다가 하나 더 붙은이유임
선크림,"어릴 때 아토피를 심하게 앓아 화장품 살 때 많이 조심하는 편인데요! 지금 2주 정도 사용해봤는데 몹시 만족스러워요^^ 우선 눈 시림이 전혀 없고 피부가 따끔거리지 않다는 부분이 저에겐 1등인데요, 조금만 자극적인 화장품을 써도 눈과 얼굴이 바로 붉어지는 저로선 최고의 제품이라고 말 할 수 있지요 제형은 부드러운 하얀색 로션 제형으로써 처음에 도포하고 나면 백탁이 있는게 아닐까? 염려스러운데 바르고 나면 촉촉하지만 끈적이지 않게 피부에 사악 스며들어요! 무겁지 않게 얼굴에 올라가고 수분감 가득한 느낌이라 화장도 잘 먹고 확실히 속당김도 줄어든 느낌입니다 ㅎㅎ 가격도 저렴하니 일단 한번 사서 써보세용"
자세밴드,어깨가 굽었다는 소리를 어렸을때부터 간간히 들었었는데 그냥 뭐 별거아니라고 생각하다가 최근에 너무 허리랑 어깨가 뻐근해서 자세문제인가 싶어서 구매했어요 확실히 허리랑 어깨가 쫙 펴지긴하네요 자세교정될때까지는 꾸준히 착용하려구요 배송도 빠르고 포장도 꼼꼼하게 왔어요
선크림,유분이 많지 않아서 번질거리지 않아요~ 톤업도 되면서 평상시에 썬크림만 바르고 다니기에 좋아요^^
선크림,가볍게 톤 업도 되고 아침등원때 세수하고 샤라락 바르고 나가기 편해요.ㅎㅎ! 많이 바르면 토시오처럼 되지만ㅋㅋ 금방 스며드는것 같아용ㅋㅋ 용량도 꽤 많습니당
자세밴드,아버지가 어깨가 아프시다고 하셔서 교정 밴드 선물해드리려고 구입했습니다 굽은 어깨가 펴지는 기분이라고 좋아하셨어요 사이즈가 다양해서 체구에 맞는 제품으로 선택할 수 있는 게 큰 장점같습니다 많이 파세요
자세밴드,남자 마른체격이 m했더니 어깨 옆으로 둘러 매는 끈이 옆구리에 붙어서 좀 작아요 보통체격이시면 M다음 사이즈인 2XL 구매 하시면 될 것 같아요 어깨가 말리고 자주 피곤해져서 주문했는데 꾸준히 써보면 효과가 있지 않을까요? 전체적인 메쉬재질이라 구멍슝슝 답답하지 않고 여름에도 통풍이 잘 될 것 같네요 등 뒤로 세로로 된 어깨끈 넣는 부분이 좀 약해보이는데 어깨줄을 넣다뺏다 하지말고 껴논 채로 사용하는게 낫겠어요 꾸준히 써서 효과가 있으면 좋겠어요
자세밴드,애기낳고 어깨 목 등이 아파서 가니 거북목이라고..두둥.. 더 진행되기전에 무서워서 자세교정밴드 사봤어요 딱 잡아줘서 말려있는 어깨가 펴지네요
자세밴드,장시간 앉아 있거나 컴퓨터를 사용할 때 자연스럽게 어깨가 뒤로 펴지고 척추도 곧게 잡히는 느낌이에요 처음엔 살짝 어색했는데 꾸준히 착용하니 자세 교정에 도움 되는 게 실감돼요!
선크림,약간의 색조가있어 얼굴색이 환해보여서 좋아요 촉촉하고 얼굴에 착붙는 느낌입니다.
선크림,"요즘 화장을 거의 안하고 선크림만 바르고 다니는데 피부가 예민한편이라 순한제품을 찾다가 구매하게 되었어요. 결과적으로는 제 피부에 아주 잘맞아요. 아직까지 트러블 하나 없이 잘 사용중이고, 신기하게 눈주위에 발라도 눈이 따갑지 않고 백탁현상도 없어서 아주 잘 사용중입니다! 성분이 착하고 데일리로 사용할 선크림으로는 아주 강추에요!"
선크림,"이게 진짜루 썬크림~? 상세리뷰 안봤으면 처음에 정말 바르면서도 의심할 정도로 썬크림 발랐다는 느낌이 없었어요..ㄷㄷ 오히려 그냥 수분크림 인줄 알았습니다 ;;; 일단 톤업,백탁,이질감,따끔거림, 전혀 없구요.. 진짜 혁신적인 선크림 이라고 생각합니다.. 주변에 나눠주고 지금 3개째 구매했는데요 진짜 너무너무 좋아요 ㅠㅠ 뭔 브랜드랍시고 톤업이라고 해서 사다가 바르면 강시인지, 패왕별희 인지 바르면서 현타오고, 땀이 많아가지고 땀흘리면 곰탕육수마냥 질질 흘려대고... 이건 그런거 전혀없으니 정말 데일리로 티안나게 바르고 싶으신 분은 참고하셔서 발라보세요 정말 후회 안합니다 ^^ 구매에 참고하시길~~~! 평가 : ★★★★★★★★★★★★★★"
선크림,수분 크림같아요 피부에 쏙 스며들어서 번들거림없고 밀림이 없네요 선크림 번들거림때문에 잘 안바르는데 백탁 밀림이 끈적이지 않아서 손이가네요
선크림,땀에도 강하고 적당한 보정효과도 주고 오랫동안 사용해오는 제품입니다
선크림,기존에 사용하던 선크림 다 사용하고 백탁 없고 눈 시림 없는 선크림이라고 해서 한 번 사용해 보고 싶어서 구매했어요!! 성분도 순하고 피부 자극도 없고 잘 맞아요~ 백탁 현상도 없고 무엇보다 눈 시림이 없어서 사용하기 좋아요 로션처럼 촉촉하고 부드럽게 잘 발려요!
선크림,리뷰 잘 안쓰는데.. 이 썬크림은 너무 끈적입니다.. 이자녹스 화장품이라.. 평이할줄 알았는데.. 5회미만 사용하였어요 ㅠ 참고하시라고 올립니다 다른건 다 괜찮아요 그러나 끈적임이 제가 발라본 썬크림중 최고에요
선크림,지난번 여행에서 백탁현상있는 썬크림을 몸에 발라서 물놀이 할때도 물놀이가 끝나고 나왔을때도 제가 너무 민망해서 한번 사용하고 안써서 이번에는 꼭 잘스며들고 백탁현상 없는것으로 알아보고 사야지하고 구매하였습니다 제형감은 묽지않아 우선 바르기 편하였고 발랐을때는 사르르 스며드는 느낌에 밀림없이 사용하기 좋아서 좋았어요 끈적임 없이 바로 흡수되어서 물놀이 중간중간 썬크림을 수시로 발라주어도 밀림현상없이 피부 보호할수 있을꺼같아요 끈적임도 없고 눈시림도 없어서 우리 유치부 아들과 물놀이할때 함께 사용해도 좋을것같아요 사용후에 재구매할께요^^
자세밴드,거북목이랑 라운드숄더때문에 점점 통증이 심해져서 이제는 관리를 해줘야될거같아서 교정밴드를 샀는데 확실히 교정밴드를 하니까 자세 자체가 달라지네요 이게 라운드 숄더가 되고싶어도 되지않게끔 잡아주네요 보풀이 일어나지 않은 재질이라서 오래쓸수있울것같아요
자세밴드,이거 완전 강추해요 집에서 항상 게임하고 그래서 허리가 구부정하게 있어서 엄청 아프더라고요 게임할 때도 이것 착용하면서 해요 허리가 덜아프네요
자세밴드,"너무 좋아서 반품할 필요가 없겠어요. 제가 젊지만 제일 잘나가는 자세 안좋음이 인데요. 대부분 앉아서 하루를 보내는데 거북목도 정말 심해요. 겉으로 심하게 보일 정도로요. 그리고 거북목이 아니더라도, 등 굽힘, 어깨 말림, 골반 비대칭 등등... 문제 많을 겁니다. 근데 이 밴드는 진짜 허리 펴지는 게 잘 느껴지네요... 왜 지금까지 구매 안 했을까? 효과가 보장될지 모르기 때문이겠죠... 그래도 한 번만 해보세요. 직접 경험해 봐야 뭐가 달라지는지 압니다... 전 허리가 펴지고 어깨가 펴져서 너무 만족합니다. 사실 운동과 병행해야겠지만... 사무직에게 이만하게 또 없죠?"
자세밴드,"4xl 사용자입니다. 제품은 편하고 사용목적에 부합하나, 사용자의 신체적 비율을 고려하여 다음 제품 리뉴얼시 세로길이를 한 5~7cm 정도 늘려주셨으면합니다."
자세밴드,착용법이 처음에는 뭐 어떻게 하는건지 몰라서 상품 상세 설명 보고 이해하고 착용하니까 쉽더라구요 라운드 숄더가 평소에 고민이라서 자세 교정밴드 구입했는데 이거 하고 있으니까 어깨를 쫙 핀 채로 유지가 되네요
자세밴드,박스가 다 찌그러져서 배송되었고 게다가 새상품이 아니라 누가 뜯었다가 반품한 상품을 마치 새 상품인 것 마냥 보내주셨네요 대놓고 테이프로 붙어있길래 당황했는데 생각할 수록 어이가 없네요 가격이 저렴한 중고제품이면 모를까 이런식으로 박스테이프로 붙여진 한 번 사용된 제품을 보내주시면 다시는 이용하고 싶지가 않네요.......
자세밴드,종일 컴퓨터 앞에 앉아 있다 보니 어깨가 자꾸 말리고 거북목이 심해지는 것 같아서 구매했습니다. 약국 입점 제품이라 더 신뢰가 가네요. M사이즈 주문했는데 보통 체격인 저한테 딱 맞습니다. 밴드가 어깨를 뒤로 쫙 당겨주니까 억지로라도 허리를 펴게 돼서 자세 교정에 확실히 도움 되는 느낌이에요. 겨드랑이 부분이 아플까 봐 걱정했는데 패드가 덧대어져 있어서 생각보다 편안합니다. 집에서 쉴 때나 일할 때 틈틈이 착용하고 있는데 자세가 발라지는 기분이라 만족스러워요.
선크림,온가족이 함께 4계절 항상 쓰는 선크림이라서 좀 예민하게 고르는편이에요. 자극없이 살짝 묽은느낌으로 부드럽게 크림바르듯 발려요. 백탁도없고 눈아픔 전혀 없어서 아이들이랑도 함께써요. 아이들이 주근깨가 잘생기는 피부라서 어릴때부터 선크림은 꼭 발라주는편인데 이제품 아이들과 함께 쓸수있어서 좋네요^^
선크림,엄마가 이제품만 이전부터 쓰던거라 검색해서 좀더 저렴한가격에 잘 구매하고가요
자세밴드,"직업 특성상 하루 종일 앉아서 일하다 보니 자세가 점점 구부정해지고, 어깨와 목, 허리까지 통증이 심해져서 구매하게 되었어요. ‘정직한닥터 바른 자세 교정 밴드’를 착용한 지 일주일 정도 되었는데, 생각보다 효과가 괜찮아서 만족하고 있습니다. 착용하면 자연스럽게 어깨가 뒤로 젖혀지고 등이 곧게 펴지면서 자세가 확실히 교정되는 느낌이 있어요. 처음에는 어깨 부분이 좀 뻐근하고 조이는 느낌이 들긴 했지만, 1~2일 정도 지나니까 몸이 적응되면서 크게 불편하지 않았고 오히려 안 하고 있으면 어색할 정도예요... 특히 장시간 앉아 있거나 집중해서 무언가를 할 때, 이 밴드를 착용하면 자세가 흐트러지지 않아 허리 통증이 많이 줄었어요! 무게감도 거의 없고 통기성 있는 소재라 여름철에도 부담 없이 사용할 수 있고, 티셔츠 안에 착용해도 겉으로 크게 티가 나지 않아 실용적입니다. 가격도 저렴하게 구매해서 만족스럽고, 앞으로도 꾸준히 착용해서 더 건강한 자세를 유지하려구요ㅎㅎ"
자세밴드,굽은등 잘 펴주네요 컴터 많이 해서 굽었었는데 일주일째 착용결과 제품 퀄리티 좋고 내구성도 좋습니다 굿굿굿
자세밴드,이거 착용하면 억지로라도 말린 어깨가 펴지니까 좋아요 자세 교정도 되고 불편함 없어서 잘 쓰고 있어요 계속 쓰다보면 바른 자세 유지에 도움 될것 같네요. 잘 써볼게요!
선크림,"- 에센스와 로션 중간의 묽은 질감으로 발리성 좋음. 뭉치지 않음 - 색이 자연스러움 바르면 살짝 환해지는 느낌 - 워터프루프가 아니라서 물놀이하는 경우엔 부적합. 다 씻겨내려감 - 유통기한 넉넉함 바디선용으로 쓸 가벼운 선크림 찾다가 구매했는데, 발림성은 아주 좋았음 그런데 워터프루프가 아니라서, 바르고 물에 들어갔다가 다 씼겨내려가서 효과 없음 이건 확인 안하고 산거라 할 수 없는 부분인데, 그래도 아쉬운 부분 가볍게 발려 좋아서 데일리로 바디에 쓰기엔 좋음"
선크림,선크림 이제품만써요 피부가 예민해서 자주 뒤집어지는데 이제껏 써본 선크림중 뒤집어지지않는 선크림이라서 일단 제품자체는 베이스가 있습니다~ 짜면 연한 살색으로 그리고 적당한 유분기와 발림성이좋아요~ 이것바르고 비비바르면 발릴때 더잘발리고 그리고 비비에 선크림 포함도있다고 선크림 안바르시는분들이 많은데.. 꼭선크림 바르세요.. 비비를 얇게바르지 선크림 양만큼 바르시지않으니까요ㅜㅜ.. 저는 쓰던거라 2개용 가장 저렴한곳에서 샀는데 2년이상 기한 넉넉한거 왔구요~ 처음 써보시는분들은 1개구매후 테스트후 구매하시길바랍니다~
자세밴드,현대x쓰다가 찍찍이 수명이 다해서 상품평보고 샀는데 진심 불편합니다. 밴드 신축성이 전혀없어서 굉장히 불편하네요 163 60인데 m사용시 어깨부터 연결되는 끈이 짧다고 느껴져요 . 아마 밴드탄력이 없어서 인듯 ... 이미 써서 반품은 못하네요
자세밴드,평소에 어깨가 말려 있고 거북목이 심해서 자세 교정용으로 구매했는데 약국 입점 제품이라 그런지 믿고 구매했어요 착용했을 때 처음엔 약간 조이는 느낌이 있지만 자세가 바로 잡히는 게 느껴지는 제품이였어요 너무 강하게 잡아당기지는 않아서 일상생활하면서 착용하기 괜찮았어요 ㅎ
자세밴드,운동할때도 그렇고 어깨피시고~를 많이 들었어요 자세를 잘 잡을려고 해도 다시 돌아가더라구요 그래서 밴드 사용했더니 어깨도 펴지고 운동할때도 잘 했어요 밴드가 잘 잡아줘요~
자세밴드,신랑이 목디스크 수술하고 많이 지났는데 운전직이라 오래 앉아있다보니 목이 다시 아프다고해서 자세가 교정이되면 좀 덜 아플것같아 구매해봤네요~효과가 있으면 좋겠어요~
자세밴드,어깨가 자꾸 앞으로 말리는 편이라 고민하다가 구매했는데 평소 자세를 의식하게 도와줘서 확실히 도움이 되더라고요!! M 사이즈로 선택했는데 조이지 않고 부담 없이 착용 가능했고 남녀공용이라 가족끼리 번갈아 써도 될 것 같아영 ㅎㅎ 약국 입점 제품이라 그런지 믿음도 가고 간단히 등 뒤로 착용만 하면 되니까 바쁜 아침에도 쉽게 사용할 수 있어 좋습니당 ~~
자세밴드,거북목이 진짜 심햇는데 이거는 뭐 입으면 바로 쫘악 펴져서 어깨 아팠던게 덜 해져서 완전 좋으네요 착용도 편하고 일하면서 아주 잘 쓰고있습니다
자세밴드,와이프 어깨가 너무 말려들어가있어서 구매했습니다 효과 있었으면 좋겠어요
자세밴드,"⭕ 등과 어깨라인을 동시에 당겨주는 구조 ⭕ 통기성 있는 소재로 장시간 착용 가능 ⭕ 벨크로 방식으로 체형에 맞춰 조절 용이 ⭕ 남녀공용 사이즈로 누구나 편하게 착용 ✅ 평소 스마트폰이나 노트북을 오래 하다 보면 거북목이 심해져서 구입하게 됐어요. 제품 도착하자마자 착용해봤는데 처음엔 살짝 어색했지만, 하루 이틀 지나니 오히려 어깨를 펴고 걷는 게 편해졌어요. ✅ 특히 어깨 부분이 자연스럽게 뒤로 당겨지면서 등이 펴지고, 거울 볼 때 자세가 달라진 게 확연히 느껴졌어요. 가만히 서 있거나 걸을 때도 몸이 곧게 잡혀서 약간의 자신감도 생겼어요. ✅ 착용감 면에서는 꽤 만족스러웠어요. 벨크로 조절이 세밀하게 가능해서 조이는 강도를 자유롭게 바꿀 수 있었고, 살에 직접 닿아도 까슬거리거나 갑갑한 느낌은 없었어요. 땀이 차지도 않고 통기성도 괜찮았어요. ✅ 단점이라면 처음 착용할 땐 좀 불편하거나 압박감이 있을 수 있어요. 하지만 교정이라는 본질에 충실한 제품이라 그런 점은 금방 적응돼요. 하루 30분씩부터 시작하면 무난히 적응 가능했어요. ✨ 자세 의식이 높아져서 생활 전반이 달라졌어요. 거북목이나 굽은 어깨로 고민 중이라면 부담 없이 써볼 만한 제품입니다"
자세밴드,저희 남편 자세가 늘 구부정해서 그런지 거북목이며 라운드 숄더며 아주 난리거든요. 매일 아프다고 주물러 달라고 그러길래 자세교정되는 제품 알아보다가 샀는데 탄탄하고 좋네요^^ 밴드에 부착된 찍찍이? 부분이 고급인지 따갑지 않아서 좋아요^^ 남편이 110 사이즈가 넘어서 2xl 사이즈가 맞긴 한데 엄청 타이트해요ㅎㅎ 그래도 착용해보니 되게 시원하다고 뭔가 교정되는 느낌이라고 그러네요^^ 저도 궁금해서 착용해보니 배부분이 좀 크긴 하지만 마지막에 어깨 당겨주는 끈을 바짝 당겨 붙이니 그래도 얼추 맞네요~ 저도 거북목 때문에 가끔씩 근육이 뭉치는 느낌이 있는데 밴드를 착용하고 있으니 목에 무리가 덜 가는게 느껴져서 좋네요^^ 꾸준히 착용하면 효과가 있을 것 같아용^^ 남편이 좋다는거 보니 목이랑 어깨가 확실히 편하긴 한가봐요^^
자세밴드,어깨가 구부정 하고 허리가 안좋아서 구매 하게 되었습니다. 이게 어깨가 구부정하면 목까지 거북목이 되기 때문에 하나 제대로 구매해봤어요. 이 밴드를 사용하니 뒤가 정말 쫘악 펴지네요. 정말로 편합니다. 사실 저는 사무실에서 일을 오래해서 이 제품 정말 기다렸는데 진짜 쫘악 펴지네요... 무조건 착용하고 자주 사용하려고 해요.
자세밴드,"✅ 착용만으로 어깨와 자세를 교정할 수 있어요 ✅ 남녀 모두 사용 가능하고 사이즈도 넉넉해요 ✅ 부드러운 소재라 장시간 착용해도 편안해요 평소에 앉아 있는 시간이 많아 어깨가 자주 뭉치고 자세가 구부정해 걱정이었어요. 이 제품은 착용하자마자 어깨가 자연스럽게 펴지는 느낌이 들어 신기했고 허리와 등까지 부담 없이 잡아줘서 좋았어요. 부드러운 소재로 되어 있어 피부에 자극이 없고 장시간 착용해도 불편함이 거의 없어서 집에서도, 사무실에서도 편하게 쓸 수 있어요. 조절 가능한 스트랩 덕분에 내 체형에 맞게 딱 맞게 조절할 수 있어 착용감이 만족스러웠습니다. 자주 사용하는 동안 어깨가 자연스럽게 펴지고 거북목이나 어깨 뭉침도 점점 완화되는 느낌이에요. 남녀 구분 없이 누구나 사용할 수 있는 점도 장점이라 가족이나 친구와 함께 써도 좋아요. 전반적으로 착용감, 교정 효과, 편안함까지 모두 잡은 제품이라 앞으로도 꾸준히 사용할 것 같아요."
자세밴드,택배일을 하다 보니 어깨가 항상 뭉치고 아파서 여러제품을 고민하다가 척추뼈지지대?도 있고 사진상으로 봤을 때 허리도 잡아 줄거라 생각하고 이제품을 구입했습니다. 허리부분 중간이 잘 늘어나게 되어 있고 길게 되어 있습니다. 또 보조벨트를 당기면 몸에 맞게 잘 잡아 주는 듯 합니다. 어깨도 앞으로 가지 못하도록 어느정도 잡아주네요. 좋습니다. 남자 치고 왜소한 편이라 M을 해야 할지 문의를 드리니 남자는 최소 2XL는 해야 한대서 시켰는데 사이즈 좋습니다.
선크림,츄브형발라보고 눈시림없고 순해서 로션 타입 도 구입후 발라본결과 눈이시리고 눈물나고 그리고 너무 물거요 거이 물처럼 담엔 요제품은 구입 안합니다~~~~~
자세밴드,맨날 의자 앉아있다보니 허리랑 거북목 때문에 디스크걸리고 너무 힘든데 친구통해서 자세교정하는거라고 추천받아서 구매해봤는데 신세계에요 힘 안써도 알아서 허리잡아줘서 불편하게 바른자세 유지하는게 아니라 오래 좋은자세로 가능하네요 디자인도 무난무난해서 일할때도 딱히 신경 안쓰입니다 추천
자세밴드,제가 어깨가 안좋아서 후기 꼼꼼하게 보고 구매를 해봤습니다 아직 사용한지는 얼마 안되었지만 꾸준히 사용하면 어깨가 좋아질 거 같네요~!!
자세밴드,착용감은 편한데 착용후에 엄청 효과가 좋네요 통증이 확실하게 완화되니 더 열심히 사용하게 되는 것 같아요
선크림,어머 어머 이건 완전 대박입니다 상품평 쓰기 전부터 추천합니다 엄마가 쓴다고 주문해 달라고 해서 주문했는데 저 하나 쓰라고 주더라구요 혹시나 하는 마음에 썼는데 완전 제 스탈 입니다ㅋㅋㅋㅋ 사실 발림성은 좋지는 않아요 뻑뻑하지는 않은데 오래 발라줘 야 하얀 부분이 사라지더라구요 꼼꼼히 다 바르고 나면 얼굴이 생기가 돌고 화사한 느낌이 들어요 사진 보는 그대로 밝지도 않고 어둡지도 않고 딱 좋아요 커버력은 생각도 안 했는데 의외로 커버도 살짝 되네요 이런 가격에 이런 제품이라면 앞으로도 재구매 의사 있어요 향도 은은하게 나서 좋아요 겨울철에는 건조함 도 잡아주고 광채 효과를 줄 수가 있어요 하지만 지금은 점점 더워지니 번들번들 거리는 느낌이 나네요 그래도 저는 이 제품이 좋아요 추천합니다 추천합니다
자세밴드,다른 제품 샀다가 냄새가 너무 심해서 반품하고 요제품 샀는데 너무 좋네요 등쪽 지지대도 있고 남편 등쭉펴는데 도움 될거 같아요
자세밴드,아빠 선물하려고 구매했습니다 장시간 운전을 많이하셔서 자세가 너무구부정하고 거북목도 오시는거같고 제가직접사용해봤을때 처음엔 불편하지만 사용하다보면 자세가 진짜 올곧아지는느낌에 장기가건강해지는느낌이에요
자세밴드,"컴퓨터,핸드폰 자주 사용하다보니 거북목에 어깨도 말리고.. 자세가 너무 무너지더라구요 신경써야지 하다가도 순간뿐이고 바른자세를 유지하기 쉽지 않아서 교정밴드 알아보다가 주문했어요 밴드를 착용하면 바른자세로 있을수 있도록 도와주고 그러다보니 전체적으로 몸매 라인도 예뻐보여서 좋네용 착용감도 편해서 꾸준히 사용해봐야겠어요!"
자세밴드,뱃살이 나와서 좀 쫄리긴하는데 어깨를 바르게 펴줘서 어깨가 넓어보이는 효과가 있습니다 ㅎㅎㅎ 이거 입고 티셔츠 입으면 티도 안나고요 좋아요
선크림,이만한 선크림이 없어요 로션같고 물같아서 부담스럽지가 않음
자세밴드,항상 자세가 구부정했는데 쨍쨍하게 잡아주니 훨씬 보기 좋네요 덕분에 허리 통증도 덜한것 같아요 재질도 좋고 마감도 깔끔하고 암튼 만족합니다
자세밴드,어깨 밴드 착용했는데 효과가 좋았어요 효과가 있으니까 더 착용하게 되더라고요 착용하고 있으면 허리랑 어깨가 쫙 펴지니까 훨씬 안정감 있어요
선크림,자주 사용한 제품입니다~ 제가 건성이고 썬크림만 사용을 편이라;.. 이제품을 사용할때가 제일 좋아요~ 저의 어머님도 좋아하셔서 이 제품만 주문한답니다~~ 추천해요~~^^
자세밴드,요즘 공부하느라 허리도 넘 굽고 어깨도 잘 안 펴지고 점점 라운드 숄더가 되더라고요. 그래서 구매했어요. 착용도 간편하고 허리도 잘 펴지는데 답답하지 않고 통풍이 잘 되어서 좋네요. 전체적으로 만족스러워요.
자세밴드,아이가 핸드폰을 늘 하니 어깨가 구부정해요 ㅜ.ㅜ 키가 한참 커야 하는데 어깨가 구부정하니 안되겠더라고요 도움 될 거를 찾아보니 자세 교정 밴드라는게 있네요 등을 받쳐주는 지지대가 있는데 움직임에 맞춰서 탄성이 있어서 좋아요 어깨뿐만 아니라 가슴 배 골반까지 자세 교정이 된다고 하니 기대 되네요 천도 부드러워서 까슬거리지도 않아요 허리 부분은 메쉬 소재라서 통기성도 좋으네요 키야 조금이라도 더 커져라 제바~~~알!
자세밴드,정직하게 장사하세요 리뉴얼된 제품 홍보하고 상품내용엔 조그만하게 리뉴얼전 제품 출고할 수도 있다고 표기하고 개 조그만하게 ..정직하게 정직하게 영업하세요 퇴퇴퇴
자세밴드,착용함과 동시에 어깨 등 허리가 자동적으로 올곧게 펴지면서 몸에 기분좋은 긴장감이 생겨요^^ 평소에 지인들한테 허리가 구부정 하다는 말을 많이 들었는데 교정용으로 사용하기 좋았습니다! 두께가 슬림해서 사무실에서 겉옷 하나 걸쳐주면 착용한 티도 거의 안 나네요ㅋㅋ
자세밴드,앉아있을떄든 언제든 열심히 착용중입니다 조금 불편하긴하지만 자세를 바르게 잡아준다니 열심히 끼고있네요^^
선크림,한번 보고 쓰고 싶어서 검색하다가 구입하게 되었어요. 써보니 백탁도 없고 잘발리고 끈적임도 없어서 잘 바르고 다녀요. 너무 좋습니다.
자세밴드,라운드 숄도 고치고 싶은데 코어힘이 약해서 자세 유지하기 힘들더라고요. 그래서 보호대의 힘을 빌려보려고 샀는데 튼튼하고 자세 고정도 잘 돼서 잘 산거 같아요.
자세밴드,기존에 쓰던거 조카 공부할 때 바른자세 하라고 주고 저는 좀 더 큰사이즈로 구매 했습니다 구부정한 자세 습관 때문에 등도 살짝 휜 상태고 거북목도 심했어서 자세교정밴드 착용하기 시작했어요. 살짝 구부릴라 치면 쫀쫀히 잡아주니까 아차 하면서 다시 바른자세로 고쳐 앉게 되더라구요 운동할 때 착용하고 나가도 확실히 도움이 되요
자세밴드,이렇게 불편한거 처음임 일부러 작은사이즈 시켰는데도 어깨를 못잡아줌 요즘 리뷰알바체험단이 많다는걸 느낌
자세밴드,"자기 전에 허리 통증이 심해서 요즘에 통 잠을 깊이 못자겠더라구요 ㅠㅠ 자다가도 깰 정도로 통증이 있어서 안되겠다 싶어서 강남에 허리 전문 정형외과 가봤는데 거기서 알려준 꿀팁들 공유할게요!! 거기서 의식적으로 자세를 교정하는게 엄청 어려우니까 자세 교정 밴드 써주는게 좋다고 해서 정말 많이 알아봤어요.. 결국 고민고민하다가 이걸 샀는데 이거 쓰면 어깨도 쫙 펴주고 허리가 쭉 펴지는 느낌이라 효과가 확실히 있는 것 같아요 ㅎㅎ 맨살에 쓰기에는 좀 까슬거니까 옷 위에 입는걸 추천드려요!! 근데 앉아있을때는 자세 교정기 써주는데, 잘때 허리 아픈 사람들은 자기 전에 허리 찜질 해주는게 중요하다고 되게 강조하셨어요!! 그래서 시도를 많이 했는데 다른 온찜질기 사놓고 미지근해서 장농에 쳐박아둔게 몇개 있어서 뭘 사야되나 고민이 많았어요 ㅠ 근데 선생님이 허리 전용 온찜질기는 따로 있고, 허리베개처럼 쓸 수 있는거로 써야 제대로 온찜질 할 수 있다고 하더라구요. 그래서 추천받은게 압박찜질 허리베개였는데 잘때 요방형근이라는 허리 근육 감싸서 뜨겁게 해주니까 확실히 평소에 자주 느꼈던 쿡쿡 찌는 통증이 많이 사라졌어요! 그래서 이거로 많이 괜찮아지고 난 뒤에는 진짜 갑자기 너무 아프면 쿨파스 붙이고, 스트레칭도 꾸준히 해주면서 자기 전에는 압박찜질 허리베개로 찜질도 해주니까 한 3주 정도 지나고 허리가 완전 괜찮아져서 지금은 허리 걱정 없이 지내고 있답니다 ㅎㅎ 저처럼 허리때문에 잠 못자는 분들 정보가 너무 없어서 저도 몸으로 부딪히면서 배운거라 글이 도움이 되신다면 도움이 돼요 한번씩만 눌러주시면 감사할 것 같습니다 ^^"
선크림,신랑이 항상 이 제품만 고집하네요~발림성도 좋고 자극없어서 이 제품만 몇 년째 쓰고 있어요~
자세밴드,허리가 요즘 굽었다는 말 많이듣는데 이거사용하니까 자세가 되게 좋아지고있어요 남녀 공용으로 나와서 가족들모두 같이 쓰고있어요
자세밴드,라운드 숄더가 좀 있는 편인데 이거 착용하니까 자세가 쫙 펴지고 몸도 편하고 좋네요 꾸준히 착용하면 더 좋아질거 같아요
자세밴드,컴퓨터 앉아서 일을 하다보니 아무래도 자꾸 자세가 흐트러지게 되네요 한번씩 허리 통증이 있어서 바른자세 밴드 착용하고 있습니다 처음에는 조금 불편한 느낌이 있었는데 하루 지나니 곧 적응되네요 어깨 허리 밴드 착용하니 자세 흐트러짐을 많이 잡아주네요
자세밴드,먼저 앞뒤가 헷갈립니다. 끈을 끼우다가 고리가 바로 떨어져 버렸습니다. 반품은 귀찮아서 실로 꿰맸습니다. 목뒷쪽이 불편하네요. 거북목을 만들 것 같은 구조 입니다. 겉에 옷 입으면 목 뒤쪽에 교정 밴드가 다 보입니다. 겨드랑이도 아픕니다.
자세밴드,등이 굽어서 자세교정을 해야할 것 같아 교정밴드를 구매했어요. 사무직이다보니 의자에 앉아있는 시간이 많은데 자세가 진짜 중요하더라구요. 정직한 닥터 밴드 리뷰가 좋아서 구매했는데 튼튼하고 좋네요. 사이즈 조절해서 착용하고 있으면 큰 불편함 없어요. 집에서 착용중인데 보온효과도 있고 자세교정도 되니 일석이조에요.
자세밴드,허리끈이 찢어져서 왔어요 이건 뭐죠..
자세밴드,생각보다 좀~~~ 아쉬운대로 사용하기에는 보통이예요
자세밴드,여친은 s사이즈 저는 2xl입니다 바른자세 잡는데 많은 도움이 됩니다
선크림,팩트는 헤프고 예전건 눈이 시렵고 강시가 되어 부담스러워 고르고 찾다가 발견~오늘 오자마자 바르고 출근 하루종일 눈편하고 피부 하얗게 뜨 나 신경 안써도 되네요.완존 순하고 재재구매 정착할려고요.
선크림,"얼굴에 미끌 끈쩍 남는 거 정말 싫어하는 사람입니다. (로션 정말 싫죠...) 올 kahit 여름이 찾아오고,,, 피부는 잘타는 피부고, 얼굴은 지성피부고.... 그래도 바캉스 가기전부터 쉐카맣게 피부가 타는 것을 좀 막아보자,, 해서 올 kahit 고만고만한 과대광고 속아주며 하나 실험 삼아 하나 구입해 본 이 제품이 직접 사용해 보자마자 어~~~~ㄹ.. 정신 번쩍 드네요....! 미끌, 끈쩍 그런거 아주 미세하게 있을뿐 거의 없다시피 하네요. 지성피부라 뭐 바르고 더운 오후 쯤 되면 얼굴 답답 간질간질... 짜증 이빠이 였는데 이 제품은 그런거 없습니다. 발라도 아무것도 안바른 듯 거의 처음 피부 상태로 돌아와 너무 편안하고 만족하네요."
자세밴드,188cm에 90kg 덩치가 큰 편인데 4xl하니 딱 맞았구요~ 허리랑 어깨를 잘 잡아줘서 자세가 펴지네요! 교정되는 느낌이 있습니다 키가 큰편이라 구부정하고 하면 사람이 무기력해 보이고 힘이 없어 보이고 .. 와이프가 하도 뭐라 해서 구매했습니다. 밴드가 튼튼하고 탄성이 좋아서 몸을 제대로 잡아 주는 듯 합니다. 제 덩치도 이렇게 잡아 주는 것으로 보아 대다수 분들한테도 짱짱하게 잘 잡아 줄 듯 합니다. 추천드립니다.
자세밴드,딸아이와 제가 거북목과 굽은등으로 스트레스를 너무받아 교정기를 찾다가 발견한 제품입니다. 이걸로 교정이될까 하시는분들 속는셈치고 한번 구입해보세요!! 정말 말린어깨와 등이 펴지면서 동시에 시원한느낌까지 오는 아주 요물입니다!! 제가 스스로 공들여 스트레칭을 하지않아도 어깨와 허리에 밴드를 메면 스트레칭을 한것같은 시원함을 느낄수있어 저는 티비볼때 항상 착용하고 티비를 시청합니다. 163센치인 저와 146센치 딸아아기 같이써도 될만한 사이즈이구요 좀 더 크거나 작더라도 워낙 밴드 탄성이 좋아 여성분이시라면 미듐사이즈로 충분하실것같습니다. ******제품설명을 해보자면 1. 등가운데 부분에 39센치 지지대가 들어있어 등을 꽂꽂하게 세워주는 역활을하구요 2. 어깨와 허리부분에 고탄성 밴드를 사용해서 3. 굽은 어깨에 착용시 불편하 없이 펴주는 역활을해줍니다. 4. 허리부분은 에어매쉬소재를 사용해서 답답함을 줄여주었고 넓직한 복부밸트로 불편함을 최소화 해준 정말 만능 밴드더라구요 밴드하나가 얼마나 상체를 지탱해주겠어라고 생각하시는분들이 있으시겠지만 2중 고탄성 밴드로 정말 어깨와 허리에 고정시키자마자 등과 어깨가 쫙 펴지니 따라서 거북목까지 펴지게 됩니다. 저와 딸아이가 불편하더라도 말린어깨를 펴보자는 맘으로 구매했는데 이정도면 부모님께 선물해드려도 손색없는 제품일것같습니다. 등을 구부리려고해도 워낙 등을 탄탄하게 고정시켜줘서 구부릴수가없습니다. 배부분만 많이 당겨서 고정하지 않는다면 숙제하는 1-2시간정도 아이가 착용해도 무리가 없다고하네요! 이제 하나 더 구입해서 아이와 제가 따로 쓸 생각이구요 매일매일꾸준하게 사용해서 드라마틱하게 등이 펴지지는 않겠지만 천천히 올바른 자세를 유지해보려합니다. 굽은등과 말린어깨로 고생하시는분들 망설이지 말고 구매하셔도 될것같습니다!
자세밴드,어제 주문하고 오늘 받았습니다 배송이 로켓배송 급 넘 좋습니다 깔끔하게 포장되어 와서 기분 좋았구요~ 어깨가 펴지니 계쏙 그 자세로 신경 쓰게 되니깐 평상시에도 몸이 펴지는 느낌이 드네요 ~ 끈으로 강도 조절 할 수 있으니깐 좋네요
자세밴드,어깨부터 등 목 허리까지 전체적으로 다 시원하고 자세가 곧게 잘 펴지고 있어요 착용감도 편하고 제품 잘 만들어졌네요
선크림,백탁없고 아주 잘쓰고있어요 화장하기전에 바르면 화장이 아주 잘먹네요 ㅋㅋㅋ 자주 사용하고있어요!! 묽지않아 좋아요
선크림,얼굴이 심하게당기내요 건성도아닌 복합성인데..쩝
자세밴드,앉아있을때 자세가 구부정한게 안좋아서 바르게 교정 좀 해보려고 자세교정밴드 구매해봤는데 확실히 착용하고 안하고 차이가 확나서 신기했어요! 어깨부터 허리부분까지 굽었던 자세를 쫙 펴주니깐 앉아있을때도 바르게 앉게되고 오히려 구부리면 불편해서 계속 펴서 바른자세 유지하게되요 자세 안좋은 분들 추천드려요
선크림,"쿠팡체험단 이벤트로 상품을 무료 제공받아 작성한 리뷰입니다. 썬 로션이라 그런지 발림성도 부드럽게 잘 발리고 워터처럼 가벼운 질감이라 수분크림 바르는 느낌 같았어요(촉촉해버렷~) 그래서 피부자극도 거의 없고 흡수도 굉장히 빠르더라구요 끈적임이 아예 없는건 아니지만 적은편이고 백탁현상 아예 없어요~~ 제 개인적으로 아쉬운점은 톤업 기능은 없다는것! 100ml 용량이 적을 줄 알았는데 조금만 써도 잘 펴 발라져서 꽤 오래 쓸것같아요! 묽은 로션이라 잘 흘러내려서 사용하기 불편할 수 있는데 입구가 뾰족해서 양 조절하기 어렵지않아요 남편이 곧 두바이로 출장을 갈 예정이라 썬 로션 챙겨주려고 주문했는데 쓱쓱 바르기 쉽고 흡수 빠르고 백탁없다고 저희 남편은 너무 만족하네요ㅎㅅㅎ 저의 리뷰가 구매하는데 도움이 되셨다면 ""도움이 돼요"" 부탁드립니다:❤️"
자세밴드,평소 사무실에서 일만하다보니 스트레칭을 할 일이 없는데 등허리어깨를 쫙 펴주는 효과는 좋은거 같아요 근데 전 좀 거구라서 착용하기가 매우매우 어려운 부분이 있습니다 그리고 몇번 쓰다보니 적응이 된건지 아니면 늘어난건건지 모르겠어요
자세밴드,"밴드를 사용하면서 어깨와 등의 통증이 줄어 들었어요. 밴드의 탄력성이 딱 적당해서 자연스럽게 자세를 유지하기 좋고, 덩달아 라운드 숄더 문제도 해결되는 것 같아서 뿌듯합니다."
선크림,선크림 디자인도 이쁘고 맘에들어요!! 사이즈도 휴대하기에도 좋습니다 이번에 여행갈때 들고가려고요ㅎㅎ 무엇보다 끈적임이 없이 촉촉하게 잘 발려요 아주 잘 사용중이네요 !!
자세밴드,라운드숄더가 심해서 도움좀 받고싶어 구매했어요.효과가 있길..
선크림,"쿠팡체험단 이벤트로 상품을 무료 제공받아 작성한 리뷰입니다. 피지오겔 데일리 모이스쳐 UV 패밀리 썬 로션 SPF50+ PA+++, 100ml, 1개 피지오겔 데일리 모이스쳐 UV 패밀리 썬 로션 SPF50+ PA+++는 부드러운 제형과 빠른 흡수력으로 메이크업과의 궁합도 좋고, 민감한 피부에도 적합하여 가족 모두가 사용할 수 있는 제품입니다. 이 제품은 피부를 보호하면서도 촉촉함을 유지하고 싶으신 분들에게 추천드립니다. 피지오겔 데일리 모이스쳐 UV 썬로션은 피부 보습을 위한 다양한 성분이 포함되어 있습니다. 특히, 40% 이상의 보습 성분이 함유되어 있어 피부에 수분을 공급하고SPF 및 PA 지수: 이 제품은 SPF50 이상과 PA+++의 자외선 차단 지수를 가지고 있어 강한 자외선으로부터 피부를 보호합니다. 연약한 피부에도 사용할 수 있는 마일드한 더마 코스메틱 제품입니다. 백탁현상 방지 및 윤기 부여 기능이 있어 사용 후 피부가 매끄럽고 촉촉하게 유지되어서 무난하게 사용하기 좋습니다."
자세밴드,어깨랑 허리 다 안좋고 자세 틀어진 저에요 남편도 등 허리 안좋아서 마사지도 자주받고 하는데도 별로 효과도 없었는데 그 이유가 자세때문인걸 알앗어요 마사지 백날 받아봣자 그자세 그대로이면 고쳐지질 않는거죠 그래서 구매해봣어요 정직한닥터 자세밴드 !!! 확실히 착용하고 있으니깐 어깨도 펴지고 허리도 바르게 펴지고 바른자세가 되네요 :) 허리가 뭔가 쭈욱 땡겨지는거 같으면서 펴지는 느낌이 조아요 어깨도 항상 말린 어깨라 구부정한 자세라 항상 어깨도 뭉치고 목도 아팠는데 이밴드가 딱 잡아주니깐 너무 편하네요 고탄성 밴드로 쫙쫙 늘어나고 와이드 복부 밴드로 편안하게 착용이 가능하네요 남녀공용으로 같이 사용할 수 있어서 실용성도 좋습니다 !
자세밴드,오래 서서 하는 일이라서 자세가 좀 안좋아요 교정 밴드가 있다해서 사용했는데 일할 때도 편하고 어깨랑 허리도 아프지 않아서 좋네요 밴드 하고 겉옷입으니 남들이 모르는것도 좋고요
선크림,상표가 맘에들고 양도 적당 합니다 바르니 두껍지 않아서 얇게 펴바를수 있어서 얼군이 무겁지 않아요 요즘 잘사용 합니다 슽틱 보다 낳은거 같네요 물론 내돈새산
자세밴드,요즘 컴퓨터+휴대폰을 오랜 시간 했더니 자세가 완전히 망가졌더라고요. 의식적으로 바른 자세로 앉으려 해도 시간 지나면 다시 구부정.. 혼자서는 안되겠다 싶어 제품의 도움을 받으려고 구매했어요. 엄청 불편할 줄 알았는데 생각보다 편하고 착용하고 있다는 느낌이 크게 안 들더라고요. 적응할 시간 필요 없이 잘 착용하고 있어요. 확실히 밴드가 자세를 잘 잡아줘서 자세교정 잘 되고 있어요~
자세밴드,자세교정밴드 치니 제일 먼저 떠서 구매 했어요! 장시간 의자에 앉아 있는 일을 해서 거북목이 심하고 어깨가 말렸었는데 요거 하고 나서 지지대가 바른자세로 잘 잡아주다 보니 통증도 많이 사라졌어요!
자세밴드,어깨와 등의 묵직하고 불편스런 느낌이 줄어들고 자세가 개선되는 느낌! 처음에 착용할때 편안한 착용감을 위해 약간의 조절만 하면 착용중에 편하게 사용할 수 있어요
자세밴드,처음 착용해보는건데 착용하는것도 해맬줄 알았는데 너무 쉽게 착용했습니다 신축성도 좋고 오래동안 착용하면서 하루 종일 회사 업무도 가능했습니다
자세밴드,"책상 앞에 오래 앉아 있다 보니까 어깨가 자꾸 말리고 허리도 구부정해서 샀는데, 생각보다 효과가 확실해요."
선크림,"#시슨드시선크림 #백탁없는선크림 #밀착좋은선크림 #눈시림없는선크림 #순한선크림 #SPF50+선크림 #선크림추천 향/ 은은한 자연 풀향 제형/ 로션같이 촉촉하고 끈적임 없고 산듯함 성분/ 산야초, 불가리스 쑥오일 피부에 자극이 없는 좋은 성분 함유 자외선차단력/ SPF50+ /PA++++ 노화방지/ FDA에서 노화방지로 인증승인 패키지디자인/ 깨끗하고 자연친화적인 디자인 헹굼/ 폼클렌징으로 가볍게 헹궈도 잘 지워짐 용량/ 50ml 유통기한/ 개봉일로부터 6개월이내 사용후기 복합성 피부타입이라 차단지수 높고, 순하고 ,유분기없는 여러 선크림을 사용하면서 트러블이 올라오거나 시간이 지나면 눈시림이 심해 눈화장 그리고 눈물까지 흘려 선크림을 거의 안바르고 다녔어요 나이드니 살이빠진 부분 얼굴 굴곡진 부분은 타서 색소침착도 생기고 잡티도 생겨 이번에 진짜 정착할 선크림을 찾아보다 반신반의로 구매했는데 정말 만족합니다. 눈시림 없고 8시간 넘게 장시간 바르고 있어도 트러블도 올라오지 않아요, 그리고 유분도 많지 않아 화장이 심하게 뭉게지거나 흘러내리지 않습니다. 바다를 살린다는 마음을 흔드는 문구에 혹한것도 있지만 리뷰가 많지 않아 고민도 했으나 구매후 이렇게 맘에 들어 찐 리뷰를 남깁니다. 부드러운 발림성과 끈적거리지 않고 산듯한 마무리감 바를시 자연스런 풀향이지만 바른 후 냄새가 안나서 편안하고 백탁없고 밀림없고 눈시림 없어 최고 만족합니다!!"
자세밴드,확실히 어깨도 딱 펴지는게 착용감도 편하고 좋아요 하루종일 착용하고 있어도 답답하지도 않고 통기성도 좋고 마음에 들어요
자세밴드,교정 밴드 다른 제품 사용하다 구매했는데 확실히 교정이 되는 느낌이 되네요 그렇다고 막답답하지도 않고 고정이 잘 되어있는거 같습니다
자세밴드,제가 사무직 일을 하다 보니 자세도 많이 틀어져 있어서 피로감을 되게 자주 느끼고 어느 순간 허리에 통증을 느끼더라구요 ㅜㅜ 그래서 알아보고 교정 가능한 허리 밴드를 구매했는데 확실히 일에 집중도가 높아졌어요 ㅎㅎ!!
선크림,일단 배송이 정말 빨리 도착해서 좋았어요!! 선크림만 바르면 눈이 시렵고 따갑고 특히 여름에 땀흘리거나 그러면 흘려내려와서 눈이 시그러운 썬크림.. 안바를수는 없고 항상 고민이였어요 ㅠㅠ 근데 지인분을 통해서 알게된 제품! 그리고 사용해본결과 눈이 시그럽지 않더라구용~ 그리고 썬크림을 바르면 끈적임과 붕뜨는 현상이 없어서 좋더라구용~ 피부가 조금 예민한 편인데도 따갑지도 않고 트러블이 나지 않아서 좋은거 같아요~ 번들거림이 없는것도 좋았어요~
자세밴드,허리 건강은 바른자세가 거의 대부분이라고 하더라구요 생활속에서 자세 바르게 잡아서 통증좀 줄이고 있습니다 사람들 평 좋은만큼 제품 좋네요
자세밴드,"정직한닥터 바른 자세 교정 밴드는 착용했을 때 어깨를 자연스럽게 펴주어 자세 교정에 도움이 되네요~ 늘 앉아있는 직종이라 거북목도 심하고 허리가 너무 아팠는데 이제는 안되겠다싶어서 구매했어요 2XL 사이즈라 넉넉하게 착용 가능하고, 남녀 모두 사용할 수 있어 활용도가 높네요~ 부드러운 원단과 탄력 있는 밴드로 장시간 착용해도 부담이 적어서 회사, 집 어디든 편하게 착용하기 좋아요 약국 입점 제품이라 품질과 안전성에서 신뢰가 가요 꾸준히 착용하니 어깨 뭉침이 조금 완화되고 자세가 더 곧아진 느낌이에요~ 꾸준히 착용해야겠어요!! 아!! 큰사이즈 있어서 남편한테도 줘야겠어용"
선크림,매번 선크림 사면 무언가가 불편한점이 있어서 한제품에 정착하질 못했어요 항상 다른제품을 사게 되었구요. 이번에도 큰 기대없이 구매해서 사용중인데 드디어 정착하게 될거 같네요 백탁없고 발림성좋고 기름기없고 눈시림 없습니다 그리고 항상 선크림 보면 백탁은 없고 살짝 톤업이라고 적어놓는데 그게 젤 애매하고 싫었거든요 피부가 살짝 톤업되어서 좋다는둥 그런 리뷰나 설명보면 전 그냥 뒤로가기합니다. 그 톤업이란게 백탁까진 아니더라도 무조건 얼굴 하얗게 되는데 사람들 리뷰보면 무슨 피부가 환해보이느니 깨끗해보이느니 입발린 좋은소리죠 막상 사서 발라보면 그냥 톤업이 아니고 반백탁임. 조금 옅은 백탁을 좋게 포장해서 쓰는 말이 톤업 이딴소리죠 아무튼 이제품은 톤업같은거도 없습니다 그게 젤 맘에드네요 정착하겠습니다
선크림,"이 제품은 오랜기간 동안 쭉 써오던 제품입니다. 최근에 다른 제품도 써보자 싶어 다른 브랜드들도 써보았는데, 톤업 기능이 좀 아쉽더라구요. 이 제품이 만족스럽지 않아 다른 브랜드 제품을 쎃던것이 아니어서 원래 쓰던 이 제품으로 다시 돌아왔네요. 발림성이 참 부드럽고 좋아요. 뭔가 뻑뻑하지도 뭉침이 있거나 하지도 않고 쉽게 슥 발리는 느낌 좋습니다. 톤업 기능이 좋은 편이어서, 기초후 이 제품 하나로 끝냅니다. 뭐 그래도 외출시 크게 신경쓰이지 않네요. 용량도 70ml로 많은 편이어서 꽤 오래 쓰더라구요. 피부가 예민한 편인데, 오랜시간 동안 특별한 트러블 없었구요. 자연스런 톤업이 가능해서 만족합니다^^"
자세밴드,어깨가 둥그렇게 안쪽으로 말린 사람이 착용하기 좋아영 억지로 허리 꼿꼿이 피려고 하면 오히려 척추에 힘이 들어가서 자세가 어정쩡 해지던데 바른자세 밴드 끼니 자연스럽게 곧아지는 느낌여
선크림,벌써 몇번째 재구매입니다. 얼굴이 화사해지니 BB나 다른건 안발라도 생기있고 건강해보여요. 여름필수템이라지만 매일매일 바르니 얼굴이 좋아지는것 같아요. 아주 잘쓰고있어요. 마니 파세요~♡
자세밴드,평소 거북목이랑 굽은 어깨때문에 스트레스 받았는데 교정밴드 쓰니까 통증 완화에도 좋고 몸 라인도 예뻐진 거 같아요. 제 친구한테도 선물했더니 맨날 착용하고 있더라구요. 체형 교정도 되고 건강과 미용 두 마리 토끼 다 잡을 수 있으니 꾸준히 써보려고 합니다.
선크림,약간 묽은 느낌은 있으나 백탁현상도 없고 바르기가 매우 좋습니다. 특히 남편이 로션처럼 편하게 사용하기 좋다고 이 썬로션만 찾습니다. 사계절 내내 사용중입니다. 쿠팡이 가장 싸네요
선크림,거의 물타입로션이에요. 피지오겔이니 믿고 쓸수있어 아이랑 함께 몸이랑 얼굴 다 바를려고 주문했어요. 몸에는 가벼운 타입 선로션이 좋아서 듬뿍 바를려구요. 공홈보다 저렴히 팔길래 주문했답니다.
자세밴드,박음질이 너무 약해요. 제가 뽑기 운이 없는거겠죠. 다른거 구매 하시는걸 추천드립니다.
자세밴드,설명서도 자세하게 나와있고 착용해 보니 어깨부터 허리까지 잘 잡아줘서 구부정하게 앉아 있을 수가 없어요. ㅋㅋ 배 쪽에 고정하는 찍찍이가 있어 뱃살도 빼야 할 것만 같은 바룬 자세 밴드에요. 1시간만 앉아있어도 허리 아팠는데 바른 자세 밴드 착용하고 있으면 불편하긴 한데 자세는 바르게 하고 있으니 오래 앉아 있어도 허리는 안 아파서 좋아요.
선크림,7살 남자아이 피지오겔 크림에 바디로션 다 사용중이라 괜찮겠지 하고 발랐는데 일주일에 한번 산에가는 날만 팔이랑 목에 두번 발랐는데 두드러기 올라왔어요 긁어서 딱쟁이지고;;; 간지러워 하더라고요 클렌징으로 다 씻었는데도… 남편이 쓰는데 남편은 좋대요 ㅋㅋ 아이한테는 자극이 있나봐요 아이용으로는 비추입니다
선크림,평소 화장안하고 선크림 이것만 쓰고있어요. 화사하니 피부에 찰떡이라 꼭 재구매 하고 있어여~
자세밴드,몸 피는 밴딩이 사실 많은 디자인과 품목들이 많아서 뭘골라야할지 고민이 컸는데 한번 써보기엔 다 비쌌어용 ㅠ 그래서 1순위가 사실 가격 저렴한것 그리고 2순위는 후기가 많은거! 였는데 이 제품이 후기도 많고 가격대도 나쁘지않아서 일단 싸보자! 해서 주문했습니다. 주문은 역시나 로켓배송이라 빨리 왔어용. 그리고 밴딩제품이라 파손도 없이 잘 왔어용ㅎㅎ 안에 열어보니까 다른 후기도 보니 설명서가 하나도 없어서 당황스럽단 말을 듣고 아 그래도 뭐 잘 할수 있겠지 했는데 진짜 설명서 없이 내용물만 딱 들으니까 당황스럽긴 하더라구요 ㅋㅋ 다시 쿠팡켜서 제품보면서 앞뒤 다시 체크하고 해봤는데 쉽게 딱 되더라구용ㅎㅎ 남편이 덩치가 커서 제일 큰사이즈로 주문했는데 큰 사람이 쓰기에 딱 사이즈 맞았어요. 저도 한번 큰 사이즈 해봤는데 역시.. 작은 사람은 작은 사이즈해야합니다… 저한텐 아예 맞지도 않더라구요 ㅋㅋㅋ 남편이 일을 할때도 항상 심하게 굽어있어서 항상 힘들어했는데 확실히 저거 딱 밴딩하니까 딱 펴졌어요. 근데 다른후기에도 보면 거북목은 교정안된다던데 그말은 맞긴 하더라구요 ㅋㅋㅋ 거북목까진 안되고 등은 펴집니다. 하지만 이거끼다가 시간이 지나면은 헐거워져서 다시 딱!! 밴딩붙이면 빠짝 펴져서 다시 신경써줘야되겠더라구용 가격대비 가성비 좋은 제품 찾으시는 분들 한번쯤 사서 써보는거 추천드릴게용. 저도 이정도 가격이면 괜찮은거같아서 나름 만족중입니당ㅎㅎ
자세밴드,아니 이거 하루 착용했는데 … 착용했을때 넘 좋아서 문의하니까 교환해주신다 하셨어요 이번에 오는건 괜찮았으면 좋겠어요
선크림,내돈내산 후기 피지오겔 dmt 썬크림을 너무 잘썼어요. 너무 촉촉하게 가볍게 발리고 잘지워져요. 피부에 부담이 하나도 없어서 좀 더럽긴하지만 세수 안하고 잔 날도 많았습니다. 얘는 산뜻이라길래 더 가벼운가 해서 사봤어요. 흐르는듯한 아주 묽은 로션제형인데 이거 만든 사람은 산뜻이라는 한국말을 모르나? 하는 기분이 듭니다. 피부에 무겁게 찌덕하게 코팅된 느낌. 미세먼지 다 달라붙을거 같은 번질거리는 기름막. 이중세안이 부담스러우면 패스하세요. 그리고 결정적으로 눈이 시려요. 눈이 민감한편인데 하루종일 눈이 시려서 눈물이 계속 납니다. 순하고 촉촉한거 찾는분들은 이거 아닙니다. dmt썬크림을 사세요.
자세밴드,오래 착용하기엔 힘들 것 같아요 원래 쓰던 걸 쓰게 되네요 겨드랑이 앞이 너무 쓸려요
자세밴드,사무실에 계속 앉아있다보니 등이 굽어있고 어깨도 그렇고 자세가 정말 많이 망가진걸 느꼈습니다 운동도 열심히 하고 요가도 다니고 있지만 앉아있는동안에도 근본적인 원인을 해결하고 싶어서 구매한 정직한 닥터 바른 자세 교정 밴드입니다 일단 제가 덩치가 큰 편인데 포엑스라지까지 있어서 아주 마음에 들어요 가만히 있으면서 자세교정효과를 누릴 수 있어서 좋네요 처음엔 조금 불편하지만 차차 적응되어져갑니다
선크림,진짜 눈이 안셔요 너무 좋아요 선크림 바를 때마다 눈이 피로해져서 진짜 너무 싫었는데 얘는 정말 눈이 거의 불편하지 않아요 클렌징도 잘 쓰고 있었는데 선크림도 좋네요
선크림,주근깨나 기미가 민감한편이여서 외출전 선크림 필수로 발라주고있는데요 마침 사용하던 제품을 다 써서 새로 구입해봤어요. 시슨드시 제품이 자극적이지도않고 좋더라구요 끈적임도없고 백탁도없고 밀림도없고 아주 만족합니다^^ 계속 이제품쓸것 같아요~너무너무 만족합니다~^^ 추천해요
자세밴드,모니터 많이 보고 핸드폰 많이 보니 목상태도 안좋고 가끔 병원도 가게되서 자세 교정이 필요해 보여서 구매했어요 밴딩이 두껍고 두뚬하여 부드럽게 어깨를 당겨주네요 첨엔 아프고 부담되었는데 시간을 점점 늘려나가 보니 호전되고 바른자세가 되니 몸이 점점 편해지는거 같아 좋았어요 꾸준히 해서 자세교정 및 관리가 잘되도록 노력하려구요~
자세밴드,구매 후 바로 착용중이에요 효과 있는듯해요 찍찍이가 부드럽고 텐션감이 좋아요 두께도 적당합니다 ^^
자세밴드,허리 밴드 부분 짱짱하고 아주 잘 잡아줍니다 통풍도 잘 돼서 땀 차지 않아요
자세밴드,체형교정기라면 어느정도 탄탄하고 조이는게 있너ㅣ어야 하는데 전혀 그런거 없이 느슨하고 안조이고 찍찍이도 약하고 사지마세요
선크림,"쿠팡체험단 이벤트로 상품을 무료 제공받아 작성한 리뷰입니다. 썬크림을 바르긴 하는데, 너무 무겁게 발리거나 너무 텁텁한 것은 별로더라고요. 그 위에 특히 메이크업을 덧바르면 더더욱 얇고 가벼운 걸 선호하게 되는 것 같아요. 그래서 이것저것 고민하던 중에 요 제품을 만나게 되었습니다 - 이름을 아는 브랜드라 그런지 거부감이나 낯설음은 크게 없이 비교적 친숙했던 것 같아요. 배송은 로켓배송답게 정말 일찍 도착했고, 깨끗하고 손상없이 가벼운 포장으로 잘 받아봤습니다 ㅎㅎ 우선 크기가 제 생각보다 조금 더 작았던 것 같아요. 그래도 용량이 적당하다고 느끼긴 했습니다. 아무래도 썬로션이니..! 패키징도 간단하니 모던하고 깨끗해서 좋은 것 같더라고요. 그리고 중요한 발림성은 좋다고 느꼈습니다. 부드럽고 얇게 잘 발리고, 단독으로 올려도 맘에 들더라고요. 또 생각보다 더 촉촉한 듯 해서 약간의 수분감을 환영하는 저에겐 최고의 제품이 아닐 수 없는,, 너무 무겁지 않은 가격에 가볍고 간단히 바를 수 있는 썬로션 찾으신다면 추천드려봅니다 :) 만족해요 -"
자세밴드,어깨 라운드 숄더가 너무 심해서 구매를 했어요 자세 교정을 해줘서 그런지 너무 괜찮더라고요 가격도 저렴한 편잉ㄴ데 이게 효과가 좋아서 신기해요
자세밴드,걸을 때 배를 자꾸 내밀며 걸어서 골반이 틀어졌는지 아파서 자세 교정해 주려고 구매했어요 병원에서는 코어에 힘을 주고 걸으라고 하는데 코어에 힘을 주기가 스스로 하기는 너무 힘들더라고요 보조기구 도움 받아 어깨를 펴니 확실히 자세가 바르게펴지면서 코어에 힘이 가는게 걷는 자세부터가 틀려지는게 골반아픈게 훨씬나아졌어요
자세밴드,굽어지는 등이랑 어깨를 좀 펴보려고 쓰고 있어요 사이즈도 엠으로 사길 잘한거 같아요 딱 좋아요!! 마치 맞춤마냥~ 이거 쓰고 나서 몸도 편한지 피로감도 덜하네요
자세밴드,남자친구가 게임도 많이 하고 자세도 어정쩡하게 잡고 다니길래 찾아보다가 한번 구매해 봤어요! 허리도 구부정하고 거북목이 심해서 안 쓰는 거보단 나을 거 같아서 선물해 줬는데 확실히 자세를 잡아주는 거 같아요! 지지대? 같은 것도 튼튼하고 계속 사용 중이에요 ㅎㅎ 맘에 들어 하는 거 같아서 저도 좋네요! 완전 추천드려요!!
선크림,"쿠팡체험단 이벤트로 상품을 무료 제공받아 작성한 리뷰입니다. ❤️ 온가족이 사용하기 딱 좋아요❤️ ✅ 구매 이유 최근에 피지오겔 썬 로션을 처음 알게 됐어요. 기존에 쓰던건 살짝 되직한 느낌이라 바르기가 귀찮아서 로션형으로 구매해봤어요. 결과는 대성공!! 로션형이다보니 발림성이 진짜 좋고 편하게 바를 수 있더라구요. 피부에 부담 없이도 없어서 데일리하게 사용하기 정말 좋았어요. 지금까지 사용했던 UV 차단 제품 중. 가장 만족스러운 제품이랍니다. ✅ 제품 후기 이번에도 재구매하면서 다시 한 번 느낀 건, 정말 피부에 순하고 발림성이 좋다는 점이에요. 향: 거의 무향에 가까운데, 약간 자연스러운 느낌의 풀 향 같은 게 은은하게 나는 편이에요. 특별히 거슬리지는 않아요. 제형: 로션처럼 부드럽고 묽어서 아이에게 발라줄 때도 빠르고 쉽게 발립니다. 흡수도 금방 돼서 얼굴에 밀리거나 끈적이는 느낌 없이 산뜻하더라고요. 효과: SPF50+ PA+++로 강력한 UV 차단 효과를 제공하면서도 촉촉한 마무리감을 느낄 수 있어요. 저자극 제품이라 예민한 제 피부와 아이 피부에도 딱 맞았어요. 눈시림: 눈에 가까이 바르면 약간의 자극이 있을 수 있지만, 다른 제품들에 비하면 훨씬 덜하고 참을 만해요. 백탁 현상: 없어요! 피부 톤이 자연스럽게 정돈되는 정도라서 평소에도 부담 없이 사용할 수 있습니다. 데일리로 최고예요! ✅ 총평 & 재구매 의사 피지오겔 데일리 모이스쳐 UV 패밀리 썬 로션은 미백, 주름 개선 효과까지 함께 기대할 수 있는 저의 최애 썬 로션이에요. 아이와 함께 온 가족이 부담 없이 사용할 수 있어서 더 좋아요. 겨울에도 피부가 촉촉하게 유지되니 앞으로도 쭉 재구매할 생각입니다. 데일리로 바를 수 있는 썬로션을 찾으신다면 추천드려요! ⭐️ 제 후기가 도움이 되셨다면 ‘도움이 돼요’ 꾹 눌러주세요 ◡̈ ⭐️"
선크림,"배송 빠르고, 포장상태 양호하고 저렴하게 잘 구입해서 잘 받았습니다."
선크림,"약간의 피부 보정도 되면서 피부가 윤광이 나게 해주네요. 끈적임도 없어 왜 후기가 좋았는데, 직접 써보 알수 있었습니다. 구매동기 선크림이 쓰던걸 잃어버려 급하게 주문했어요. 할인 많이 하길래~그리고 브랜드꺼라 믿고 주문했습니다. 사용감 첨에 파운데이션인가? 하는 생각이~하얀색 아니고 살색빛이 돌았거든요. 근데 바르니 피부가 갑갑하지 않고, 밀착 되서 발리는 느낌이었습니다. 사실 선크림 + 연한 파운데이션? 베이스 느낌이었어요. 뭐, 하나로 모두 해결되니 편하네요!"
자세밴드,엄마한테 사드렸는데 의외로 좋다고 아주 잘 쓰고 계세요 ㅋㅋㅋ 하나 더 구매하려구요!
자세밴드,거북목이 심해서 저한테는 필수아이템이에요 이거 착용하니 자세교정이 되니까 자신감도 생기고 허리도 안아픈거같아요 원래 리뷰잘안쓰는데 이건 너무 강추해요
자세밴드,어깨말림이 좀 심했었는데 어깨통증도 생기고 거북목도 되려고 해서 이렇게는 안될 거 같아 구매했습니당! 깁스한 느낌으로 불편하지 않을까 했는데 전혀 그렇지 않았어요~ 어깨 등 허리를 단단히 지지해줘서 편해요~ 스스로 펴기에는 역부족인 거 같아 자세교정반드의 도움을 구해보려구요! 꾸준히 착용하면 효과가 있지 않을까 싶습니다 며칠 착용해봤는데 어깨통증도 덜 한 느낌입니다
자세밴드,짱짱하고 지지를 잘해줘서 너무 좋아요 튼튼하고 마감처리도 우수하고 사용 후에 몸에 자세가 좋아지고 통증도 많이 감소했네요
자세밴드,착용 즉시 어깨가 펴지고 허리가 세워지는 느낌을 받아요~~ 최근 자세가 좀 잘못됐는지 자꾸 허리랑 목이 좀 안좋아서 고생했는데 덕분에 어깨 짱짱하게 잡아줘서 쫙 펴져요. 사이즈 M 했는데 마른 남성까지 커버 가능할 듯 해요. 벨크로도 부드러운 편이고 탈부착이 용이해서 잘 쓰여요. 허리랑 어깨까지 두루 잡아줘서 더 좋아용^^
선크림,"쿠팡체험단 이벤트로 상품을 무료 제공받아 작성한 리뷰입니다. 올해에는 유난히도 길고 길었던 여름~ 자외선 차단 크림은 필수템이죠. 사용하고 있는 선크림이 얼마 남지않았는데 쿠팡체험단으로 선정 되어서 피지오겔 데일리 모이스처 UV패밀리 썬 로션을 받게 되었습니다. 믿고 쓸 수 있는 피지오겔 브랜드~ 피지오겔 데일리 모이스처 UV패밀리 썬 로션 SPF50+ PA+++ 용량은 100ml 일반적인 썬 크림에 비해 양이 훨씬 많은것같아요. 디자인이 깔끔하고 사용하기 편리합니다. 묽은 형태의 하얀색 썬로션이고 로션 처럼 부드럽고 촉촉하게 발리는 느낌이네요. 흡수도 빠르게 되어서 무거운 느낌이 없고 가벼운 느낌으로 자연스럽게 스며들어요. 자외선으로 푸석해진 피부에 촉촉하게 윤기를 주네요. 얼굴 전체에 발라주면 자외선 차단뿐만 아니라 주름 개선과 미백개선이 가능한 3중 기능성 케어 제품입니다 . 수분감이 많아서 피부가 하루종일 촉촉한 느낌이 들고 바르고 나서 번들 거림이 없어요. 남자들이 싫어하는 백탁 현상이 전혀 없고 무향에 가까운 타입으로 온가족이 사용하기 좋은 제품인거 같아요. 사용전에 5회 정도 흔들어 사용하세요. 온 가족이 함께 쓰는 촉촉한 수분감의 선케어를 원하시는 분,장시간 햇빛에 노출 되면 피부가 건조 해지는 분, 온몸에 펴바르기 쉬운 산뜻한 수분 로션 타입의 선제품을 찾으시는 분, 자외선 차단은 물론 미백.주름개선까지 3중 기능성 케어를 원하이는 분,답답하거나 무겁지 않고 백탁 없는 자외선 차단제를 찾으시는 분들께 적극 추천 드립니다.♡♡♡♡"
자세밴드,사무직이신분들 라운드어깨에다가 어깨 너무 아프잖아요 ㅠㅠㅠ 일하다가도 어깨가 너무 아파서 중간중간 스트레칭 해주곤 하는데 바쁜날에는 스트레칭할 시간도 없단말이에여 ㅠㅠ 그래서 주문해봤는데 착용하면 촤아아악 자세가잡혀서 좋아요 ㅋㅋㅋㅋㅋ 처음에는 어 이게맞나 싶은데 이정도로 내 자세가 안좋았구나 싶네요ㅠㅠㅠㅠ 그치만 시원해서 좋아여 ㅎㅎㅎ 꾸준히써서 신경쓰지않아도 좋은자세를 유지할 수 있었으면 좋겠네융♡
선크림,백탁이나 눈시림이 없고 바다에 좋은 제품이라고했는데... 바다에 좋은건 잘 모르겠고 일단 우리가 흔히 쓰는양만 사용하면 괜찮을것 같긴한데 저는 피부과에서 썬크림을 꼭 권장량인 오백원짜리 동전만큼 사용하라고 얘길 들은터라 꽤 많은양을 사용해요 근데 오백원 동전만큼 사용하면 눈시림도 있고 백탁도 꽤 오래 문질러야 되고.. 전 썬크림까지만바르고 그 위에 화장은 안하는데 마스크를 쓰면 때처럼 밀리고 뭉치는게 생기네요 결론은 그냥그냥... 적은양만 쓸땐 괜찮을것 같긴해요
선크림,피부가 예민해서 스킨조차도 잘못 쓰면 좁쌀 폭발에 화농성 여드름이 올라옵니다 천연화장품도 써봤지만 피부가 화닥거려 사용포기 했고요 원래 차앤박 선크림 쓰고 있었는데 어느 순간에 갑자기 피부가 뒤집어지더라구요 ㅠㅠ 그래서 순한 선크림 찾다가 폼클렌징만으로도 잘 지워질만한 선크림과 백탁현상 없는걸 찾아서 구매해봤어요 진짜 수분크림 바르는 느낌이구요 아벤느 시칼파트 크림 바르고 있는데 제형이 무거운 타입이라 크림 바르고 바로 선크림 안 바르고 시간 텀을 좀 두고 선크림 바르니 안 밀리네요 아직까지는 트러블도 없고 무난하게 잘 쓰고 있습니다~
자세밴드,탄탄하게 자세를 잡아줘서 만족합니다! 남편 어깨가 굽은거 같아 주문했는데 제가 더 자주 사용하네요
자세밴드,어깨를 잘 잡아주고 오랜시간 착용해도 아프지 않아요 불편하면 안하게될 것 같아서 걱정했는데 불편하지 않고 아프지 않았어요 어깨도 펴주고 허리도 어느정도 잡아줘서 일할때 하고있으니 자세가 불량해지는 일이 없어요 ㅋㅋ 찍찍이도 짱짱해서 잘 떨어지지 않고 만족합니다^^
선크림,"눈시림 없고, 화장전에 선크림 바르고 비비 바르는데 화장도 잘먹어요!! 성분이 착해서 아이도 발라주고 식구들이랑 데일리로 쓰려구요~ 유채씨 유래 및 팜오일이 함유되어 있어서 끈적이지 않고 백탁현상 없어요~"
선크림,발림성 좋고 향도 진하지 않고 촉촉하니 너무 만족 절대 번들거리지 않고 빠른흡수 좋아요 백탁없고~
선크림,가족끼리 쓰려고 구매했어요. 여행시 가지고 다니기에 용량도 크고 좋아요. 뚜껑을 돌려서 여는 타입이라서 잃어비리지 않게 조심해야해요. 입구부분으로 조금씩 나오게끔 되어있어서 좋아요. 로션과스킨을 섞은정도의 묽은 제형이라서 넓은 부위에 바르기 좋아요. 향이 조금 있는데 시원한 느낌의 향이라서 좋았어요. 두세가지 제품을 사용하여 때에따라 쓰려고 합니다.
자세밴드,자세가 좋지않아서 항샹 허리가아팠는데 지인이 교정밴드를 추천해줬어요 진짜 교정 확실히 되고 편하고 좋아요 겉옷 입은면 티도 나지않고 맘에 들어요
선크림,선케어 명가 이자녹스 선크림 ^^ 저는 20년보다 훨씬 전부터 이자녹스 선크림을 바르고 있어요. 최근 2년정도만 살짝 쉬었지만 ㅎㅎ 저희 친정엄마는 아직도 선크림은 이자녹스만 쓰세요. 선케어 명가 이자녹스 선크림~~ 다들 아시는 것 같아요^^ 이 제품 유브이 선 프로 365 데일리 커버 제품은 톤업효과가 있는 제품이에요. 선크림 색상이 흰색이 아니구요. 메이크업 베이스 겸용으로 피부색의 선크림입니다. 바르면 비비크림 바른 것처럼 톤업효과가 있어요. 화장을 굳이 하지 않으셔도 잠깐 밖에 나가거나 아이등원 시키거나 할 때에 살짜기 커버효과가 있어요. 그래서 만족하실거에요. 저도 2년만에 다시 사봤더니 요제품 하나만으로도 충분히 괜찮네요. 그래서 팩트바르는 시간이 단축되었습니다 ^^ 바쁜 시대에 참 좋은 효과에요 ㅎㅎ 오랜만에 써보니 바를 때 특유의 냄새는 조금 나구요. 그리고. 제가 좀 묽고 유분기가 많은 선크림을 써왔어서 그런지 바르고 나서 피부가 살짝 건조한 감이 있었어요. 로션보다는 조금 되직한 느낌입니다. 그래서 미스트를 주기적으로 뿌리게 되네요. 피부가 심하게 건조하신 분들은 좀 당기는 느낌을 받으실 수 있어요. 기초단계에서 수분을 충분히 주시길 바래요. 이자녹스는 이미 선케어로 많은 사람들의 사랑을 받는 브랜드이기에 믿고 쓰지요 ^^ 저는 세일 할 때 친정엄마꺼까지 쟁쳐놓으시라고 보내드렸네요~ 근데 제가 이제 나이가 들어서 그런지 피부가 좀 당기는 느낌이 들어서. 건조해지는 가을 겨울보다는 여름에 쓰는게 좋겠다는 느낌을 받았어요. 제품이야 그대로인데 제 나이와 피부가 변했나부네요 ㅠ.ㅠ 아무튼 이자녹스 선크림 오랜만에 만나서 참 반가웠어요 ^^
자세밴드,어깨는 확실히 잡아줘서 시원하고 좋은데 새상품이라 그런지 냄새가 좀 나요 교정에는 효과 좋을 듯 합니다.
선크림,쿠팡체험단 이벤트로 상품을 무료 제공받아 작성한 리뷰입니다. 믿고쓰는 피지오겔입니다 썬크림을 애들것 제것 다 따로썼었는데 이건 순해서 애들이랑 같이 사용할수있어서 좋네요~~ 크림타입은 아니고 워터타입 입니다 피부에 촉촉하고 부드럽게 발립니다~~ 수분보충이 충분해서 보습효과에도 좋은것같아요 자외선 차단 뿐만 아니라 미백에도 좋은것같고 주름개선에도 좋다고하는데 지켜보는 중입니다 ㅋㄱ 얼굴이나 바디 모두에도 사용가능하고 자극적이지 않고 순한게 가장 마음에들고~~ 답답하거나 무거운 느낌도 전혀없네요 도움이 되셨으면 좋겠습니다~~^^~♡♡♡♡
자세밴드,어깨말림 교정하려고 구매했어요! 밴드가 짱짱해서 고정력이 되게 좋네요. ㅋㅋ 착용하면 어깨부터 허리가 쫙 퍼지는게 시원하기도 하고 키도 같이 커지는 느낌 ㅎ 착용감도 편해서 요즘 꾸준히 착용하고 있네요 확실히 자세교정에 도움 되는거같아요
자세밴드,척추랑 허리랑 교정 된다길래 착용해봤는데. 허리부분을 딱 잡아줘야되는데 움직이니깐 허리부분이 가슴쪽으로 계속 올라가버리네요
선크림,기대했던 것보다 유분기도 많고 커버력도 만족스럽지는 않네요.
선크림,"시슨드시 성분이 좋은 선크림 SPF50+ PA++++ 실사용 후기 민감성 피부용 선크림 찾다가 시슨드시 무기자차 선크림 구매했어요ㅎ 50g 튜브라 들고 다니기 좋고, 백탁 없고 끈적임 없는 사용감이라 정말 만족했어요ㅋㅋ 눈시림도 전혀 없어서 데일리 선크림으로 딱이었네요 발림성은 어떤가요? - 부드럽고 가볍게 발려요ㅎ 백탁현상은 있나요? - 전혀 없고 자연스럽게 스며들어요 피부 자극은 어떤가요? - 눈시림, 밀림 전혀 없어요 ✅ 가벼운 발림성과 자연스러운 마무리 덕분에 매일 쓰기 좋아요ㅎㅎ ✅ 성분이 순해서 민감성 피부에도 걱정 없이 사용할 수 있었어요! ✅ 백탁이나 끈적임 없이 산뜻하게 마무리돼서 완전 만족했어요 편하고 순한 선크림 찾는 분께 강추합니다ㅋㅋ 특히 매일 데일리 선크림으로 쓰기 최고에요ㅎ ▼구매 결정에 도움될 정보▼ 설치 난이도: 해당 없음 디자인: 해당 없음 가성비: ⭐⭐⭐⭐☆ (좋음) 사용 목적: 민감성용 선크림"
자세밴드,바른자세로 있는게 중요하단걸 알면서도 쉽지않고.. 맨날 숙이고 업무를 보는지라.. 집에서라도 틈틈이 착용하려고 샀는데 꽉 잘 잡아주고 자세도 시원하게 펴주는 느낌이라서 이거 착용하면 몸이 개운해져요 착용도 자주 하다보니까 그냥 척척 쉽게 하게되고 이거 한 후로 목 뒤 통증도 줄어서 더 꾸준히 해보려구요
자세밴드,공부하는데. 자꾸 거북이 목이되고. 허리가 아프다고 해서 자세 교정해주려고 주문했어요. 앞으로 날씨 시원해지면 안에다 찹용하고 다닌다고 하니 지켜보려구요
자세밴드,좀 쌈마이한게 있긴한데 자세교정은 잘 되네요 자세 안 좋아서 두통까지 왔었는데 나아짐
선크림,"진짜 이정도로 백탁 없고, 끈적임 없는 선크림을 본적이 없어요. 진짜 그냥 바르면 즉시 사라지는 느낌! 밀림은 정말 전혀 없어요. 화장 전에 바르면 화장이 잘 먹더라구요. 예전에 썼던 선크림들은 밀림이 방해가 돼서 화장 떡지는게 싫어서 바르지 않았었는데, 이 선크림은 그런 걱정 1도 없어요. 피부에 부담도 없고, 가볍게 발리면서도 독특하게 끈적임이 전혀 없어서 매일 바르는게 전혀 부담스럽지 않아요."
자세밴드,나쁜 습관으로 오래 일하다 보니까 처음엔 목이었는데 어깨에서 허리까지 이어가더니 다리까지 저려오네요.. 병원가봤는데 허리디스크는 아니고 조심하라고.. 척추 많이 휘어있다해서 이렇게 자세 잡아주는 교정기 샀습니다 바른자세로 일하겠습니다
자세밴드,부모님 사용하시라고 구매했어요 사이즈 딱 맞고 착용하자마자 허리가 쫙 펴져서 효과가 좋더라구요 불편함 없이 착용감이 좋고 부드러운 재질이라 피부에도 부담이 없어요 ㅎㅎ
자세밴드,사이즈가 고민 이었는데 후기 보고 M사이즈 했더니 잘 맞아용 일상생활에서 착용할거라 그냥 꼭 맞게 착용하는게 낫더라고용 앉아서 일할때 앞으로 자꾸 쏠리는데 밴드 착용하고 많이 좋아졌어용
선크림,늘 사용하는 제품이라 망설임 없이 주문했네요.썬크림을 바르면 약간 비비크림 바른느낌이라 좋은것 같아요
자세밴드,저희 남편은 정밀세공같은걸 해서 직업특성상 어깨랑 등이 많이 구부려질 수 밖에 없어요. 그래서 그런지 퇴근하고오면 어깨도 많이 뭉치고 등도 많이 결려하더라구요ㅜㅜ 매번 마사지받는것도 쉽지않아 자세교정밴드를 구입했습니다! 정직한닥터 자세교정밴드는 어렵지않게 착용이 가능하고 착용하자마자 말려있던 어깨가 펴지는게 보였어요~ 착용만 하고있어도 스트레칭되는 기분이어서 시원하다고 좋아하더라구요ㅋㅋㅋㅋㅋㅋ 소재가 부드럽긴하지만 타이트하게 착용해야하기때문에 맨살이나 민소매옷에 착용하는것 보다는 반팔이나 긴팔옷을 입고 착용하는게 좋을것 같아요 :-) 몇일 착용하고 출근하더니 확실히 어깨가 덜아프다고 좋아합니당~ 착용감도 좋고 교정효과도 좋아서 꾸준히 착용할 예정이라고합니다!
자세밴드,허 보호를 위해서 착용 하고 있어요 좀 약한 편이라 항상 보호가 필요하고 확실하게 압박을 해주니까 한결 걷는 것도 편안하고 좋더라고요 사이즈도 잘 맞아서 착용감이 편하네요
선크림,메이크업 배이스기능도 함께 들어있어 엄마가 꾸준히 사용하시다가 저에게 사달라해서 찾아봣는데 쿠팡이더 싸네요 ㅋㅋㅋ근데 약간 많이바르면 건조한감이 ㅋㅋ 춱춱한 감을 좋아하시는 분은 기초에 유분감잇는 제품을 바르고 그위에 바르는게 좋을듯합니다 기본 스킨로션만 바르고 바르기에 건성피부임사람에게는 조금 당겨요. 유분기 개기름 좔좔 울 아부지는 아주 만족하시네요
자세밴드,처음 착용감은 좋으나 사용하면 할수록 허리밴드가 가슴까지 올라감
선크림,제가 쓰는게 아니고 선물이라 평을 못하겠네요 배송에 너무 놀라 리뷰 남겼어요 최고~~ 엄마가 자주 쓰시는 거라 제품은 좋은거 같아요
자세밴드,"육아하다 보니 온몸의 균형이 망가졌는지 안 쑤시는 곳이 없고, 자꾸 살도 찌는 거 같아 알아보니 자세 교정부터 하는 게 좋다고 하더라고요ㅜㅜ 스스로 24시간 신경 쓰기는 쉽지 않으니까 일상생활에서 도움받을 수 있는 무언가를 찾다 구매해 봤네요!! 가방처럼 메주고(?) 허리는 복대하듯이 매주면 되니까 착용하기 그다지 어렵지 않고요. 등 부분은 쿠션감 있고, 허리 부분 등 매시 소재로 해놔서 너무 덥거나 답답하지도 않아서 하고 있기 좋네요^^ 무게감도 가볍고 체형에 맞게 끈 조절할 수 있으니 하루 종일 착용하고 있기도 괜찮아요~"
자세밴드,"컴퓨터 앞에서 일을 하다보니 나도 모르게 거북목+라운드숄더가 되더라구요 ㅠㅠ 신경쓰고 자세 잘 잡아보려고해도 무의식적으로 다시 구부정해지고 퇴근하면 어깨아프고ㅠㅠ 무한반복이여서 구매했어요 ㅎㅎ 어깨보정밴드 효과는 정말 최고예요 진짜 바로 어깨가 쫙 펴져요!! 아무래도 밴드가 인위적으로 고정시키는거라 불편하진 않을까 걱정했는데 오히려 어깨가 더 편안해지더라구요 확실히 퇴근하고나서 승모근, 어깨통증 많이 줄었어요 마음에 듭니다"
자세밴드,오자마자 상품 봉투를 다 찢어서 반송을 못보내요 마감이 터져 와서 기분이 나쁠뿐 사용감은 좋은듯요
자세밴드,공부할 때 자세가 너무 안 좋아서 사봤어용. 처음엔 좀 답답했는데 익숙해지니 구부정한 자세를 딱 잡아주더라고요. 옷 안에 입어도 티가 많이 안 나서 독서실 갈 때도 하고 가요!
자세밴드,"퀄리티 좋고 착용감 편해요 가벼우면서도 탄탄한 재질로 되어있는데 자세교정에 많은 도움이 되구요 장시간 착용해도 일상생활 하는데 부담이 없어요 말린 어깨, 굽은 등, 거북목일자목 교정하는데 효과 좋습니다"
자세밴드,직업 특성상 무거운 짐을 많이 이동시킬 때가 있는데 허리에 무리가 오는 것 같더라구요 거북목이 있는건 아닌데 허리 하중때문에 구입했는데 많은 도움 받고 있습니다 간편하게 사용할 수 있어서 좋아요 :)
선크림,"시슨드시 선크림 사용 후기 이번에 시슨드시 선크림을 처음 써봤는데, 정말 만족스러워요! 우선 제형이 진짜 부드럽게 발려서 얼굴에 밀리지 않고 백탁 현상도 전혀 없어요. 덕분에 피부 톤이 자연스럽게 유지돼서 메이크업 전에 발라도 깔끔하고요. 무엇보다 촉촉하면서도 끈적임 없이 마무리되는 사용감이 최고입니다. 여름철에도 산뜻하게 사용할 수 있어서 데일리 선크림으로 딱이에요. 성분도 순해서 피부에 자극 없이 편안하게 쓸 수 있었어요. SPF50+ PA++++로 자외선 차단도 확실하니 이제 외출할 때 걱정 없을 것 같아요. 다음에도 또 구매할 의향 100%입니다."
선크림,요즘 운전 쪼금 했다고 손만 타고있어요ㅠㅠ 얼굴에 바르는 선크림은 톤업용이어서 손까지 바르기 그렇고 기름지지 않고 사물에 묻어나지 않는 끈적임 없는 선크림 찾다가 주문하였습니다. 일단 묽은 제형으로 사용할때 흔들어서 사용해야해요 그래야 좀 아래와 섞이는 느낌이랄까 ㅋㅋ 바를때 부드럽고 촉촉하고 백탁없어요 딱 바디용이나 집에서 화장 안해도될때 편하게 바를수 있어요 그래서 남성분들도 부담없이 바를 수 있는 제품입니다. 마침 운전만 하는 제부 가 썬크림도 안 바르고 운전하고 다닌다고 해서 하나 선물해 주려구요~~ 바르자마자 살짝 유분기는 돌지만 시간 지나면 흡수되요 가격부담없고 용량커서 올 여름 실컷 발라서 피부지켜야겠어요. 덧바르고 덧바르고
자세밴드,냠편이 평소에 자세가 꾸부정 해서 항상 어깨도 굽어 있고 허리도 아팠는데요!!!! 이 자세 교정 밴드 쓰고 벌써 자세가 조금씩 잡혀가는거 같아요~ 사이즈도 넉넉하고 착용하기도 편하고 무엇보다 상체를 탄탄하게 잡아주는 느낌이 너무 좋습니다! 이거 쓰기 전에 다른것도 써봤는데요..이 제품이 최고네요 약국도 입점됐네용ㅎㅎ 쿠팡으로 사서 사이즈 다르니 미스 되면 교환도 쉽고 꼭 이거 쓰세요 강츄드립니당!!!
선크림,눈시림이 강해서 다움기뢰눈 없어요. 대신 발림성이 매우좋아 몸용으론 좋아요
자세밴드,허리부터 어께까지 전체를 감싸면서 교정해주니 안정감있고 좋아요 어께를 당겨주는데 아프지않고 시원한느낌이 계속 들어요 스트레칭을 하고 있는 느낌이랄까 평상시 하고 있으니 자세조금이라도 발라졌음 좋겠어요
자세밴드,근무할 때 어깨가 구부정하게 자세가 흐트러져서 착용해보려고 구매했어요 허리까지 쫙 펴고 있을 수 았게 고정해줘서 좋고 착용감이 좋아요 이거 착용하면 어깨 구부정해지루일은 없을것 같아요 촉감도 부드러워요
자세밴드,오래 서있기도 하지만 많이 걷기도 해서 구매햇는데. 처음에 잠깐 이상하다 싶었는데 걸을때 자세교정이 되는거 같아 금방 적응되고. 편해지네요. 만족해요~
선크림,엄마가 평소 쓰시는 제품이에요 재구매 원하셔서 사드렸어요 배송 금방 도착이고 유통기한 긴제품 보내주셔서 만족스럽습니다 감사합니다
자세밴드,허리가 좀 아프다 보니 자세도 안 좋은거 같아어 허리랑 어깨 자세 교정에 도움이 되는거 같아요 이 밴드 쓰고 허리도 덜 아프네요 사용하기도 편하니 좋네요
자세밴드,사이즈를 확인후 구매했는데도 기재한 사이즈 보다 많이 작네요
선크림,"쿠팡체험단 이벤트로 상품을 무료 제공받아 작성한 리뷰입니다. 선크림 바르는걸 안 좋아하는데, 이건 묽은 로션 제형이라서 부드럽고 흡수력도 좋아요...!! 당연 촉촉함까지 완전 최고람니다. 피지오겔은 워낙 유명브랜드라서 믿고 사용할 수 있는 제품인만큼 실망감이 없습니다!! 저처럼 피부에 뭐 묻거나 찝찝한거 싫어하시는 분께 추천드리고싶어요"
자세밴드,어좁이에서 어깡이가 된 남편!!!. 너무 말려있었던 어깨가 펴졌어요 물론 운동도 했지만 효과 톡톡 !
선크림,여러해 전 지인께 선물받아 사용하기 시작했어요 365일 데일리로 사용중이고 이제품 사용 후 다른제품은 쓰지않습니다 기초화장품 바른 후 마무리단계에 바르고 나면 톤업도 되고 적당히 커버도 된답니다 늘 쟁여두고 쓰는 제품이네요
자세밴드,요즘은 컴퓨터 앞에서 시간을 보낼때 자세 교정 밴드 덕분에 어깨와 등이 훨씬 편해졌어요 의자에 앉았을때 자세가 잘 잡혀서 그런지 허리도 안 아픈것 같아요 가성비도 좋아서 만족합니다
자세밴드,키 183 몸무게 78 4XL 추천 어깨가 확 펴지는 느낌이고 착용방법도 간편합니다 잘 사용해 볼께요~~
자세밴드,의자에 앉아 컴퓨터를 쓰는 업무를 주로 하다보니까 엉덩이도 아프고 허리에 부담이 강하기에 구매했어요. 올바른 자세를 유지하다가 무의식적으로 잘못된 자세로 틀어지는 경우 조여오는 느낌을 바로 알 수 있기에 자세를 바로 잡아주니까 아주 좋았습니다.
선크림,번들거리지않고 살짝 커버되는 느낌 자연스러운 피부색이 연출됩니다 넘 만족스러워요 계속 이것만 쓸거같아요
자세밴드,어깨와 등은 조금 잡아주는거 같으나 허리는 전혀 잡아지진않네요
자세밴드,라운드 숄더가 고민이라 밴드종류 알아보다가 이걸로 구입했는데 너무너무 만족하면서 잘 쓰고 있습니다~~ 고정력도 좋고 지지력도 좋은데 착용감이 불편하지 않아서 쓸수록 좋은것같아요!^^
선크림,은은하게 향이 나긴하는데 나쁘지 않은 향인데 딱히 무슨향인지 모르겠어요 로션질감이고 잘 흡수되고 뽀송한 느낌이에요
자세밴드,제 어깨가 한쪽으로 치우쳐서 항상 어깨 허리가 아팠거든요ㅜ 자세교정밴드 알게 되서 바로 구매 해봤어요 착용방법이 간단해서 쉽게 착용 할 수 있었고 허리까지 펴지는 힘이 들어가서 그런지 제 자세가 얼마나 안 좋았는지 다시 한번 느꼈네요 .. 자세 교정밴드 꽤 좋네요 그리고 앉아서 오랫동안 일할 때 평소보다 자세를 신경 쓸 수 있어 좋았어요 굿!
선크림,"4월이 되니 햇살이 따갑게 느껴지네요. 기존 바르던 썬크림이 바닥을 보이고 있었는데 마침 골든박스에서 착한 가격으로 판매하길래 얼릉 구입했어요. 이자녹스는 예전에 기초라인으로 사용해 본적이 있어서 고민없이 바로 주문!!!!! 오랫만에 만나보는 이자녹스~~~~ 새벽배송으로 잘 도착했고 덕분에 아침에 바르고 외출했습니다.^^ 부드러운 크림처럼 발림성은 나쁘지 않았고 톡톡 가볍게 두드리며 바르니 잘 스며 듭니다. 끈적함 전혀 없고 무거운 느낌도 전혀 없어요. 자연스럽게 피부톤도 화사해 집니다. 좀더 피부톤 업 되는걸 원하신다면 썬크림 바르고 위에 다른 색조 화장품으로 커버를 해야 될것 같아요. 저는 평상시 메이크업을 연하게 하는 편이라 썬크림 바른후 파우더로 마무리 했어요. 향은 연하고 오래 가지는 않아서 화장품 향기에 예민하신 분이 사용하셔도 문제 없을듯 합니다. 이자녹스 썬크림은,,,, 자외선 차단은 물론 물과 땀에 강하고 피부 진정과 보호 성분이 있어 피부 관리도 됩니다. 썬크림이지만 텁텁하지도 않고 급하게 나갈때 이거 하나로 피부톤을 편리하게 정리할수 있어서 좋아요. 오전에 바르고 저녁쯤 되니 피부가 조금 건조해지는걸 느낍니다. 썬크림 바르기 전 기초라인을 충분히 바른후 사용해야 될것 같아요. 그 외엔 저녁까지 피부톤 유지 잘 되고 지저분해 지지는 않는것 같아 만족합니다.^^"
선크림,늘 사용하는 제품이라 아직 사용량 있는데 미리 쟁여 뒀네요 추천해요 아주 ~
자세밴드,"몸에 잘 맞는 형태이구요 정확히 잘착용하면 어깨, 허리가 쭉 펴지는 느낌은 있어요 다만 장시간 착용시 목쪽 겨드랑이쪽 쓸리는 느낌있구요(안에 티 착용한 상태, 살에 닿지 않은 상태) 그럼에도 성능은 괜찮은거 같아요. 가성비 최고. 보통체형에 좋구요 배가 좀 나오신 편이라면 어깨 펴질정도로 텐션 주셨을때 호흡이 조금 불편하실수 있어요(배꼽위 명치부근이 허리 밴딩이구요. 어깨 펴질정도 텐션 아니면 아무런 효과를 주지 못해요) 참고하세요. 참고로 일반 티 L입으신다면 2xl주문 하셔야해요 그밑으론 작을듯"
선크림,우리 가족 쓱쓱 바름니다^^ 2개사서 부모님도 쓱쓱 너무 가볃고 편하다고 하세요. 근데 어머니는 아주 가볍워서 자외선차단이 안되는 느낌이라고ㅋ 하지만 그렇지않은거 아시줘~ 너무 가볍워서 그런것같아요^^
자세밴드,"컴퓨터 오래 하다 보면 어깨랑 등이 굽어서 거북목이 심해졌는데, 이 교정밴드 착용하고 나서 확실히 자세 의식이 되더라고요. 남성 체형에 맞게 어깨랑 등 라인을 잘 잡아줘서 부담 없이 딱 맞고, 압박도 과하지 않아서 오래 착용해도 불편함 없어요. 티 안 나게 옷 안에 입을 수 있는 디자인이라 데일리로 착용 중입니다. 하루에 몇 시간씩만 써도 등이 펴지는 느낌이 들어서 만족감 높아요! 자세 교정 시작하려는 분들께 강력 추천합니다. 탄탄하고 야무진 제품이에요"
선크림,쿠팡체험단 이벤트로 상품을 무료 제공받아 작성한 리뷰입니다. 피부가 민감한 아빠를 위해서 선크림을 찾다가 피지오겔 데일리 모이스쳐 UV 패밀리 썬로션을 받았어요 피지오겔은 순하기로 유명해서 수분크림을 쓰고 계신터라 믿고 사용하수 있었어요 여름이 다가오기때문에 자외선으로부터 피부를 보호해주기위해 선크림을 매년 구매해서 드리지만 끈적임이나 백탁현상이 있으면 싫어하셔서 항상 실패했어요 이번엔 썬로션으로 제형이 묽고 로션같아서 끈적임이 없고 바로 흡수가 되어서 만족하셨어요 사용전 흔들어쓰는 워터타입으로 얼굴과 몸 모두 사용할수 있어요 피부를 촉촉하고 부드럽게 커어까지 해주는 썬로션이라 좋아요
자세밴드,"직접 사용해보니 정말 만족스러웠어요. 처음 착용할 때는 조금 어색했지만, 금방 익숙해지더라고요. 어깨를 자연스럽게 펴주니 자세가 바로 잡히는 느낌이었어요. 특히 장시간 앉아 있을 때 어깨와 등이 아프지 않아서 정말 편했어요. 또 디자인도 깔끔하고 착용하기 쉬워서 일상생활에서 전혀 불편함이 없었어요. 정말 대만족입니다!"
자세밴드,운동할 때 쓰려고 구입했습니다 어깨를 펴줄정도로 당기면 겨드랑이쪽 통증이 있어서 적당히 조여주는 스킬이 필요합니다 공기도 잘 통해서 여름에도 잘 쓸 것 같아요
선크림,쿠팡체험단 이벤트로 상품을 무료 제공받아 작성한 리뷰입니다. 저는 썬크림을 물놀이 갈때나 바르지 거의 잘 사용하지않았어요!! 40대가 되다보니 피부관리좀 해야할듯해 마침 체험단에도있고 선택했어요 썬크림이 아닌 썬로션 이라길래 무슨차이가있으려나 했는데 손듯에 테스트로 짜보았습니다 로션보다 묽어요 토너와 로션 사이? 발림성은 짱입니다 일단 백탁현상이라하는 하얗게올라오는게 전혀없어요 진짜 로션 바르듯 싸악 스며드는데 옆에서 지켜보던 남편이 신기해합니다 ㅋㅋㅋ 투명하게 발라지니 썬크림 맞냐고ㅋㅋ 썬로션이라 그렇다고 설명하니 이정도면 자기도 바를만하겠다고 ㅋㅋ 바르고 나서는 바른 표면이 거칠거칠하긴하네요 ㅋ 이정도는 이해할수있을듯해요!! 욘량도 작은게아니라서 맘에드네요!!! 선택 잘한듯해요!!
자세밴드,생각이 없는건지 성인이 사용할 수 없을정도
선크림,쓰다 가족주거나 버린 선크림 셀수가없다 라섹해서그런가 항상 시간지나면 눈이시려서 안시리다는거사봐도시렸다 속는셈치고 사서 발라본뒤 눈시림을 기다려봤는데 눈시림이없는거? 발림성도좋고 그냥 로션바르는거처럼 흡수됨 당기는것도없는듯 몇일더 발라보겠다
선크림,"쿠팡체험단 이벤트로 상품을 무료 제공받아 작성한 리뷰입니다. 피지오겔 데일리 모이스처 UV 패밀리 썬 로션 SPF50+ PA+++ 피지오겔 로션은 오래전부터 사용하고 있었는데, 이번에는 좋은 기회로 썬 로션을 체험할 수 있어서 사용해 보고 리뷰 남깁니다. •믿고 쓰는 피지오겔의 온 가족 순둥 선크림 •시시각각 자외선에 노출되고 자극받는 내 피부 point 1 바르는 순간 촉촉 수분 폭탄 온 가족용 수분보충 선케어 point 2 자외선차단 주름개선 미백까지 무려 3종 기능 케어 point3 피부의 건강함 힘을 길러 주는 바이오미믹&UV프로텍션 point4 백탁 없이 촉촉하고 부드럽게 UV밀착보호 텍스처 이런 분들께 추천드려요. -온 가족이 함께 쓰는 촉촉한 수분감의 선케어를 원 하시는 분 -장시간 햇빛에 노출되면 피부가 건조해지는 분 -온몸에 펴 바르기 쉬운 산뜻한 수분로션 타입의 선제품을 찾으시는 분 -자외선 차단은 물론 미백 주름개선까지 3중 기능성 케어를 원하시는 분 -답답하거나 무겁지 않고 백탁 없는 자외선 차단제를 찾으시는 분 <피부 고민에 따라 골라 쓰는 피지오겔 UV CARE>"
선크림,✅그동안 썬크림을 얼굴에만 발라왔는데요. 목과 팔등 노출되는 부위에도 잊지 말고 바르라고 추천들 하시더라구요. 그후 부담없이 슥슥 바르기 좋은 대용량 썬로션으로 구매하고 있는데요. 이번에는 온가족이 사용해도 부담없이 순할것 같고 용량도 100ml라 넉넉한 피지오겔 데일리 썬 로션을 구매해보았어요. ◼브랜드명만으로도 순할것 같은 제품 피지오겔은 여드름 피부에도 사용할수 있는 순한제품으로 기억하고 있어서 사용하기 전부터 왠지 순할것만 같은데요. 실제 사용감도 자외선 차단력이 우수한 제품으로 촉촉한 수분감이 가득한 제품입니다. 자외선 차단은 물론 주름개선과 미백기능까지 있구요. 백탁없이 가벼운 제품으로 피부자극없이 순해요. 잊지 말고 흔들어서 사용하시구요. 향은 예상보다 강한편입니다. ◼흐르는 제형으로 바르기 편해요. 얼굴외에도 바를 제품이라 꾸덕한 크림제형보다는 로션제형을 편한데요. 흐르는 수분로션타입이라 발림성이 좋아서 얼굴뿐 아니라 목과 팔에 바르기에 적당해요. 기분좋아지는 노란색 뚜껑의 세련된 용기디자인이 돋보이는데요. 양조절하기 쉬운 좁은 튜브형에 뚜껑은 돌리는 타입입니다. ✅온가족이 사용하기에 넉넉한 용량에 차단기능이 우수하며 순하고 발림성이 좋은 제품이라 만족하면서 잘 사용하고 있어요. 구매하시려는 분들께도 적극 추천드립니다.(❁´◡`❁)
자세밴드,운동하는데 어깨가 말렸다는 지적을 많이 들으니깐 동작을 할때마다 자구 신경이 쓰이는데 제가 고의로 말려고 하는게 아닌데 어느순간 구부정하게 있었나보더라구요 그러던 찰나에 이 제품이 보이길래 한번 구입해서 집에 청소하거나 집 안에서 시간 보낼때 착용해보니 어깨가 구부정 해질려고 해도 뒤에서 꽉 어깨릉 잡아주니 말려들어갈수가 없네요 집에서 소소한 시간 착용으로 어깨 굽었다 말렸다는 지적을 이제 안들었으면 좋겠어요 제품은 단닺흐데 조여주고 재질도 좋고 마음에 듭니다
선크림,"쿠팡체험단 이벤트로 상품을 무료 제공받아 작성한 리뷰입니다. 원래 쓰고 있던 선크림이 백탁현상과 밀림이 너무 심해서 선크림 유목민이었어욥 ㅜㅜ 백탁현상없고 위에 화장 했을 때 뜨지 않는 제품을 찾고 있었습니다! 요 제품은 워터리한 제형으로 일단 흡수가 너무너무 좋더라구요! 건조하지도 않고 촉촉해서 밀림도 없어요 백탁현상도 없어 남자도 사용하기 좋고 끈적거림이 없어서 뭘 바른 느낌이 싫으신 남자분들도 잘 사용할 수 있을 것 같아 가족들 다 같이 써봤는데 모두 만족했어욥 ㅎㅎ 거기에 미백,주름개선까지 되서 자외선차단까지하면 무려 3중기능이라고 해요! 기능도 마음에 들고 사용감도 무겁지 않아 넘 좋네요 온가족 데일리로 딱이예요"
자세밴드,허리디스크로 오랜기간 힘들었어요 병원다니며 주사맞고 약먹고~ㅜㅜ 집에서 일상생활 할때 힘들었거든요 구입해서 착용하고 설거지랑 청소하면서 허리에 도움이 되네요 ㅎㅎ 감사합니다
선크림,썬크림을 안쓰는게 뭔가 두꺼운걸 얼굴에 바르는 느낌이 싫어서인데 로션처럼 가볍게 발려서 좋네요
자세밴드,"허리디스크 수술이후 거북목까지 와서 매번 고생중이였고 힘안들이고 자세 유지할수있는 방법이 필요했어요. 허리지지하면서 자연스럽게 거북목 완화에 도움되는 자세교정밴드나 허리보호대 찾고있었다가 딱맞는 제품 찾았네요. 가성비가좋아서 산건데, 신경 안 써도 허리가 서 있는 느낌 단단하게 조이는 느낌이 아니라, 어깨와 견갑을 살짝 뒤로 잡아주며 등허리 라인을 자연스럽게 세워줘서 불편하지않게 자세를 잡아주네요, 하루 종일 앉아 있는 시간에도 허리와 목의 묵직한 통증이 확실히 줄었습니다:) 착용감 편안하고, 옷안에 입어도 불편함이없어서 착용하고 일상생활 가능합니다. 가을이라서 옷안쪽에입고 위에 아우터착용해도 티안나서 넘 좋아요ㅋㅋ 스트랩 길이 조절만 맞춰두면 움직임 제약도 크지 않고, 장시간 착용해도 어깨 압박이 과하지 않구요. 착용전에 설명서 한번보면 헷갈리지않을것같아요 good 암튼 착용하고 한달 후에 괜찮으면 허리보호대까지 질러보려고합니다 ~ 감사합니당!"
자세밴드,⭕️동기⭕️ 오랜 시간 앉아서 일하다 보니 어깨가 자꾸 말리고 등이 굽는 느낌이 심해져서 일할때 몸이 많이 뻐근하더라구요ㅠㅠ 스스로 신경 쓰는 데 한계가 있어서 보조해줄 수 있는 제품을 찾다가 남녀 모두 착용가능한 교정기로 골랐어요! ✔️장점1️⃣ 신축성이 좋아 체형에 맞게 쉽게 조절할 수 있고 남녀공용이라 사이즈만 맞으면 같이 쓸 수 있어요! ✔️장점2️⃣ 착용했을 때 불편하지않고 어깨가 쫙 펴져서 시원해요!! 장시간 사용해도 불편감이 적고 어깨가 펴지면서 자세가 교정돼요 ✔️장점3️⃣ 얇고 깔끔하고 심플한 디자인이어서 다른사람들 눈에 별로 띄지않고 착용하고 있을 수 있어요! ⭕️총평⭕️ 자세가 쉽게 무너지고 바른자세를 유지하기 힘든 저한텐 완전 잘산템같아요‼️ 꾸준히 착용하면 자세를 유지하는데 도움이 되고 자세교정에 많은 힘을 안들이고 생활할 수 있어서 완전 만족스럽슴다
자세밴드,"항상 휴대폰본다고 숙여서 보고 자세가 안좋아서 그런지 늘 목이 뻐근하고 어깨가 아파서 바른자세교정하는걸 구매해봤어요 사용방법도 간단하고 양쪽팔을 넣으니 고탄성밴드덕분에 어깨가 쫙쫙 펴지네요 복부밸트까지 해주니 나도모르게 쫘악 펴져요! 잘못된 자세를 할려고해도 이게 딱 잡아주니 할수가없네요ㅎㅎ 자세교정밴드가 에어매쉬소재라. 시원하고 편안하더라구요 예전에 한번 비슷한제품 샀는데 그때는 허리부분에 와이드지지대가 없어 흐물흐물하고 꽉 잡아주는게 없어 아쉬웠고 몇번안쓰고 구석탱이에 넣어뒀는데 이제품은 허리부분에 와이드 지지대까지있어 잘 잡아주네요 이 자세교정밴드사고 난 뒤에는 집에있을때 끼고있는데 확실히 구부정거리는 자세를 잡아줘서 꾸준히하면 교정밴드없이도 스스로 잘 펴고 있을것같아요 또, 남녀공용이라 집에서 가족들과 다 함께 쓸 수있는게 좋네요 앞으로 꾸준히 쓰면서 바른자세 잡아보도록 해야겠어요"
선크림,"쿠팡체험단 이벤트로 상품을 무료 제공받아 작성한 리뷰입니다. 피지오겔 데일리 모이스쳐 UV 패밀리 썬 로션 사용후기입니다~ 배송일자:2025.03.21일 사용기한:2027.02.04일 소비기한 2년정도로 넉넉합니다~ --------------------------------------------- 피지오겔 데일리 100ml대용량 가성비 페이스&바디 선크림이네요.! 선크림은 365일 필수템이라 좋은기회로 사용해볼 수 있어서 너무 좋습니다. 한여름에는 강한 자회선으로 몸에도 기미가 생길 수 있어서 얼굴과 몸에 더 신경써서 발라줘야 하는데 대용량으로 몸과 바디에 함께사용하기 너무 좋아요. 워터타입으로 수분감이 촉촉하게 느껴지면서 로션처럼 부드럽게 발려요.! 바디는 바르는 부위가 넓기 때문에 발림성좋은 로션타입이 더 편한것같아요. 케이스 입구도 좁아서 한번에 푹나오는게 아니라 더 고르게 분포할 수 있어서 편해요. 안에 구슬같은게 있어서 잘 흔들어서 사용해 주셔야해요.! 묽은편이라 너무 누르지말고 쓰시면 좋을것같아요. 자외선 차단지수도 SPF50 PA+++ 로 높아서 야외활동에서 너무 좋을것같아요. 피지오겔 패밀리 선로션은 이름처럼 온가족이 사용할 수 있어서 어린 자녀들도 함께 사용할 수 있어요. 자외선 차단과 함께 주름개선,미백까지 3중 기능성 케어로 푸석해진 피부게 촉촉하게 윤기를 주어 건강하게 선케어를 할 수 있습니다.~ 발랐을때 피부게 윤기가 돌면서 답답하거나 무겁지않고 피부가 환해보였고 백탁은 없어서 좋았습니다. 온가족 패밀리 선크림 찾으신다면 피지오겔 추천드려요~"
선크림,로켓배송으로 빠르게 도착했어요^^ 자외선에 노출되어있는 직업을 가지고 있다보니 선크림을 오전 오후에 항상 발라줘야해서 구매하게되었어요~! 발림성도 좋고 자외석 막아주는 성능도 너무 만족하네요~ 선크림을 바르면 피부보호가 되는거같고 얼굴이 하얀색으로 발라지지않아 더욱 만족하네요! SPF50+ PA++++ 의 보호차단력이라 자외선 차단을 톡톡히 해주니 마음에 들어요ㅎㅎ 사용 다할때쯤에 재구매 의사 있어요! 너무 추천합니다^^
선크림,안심하고 있다 뒤늦게 선크림을 중요성을 알고는 열심히 바르고있습니다 그냥 좋다고 하는거 사서 발랐더니 왠걸요.. 좀 예민한 피부이긴했지만.. 눈도 따갑고 백탁현상에 안그래도 지성인데 더 심해져서 정말 싫더라구요 그래서 한동안 안바르다 시슨드시 선크림을 알고는 정착했습니다!! 우선 눈이 안따갑고 바른듯 안바른듯해서 너무 좋아요~~ 백탁현상 역시 없구요 성분이 좋아서 아들래미도 같이 바를수있어서 너무좋아요 선크림 고민하시는분들 꼭 써보세요!! 강추합니다
선크림,LG제품은 믿고 쓰는거라 질은 괜찮다고 생각해요 다만 재고 상품인지 박스가 더럽고 눌려 주둥이도 열려있고 정말 성의 없이 상품을 보내셔서 택배 비닐을 뜯고 놀랬어요
자세밴드,바른자세 하려고 신경을 많이 쓰는데도 나중에 보면 구부정하더라구요 거북목이랑 어깨도 너무 아파서 자세교정밴드로 도움을 받아보려고 주문했는데 정말 잘 한것 같아요 처음엔 어색해서 불편했지만 어깨랑 등이 펴지다보니 시원하면서 바른 자세를 계속 유지 할수 있어서 너무 좋아요 꾸준히 착용하려구요^^
자세밴드,아버지가 매우 만족해 하셨어요 어깨 피는용은 여성용이 많아서 별로라고 하셨는데 이건 사이즈도 잘맞고 편하게착용가능하다고 하시면서 만족해하십니다
선크림,"[피지오겔 데일리 모이스쳐 UV 패밀리 썬 로션 SPF50+ PA+++] 100ml인데 크기가 제 갤럭시울트라보다 조금 작네요. (오히려 좋아요!) 가방에 넣어가지고 다니면서 틈틈히 발라주기 좋을 것 같아요 썬로션이라 그런지 제형은 묽은 로션제형로션으로 궁중비책 썬로션 써보신분은 좀 비슷한 느낌이라고 보시면되요. 피지오겔 데일리 모이스처 테라피 UV 썬로션 100ml는 유기자차 성분이네요 ​유기자차:자외선을 흡수해서 열 에너지로 방출해줍니다. (피부에 자극 줄 수 있으나, 발림성 좋고 백탁현상 없음.) 무기자차:물리적인 자외선차단제로 방어벽을 만들어준다고 생각하시면 됩니다. (백탁현상 있을 수 있으나, 피부에 자극은 유기자차보다 적다.) ​그동안 무기자차만 사용했었는데 이제 아들도 크기도 컸고, 아들이 바르기 쉽도록 발림성 좋은 유기자차를 선택했어요. 사실 저희 아들은 어렸을때 무기자차도 눈시렵다고 난리였는데 크고나니 그런것도 없어졌어요! 저는 사용하는 선크림,선스틱,선로션이 여러가지 있어서 바다갈때, 회사갈때, 집앞갈때 다르게 사용하는편인데 내돈내산으로 지금 리뷰하고 있는 피지오겔 선로션은 데일리 선로션으로 순하고 괜찮은 것 같아요, 유기자차의 눈시림에 취약하신분만 아니라면 강추드립니다. 앗!! 꼭 5번 이상 흔들어서 사용하세요! 혼합물이 섞여야 효과적으로 사용할 수 있습니다.!"
자세밴드,평소에 앉아있는 시간이 길어서 그런지 점점 어깨랑 등이 굽어지더라구요 .. 자세교정밴드 하면 좋다고 해서 구입했는데 이거 쓰니깐 확실히 자세를 잘 잡아줘서 바른자세 하기 편하고 좋아요~
선크림,이자녹스만 지금껏 쓰고 있어요 좋은것 같아요^^
자세밴드,"-생각보다 훨씬 가벼움&퀄리티 좋은 소재 자세 교정 밴드는 왠지 딱딱하고 불편할 것 같았는데, 막상 착용해보니 너무 가벼워서 놀랐어요. 얇고 메쉬소재라 오래 착용해도 답답하지 않구 마감도 좋네요. 밴드, 벨트 같은것도 고탄성에 와이드한 너비라 지지도 충분히 해주고 교정이 확실히 되는 느낌! - 장시간 착용가능한 편안함 하루 종일 컴퓨터 앞에 앉아 있는 시간이 많다 보니, 의식적으로 피지 않으면 허리랑 어깨가 계속 구부려져 자꾸 결리고 뻐근했어요. 오래 착용해도 안불편해야하는데 이건 몇 시간 착용해도 압박감이 거의 없어서 중간에 벗어야 겠다는 생각도 안들더라구요ㅋㅋ 오히려 착용하고 있을때 자세가 더 편해져서 안 하면 허전하달까..! 어깨와 가슴을 쫙 펴줘서 그런가 피곤함도 덜해요. - 자연스러운 교정력 자세교정밴드 좀 썼다고 자세가 바로 바뀌겠나 싶었는데 착용하고 나면 저도 모르게 어깨를 쭉 펴고 있더라구요ㅋㅋㅋ 책상에서 업무볼때는 무조건이고 집에서도 쓰고있어요. 교정이 한번에 드라마틱하게 되는건 무리라고 생각해서 그런것보다는 이렇게 조금씩 바뀌는게 딱 좋은듯요. [총평] 가볍게 시작했지만 확실한 자세교정 효과 딱딱하고 거창한 교정 장비가 아니라, 일상 속에서 자연스럽게 자세를 신경 쓰게 도와주는 게 좋았어요. 착용감이 편하니까 억지로 하지 않아도 꾸준히 쓰게 되고 그게 습관으로 이어지니까 어느 순간 자세가 조금씩 바뀌는게 느껴지더라구요. 자세가 바뀌니 아픈 것도 줄어들고..!정말 고마운템입니다."
선크림,타임특가로 구매해서 잘샀는데 더살걸 그랬어요 ㅎㅎ
선크림,"★. 27년차 주부의 내돈 내산 솔직한 리뷰 ★. 제품명 : 이자녹스 UV 선 프로 365 데일리 커버 SPF 50+ PA+++, 70ml, 1개 ★. 제품 특징 및 사용 - 자연스러운 톤업 효과, 가볍게 사용하기 좋은 선크림 피부 관리는 젊을 때부터 신경 써야 한다는 말을 이제야 실감하고 있어요. 평소 화장을 거의 하지 않는 편이지만, 나이가 들면서 선크림의 중요성을 깨닫고 꾸준히 사용하려 노력 중인데요. 이 제품은 일반 선크림보다 약간 톤업 효과가 있는 제품으로, 자연스럽게 피부 톤을 보정해 주는 점이 가장 마음에 들어요. 일부 톤업 선크림은 마치 파운데이션을 바른 것처럼 두껍게 발리거나, 부자연스럽게 피부를 하얗게 만들기도 하는데, 이 제품은 안 그러네요. 자연스럽게 발리기 때문에 잡티나 주근깨를 가려주는 건 아니지만, 피부에 화사한 생기를 더해줘서 데일리로 사용하기 좋아요. 크림 제형이라 부드럽게 발리며, 딱히 향이 난다거나 하지는 않구요. SPF50+/PA+++의 자외선 차단 기능까지 갖추고 있어 올 여름 잘 사용할 수 있을 것 같아요. 그리고 처음에는 촉촉한 느낌이 있지만, 시간이 지나면서 건조해지는 부분은 어쩔 수 없나봐요. 선크림을 바르기 전 단계 기초제품을 좀 충분히 바르면 해결이 되는 거 같기는 해요. 물론 평소에 피부관리에 신경을 좀 쓰구요. 부드럽고 자연스럽게 발리기 때문에 다 쓰고 나면 재구입할 의향도 있답니다. ★ 제 글이 쇼핑에 도움이 되었으면 합니다~~!!"
자세밴드,앉아서 작업하는 시간이 많다 보니 자세가 점점 구부정해지더라구요ㅜㅜ 그래서 이걸로 한번 교정해보려고 구매했어요 처음엔 어깨에 좀 조이는 느낌이 있었는데 몇 번 착용하니까 금방 익숙해졌어요 너무 세게 조이지 않아도 등이 자연스럽게 펴지는 느낌이 나요 밴드도 탄력감이 좋아서 움직일 때 불편하지 않았구요 그리고 허리밸트를 많이 조이지 않아도 어깨밸트 조절할 수 있는게 너무 좋았어요 하루 종일 착용하는 건 살짝 답답할 수 있지만 잠깐씩이라도 하면 확실히 자세가 달라져요 요즘은 컴퓨터 앞에 앉을 때 무의식적으로 어깨를 펴게 돼서 꽤 도움이 되고 있어요
자세밴드,~~구매후기~~ 1.배송: 로켓배송으로 주문해서 배송은 하루만에 왔어요.배송상태는 양호했지만 포장 퀄리티는 가격에 비해 조금 저렴하지않나 느꼈습니다. 2.제품상태: 어깨끈을 교차해서 연결하는 부분이 마감처리가 굉장히 지저분하고 너무 약해보였고 아니나다를까 어깨끈을 넣을때 점차 뜯어지다가 착용하여 끈을 당길때 터저버렸습니다. 동봉되어있던 설명서도 영어로 되어있고 내용도 부실했습니다. 3.착용감: 고2학생 160/60 정도이며 상체가 많이 작습니다. 하루에 4시간 정도 착용했습니다. m사이즈를 입었을때 당겨서 입으면 배부분은 조금 남았고 어깨끈은 많이 남았습니다. 체구는 작지만 배쪽이 조금 나오신 분들은 조금 크게 주문하시는게 좋을 것 같습니다. 겨드랑이 사이에 어깨끈이 있는 형태여서 겨드랑이가 아플 수 밖에 없다는 점 알고 계셔야 할 것 같습니다. 4.총평: 당장 필요해서 검색해보지 않고 쿠팡추천으로 바로 샀는데 조금 더 알아보고 구매할 걸 조금 후회도 되지만 어깨쪽에 조금만 덧대어서 사용할려고 합니다.가격에 비해서 마감이나 퀄리티가 아쉬웠고 착용감도 어깨쪽을 조금 더 두껍게해서 착용감을 더 좋게 했으면 어떨까 싶습니다. 벨크로도 끈에 조금 더 길게 부착해서 끈이 더 안정적으로 부착될 수 있게 개선됬으면 좋겠습니다. 설명서도 한국어버전으로 바꾸고 몇시간 동안 착용해야되는지 착용 방법도 조금 더 자세하게 설명되어 있었으면 좋겠습니다.
자세밴드,굽은 등 어깨 척추 교정에 좋은 자세교정밴드에요 재질이 가벼우면서도 폭신해서 착용감이 편하고 좋습니다 지지대는 튼튼하게 고정 잘되서 자세교정에 도움이 많이 되구요 오래 착용해도 불편하지 않고 어깨부분 살쓸림이 없어서 마음에 들어요!
자세밴드,❤️자연스럽게 허리와 어깨가 펴져서 자세 교정 효과 확실함 ❤️의식하지 않아도 오래 바른 자세 유지 가능 ❤️사이즈 여유있게 사면 남녀 모두 편하게 착용 가능 ✨구매이유 남편이랑 저 둘 다 컴퓨터 앞에 앉아 있는 시간이 많아요 자연스럽게 목이 앞으로 나가고 어깨가 말리니까 목이랑 어깨가 늘 뻐근하고 아프더라고요 허리에 힘을 줘서 꼿꼿하게 앉아보려고 해도 금방 자세가 풀리고 오래 유지하기 어렵다 보니 자세 교정 밴드를 한 번 써보고 싶어서 구매했어요 ✨사용후기 착용하는 순간부터 허리랑 어깨가 자연스럽게 펴지는 느낌? 신경 안 써도 잡아주는 힘이 있어서 오래 바른 자세를 유지할 수 있어요 처음에는 배에 밴드를 감는 위치가 조금 애매했는데 명치 바로 위로 하면 답답하고 숨 막히니까 명치보다 살짝 아래로 착용하니까 편하게 쓸 수 있었어요 사이즈도 넉넉하게 사서 남편이랑 같이 번갈아 써도 괜찮고 착용하고 한두 시간 컴퓨터 작업해도 어깨랑 목이 한결 편해졌어요 확실히 자세가 잡히니까 신기하고 뿌듯하더라고요 ✨총평 오랫동안 컴퓨터 하는 사람들한테 추천할 만한 자세 교정템이에요 착용만으로 허리랑 어깨가 펴지고 의식하지 않아도 바른 자세를 유지할 수 있는 게 최고예요 처음엔 착용 위치만 잘 잡으면 오래 쓰기에도 불편함 없어요 남편이랑 저 둘 다 만족해서 앞으로도 계속 사용할 예정이에요
선크림,흡수력 좋고 바르고 나면 촉촉한느낌이 좋았고 번들거림 끈적임 1도없이 산뜻하였고 더 놀랐던건 바른후 느낌이였습니다 제피부가 민감해서 후기가 좋은 남들은 자극없다는 선크림에도 피부 따가움과 눈시림 있었는데 이건 자극 눈시림 전혀 없이 피부가 편안했습니다 인생최고의 선크림 입니다 앞으로 쭈욱~~이걸로 쓸겁니다 단종없이 계속 시판되어야 할 제품입니다 감사합니다
자세밴드,"평소 자세가 좋지 않아 어깨와 등이 자주 뻐근했는데, 이 제품을 사용한 후 확실히 자세가 신경 쓰이고 교정되는 느낌이 있습니다. 처음에는 약간 불편했지만 몇 번 착용하니 익숙해졌고, 착용 후 어깨가 자연스럽게 펴지는 게 느껴집니다. 소재도 생각보다 부드럽고 튼튼해서 피부에 자극도 없었어요. 특히 2XL 사이즈가 딱 맞아서 편하게 착용할 수 있었고, 운동할 때나 집에서 작업할 때도 부담 없이 사용할 수 있어 좋았습니다. 판매자 응대도 빠르고 배송도 빨라서 만족합니다. 같은 고민을 가진 분들께 추천드리고 싶습니다. 꾸준히 착용하면 더 좋은 효과가 있을 것 같아요. 좋은 제품 감사합니다!"
선크림,"지난 여름, 저희 가족은 피지오겔 데일리 모이스쳐 테라피 UV 패밀리 썬 로션을 사용해 보았습니다. 우리 가족은 피부 타입이 다양하고, 특히 저와 제 아이는 예민한 피부를 가지고 있어서 선크림 선택에 항상 신중을 기해왔습니다. 피지오겔이라는 브랜드를 믿고 선택한 이 제품은 그 기대를 저버리지 않았어요. 첫째로, 이 선크림은 매우 순합니다. 사용 후에도 피부가 답답하거나 건조해지지 않았고, 무엇보다도 저희 가족 중 누구도 피부 자극이나 알레르기 반응을 보이지 않았습니다. 특히 제 아이의 예민한 피부에도 무리 없이 사용할 수 있어서 더욱 만족스러웠습니다. 둘째로, 이 제품은 보습력이 뛰어납니다. 선크림을 바르고 나면 피부가 보다 촉촉해지는 느낌이 들며, 일반적인 선크림에서는 느낄 수 없는 피부의 유연함을 경험할 수 있었습니다. 바다나 수영장에서의 장시간 활동 후에도 피부가 건조해지는 것을 크게 느끼지 못했어요. 셋째로, 이 제품은 경제적입니다. 패밀리 사이즈로 출시되어 가족 모두가 여름 내내 충분히 사용할 수 있었고, 적은 양으로도 넓은 부위에 충분히 펴 바를 수 있어서 경제적이었습니다. 마지막으로, UV 보호 기능도 매우 만족스러웠습니다. 강한 여름 햇살 속에서도 피부가 타는 일 없이 잘 보호받을 수 있었습니다. 특히, 야외에서의 활동이 많은 가족에게 이 선크림은 필수품이 되었어요. 결론적으로, 피지오겔 데일리 모이스쳐 테라피 UV 패밀리 썬 로션은 예민한 피부를 가진 우리 가족에게 아주 잘 맞았고, 여름 내내 우리를 효과적으로 보호해 주었습니다. 보습과 UV 보호 두 가지 측면 모두에서 우수한 성능을 보여준 이 제품을 다른 가족들에게도 자신 있게 추천할 수 있습니다."
선크림,시슨드시는 클린징폼을 사용하는데 매우 만족해서 썬크림을 찾아봤습니다 후기가좋아 결정하는데 도움됐고요 글쓴이는 썬크림를 사용해서 좋았던적이 한번도없었습니다 피부가 뒤집어지고 붉어지고 뭐가생기기도하고 그래서 거의 사용을 못하고 팩트만사용했는데 요아이를 받아 이틀동안 귀뒤랑 팔꿈치안쪽를 발라 테스트했는데 이상없네요~~ 야 호 우선 밀림도없고 하얗게 붕붕뜨는것도 없고 끈적임없이 산뜻하고 촉촉하네요 이게 썬크림이야 로숀이야 바다생물이나 산호들에게 나쁜성분이없다네요 그럼 사람에게는 더더욱 나쁜게없겠죠 썬크림 유목민이 정착할수있을꺼같네요 이제 매일 잊지말고 챙겨바를꺼예요
자세밴드,저쓰고 감동받아 가족들 선물해주고 추천했네요. 이 한마디면 끝. 배조이면서 등받혀줘서 저는 거의 하루종일 착용하고 일상생활해요. 정말 좋아요. 찍찍이라 세탁기 빨지 안기를 추천합니다. 저는 그래서 연결부위에 고리달아서 쓰네요.
자세밴드,pc작업을 오래하다보니 어깨가 자연스레 안쪽으로 굽더라구요. 자세가 안좋으니 한해 두해 지나면서 허리통증도 심해져서 요즘 일할때 착용하고있는데 탄탄하게 잘잡아주기도 하고 장시간 착용해도 크게 답답하지않아 마음에 들어요.
선크림,"남편이 평생 썬크림을 안 바르고 살다가, 최근 피부과 다녀온 뒤 자외선 차단이 얼마나 중요한지 알게 됐다고 주문해달라더라고요. 주변에 물어보니 남자들이 쓰기에 산뜻하고 부담 없는 제품으로 피지오겔을 많이 추천해서 선택했어요. 로션처럼 묽은 제형이라 바르기도 편하고, 끈적임 없이 바로 흡수돼서 남편도 거부감 없이 잘 바르고 있어요. 자외선 차단 지수도 높아서 안심되고, 처음 써본 썬크림인데도 만족도가 높았는지 며칠 전엔 제가 추가로 하나 더 주문했어요. 민감한 피부이거나 썬크림 처음 바르는 분들에게도 부담 없이 추천할 수 있을 것 같아요. 사진은 따로 찍어놓은게 없어서 제품 사진 올려요"
자세밴드,"⭐읽지 않으면 무조건 손해보는 내돈내산 솔직 리뷰⭐ 시간 없으신 분들을 위한 한줄 요약 장단점! 장점 : sns에서 판매하는 제품보다 훨씬 저렴한 가성비 제품 단점 : 생각보다 덥다, 생각보다 겨드랑이? 팔? 부분 패드가 없어서 아프다ㅜㅜ ✔구매이유? 라운드 숄더가 너무 심각해서 자세를 교정해보고자 구매했습니다! ✔별점 ⭐⭐⭐⭐ ✔솔직리뷰 하루 10시간 이상 컴퓨터 앞에 앉아 있으니 몸 컨디션이 점점 좋아지지 않고 마사지샵에서도 라운드 숄더가 너무 심하고 거북목이 너무 심하다고 해서 자세 교정을 해보려고 찾아보다가 sns 광고를 보는데 너무 비싸서 바로 쿠팡으로 찾아봤어요 그러다 후기도 많고 구매도 많이 하고 계셔서 구매했습니다. 우선 처음에 착용하는데 엥? 이거 뭔가 이상한데 내가 살이쪘나? 왜 안맞지? 사이즈를 잘못 샀나? 했는데... 알고보니 착용을 잘못했더라구요ㅎㅎ... 가슴쪽으로 X자를 하는게 아니라 양쪽 어깨쪽으로 11자로 착용해야 하는데... 이런ㅎㅎ 11자로 제대로 착용하고 약 1시간 정도 착용해봤는데 저는 윗배보다 아랫배가 많이 나온 스타일인데 아랫배 때문에 허리?배?쪽 밴드 부분이 돌돌 말려올라가요ㅠㅠ 그리고 어깨쪽에 패드 쿠션이 없어서 오래 하고 있으면 아프더라구요ㅠㅠ 무엇보다 사실 매쉬 소재라서 조금은 시원하지 않을까 기대했지만... 1시간 정도 착용했는데 벗고 나니 땀이 흠뻑 젖어있었어요ㅠㅠ 자세교정은 아직 잘 모르겠어요...! 사용한지 오래되지 않아서 조금 더 사용해봐야 알거 같아요ㅠㅠ! ✔재구매 의사 조금 더 사용해보고 자세교정이 되면 충분히 재구매 할 의사 있습니다! ⭐️도움이돼요⭐️ 덕분에 더 많은 리뷰를 솔직하게 남기고 있어요 도움이 되셨다면 꾸욱 눌러주세요! 항상 감사합니다❤️"
자세밴드,요즘 계속 기대고 눕고해서 자세가 안좋아졌어요 스스로 자세교정이 필요할것같아 구입했는데 너무좋아요 메쉬소재라 답답하지않고 끈조절도 잘되고 잘받쳐주는 견고함까지 맘에 쏙들어요 신랑하고 같이 해야겠어요
선크림,와 이거 진짜 뭐죠? 촉촉한 로션바르는 느낌이예요!~ 진짜 너무 부드럽게 발리고 발랐을때 눈시림도 없고 자극되는것도 없어요! 백탁은 당연히 없었구요!~ 향도 아주 좋고 끈적임도 없어서 화장전에 발라도 들뜸과 밀림없이 너무 만족스러워요! 촉촉해서 로션하나 더 바른느낌이라 이거 진짜 꾸준히 쓸 선크림 찾은느낌이예요!
자세밴드,허리와 어깨 등을 확실하게 조요주는 느낌이 들어요 효과있어요
선크림,"2024. 6. 23 주문 배송완료 6/25(화) 도착 당시 구매가 17890 리뷰작성 2024. 10. 07 (현재가 16110) <한 줄 요약 평> 자극 적음 - 산뜻하고 가볍습니다 백탁 없음 - 얼굴이 하얘지지 않습니다 굉장히 묽은 로션 - 굉장히 묽어서 얼굴에 짜면 주르륵 흘러내립니다 묽어서 발림성 엄청 좋음 - 묽어서 쓱쓱하면 엄청 얇고 가볍게 펴 발려집니다 가볍게 잘 발림, 무겁지 않고 산뜻한 느낌 수분기 많아 그런지 얼굴 반들반들 - 건조함을 잡기 위함인지 반들반들 물광피부 됩니다 (시간이 지나면 괜찮) 시간 지나 손으로 얼굴 비비면 밀림 크기는 형광펜 만해요 ★사용전 충분히 흔들어 주세요 ! - 안 흔들면 투명색 물?이 나옵니다"
자세밴드,컴퓨터 업무가 많다보니 점점 자세가 굽어지고 언제 부터인가 라운드숄더 때문에 구부정해 보이고 옷태도 안나오 목에서도 소리가 자꾸 나더라구요 운동도 다녀보고 했는데 교정이 크게 안되서 찾아보다가 바른자세밴드 구매했는데 배송 빠르게 잘 받았습니다 처음에는 뻐근? 불편한 느낌이 있었는데 조금씩 사용하다보니 금방 익숙해졌구요 얇고 가벼워서 옷 속에 입기 좋더라구요 확실히 밴드가 대신 지탱해주는 ? 느낌이 있고 어깨 등 허리가 쫙 펴져서 시원하네요 잘 산 것 같습니다
선크림,썬크림은 계속 사용해야 하는데 잘 맞지 않아서 자주는 사용못 하고 있어요 출장을 가야해서 급하게 구매해서 사용했는데 화장품에 진심 이라는 문구가 눈에 띠더라구요 사용해보니 눈이 따끔 거리지않고 하얗게 강시처럼 되지도 않고 민감한 피부라 걱정했는데 데일리로 써도 좋을거 같아요 만족합니다
자세밴드,저한테 잘 맞는 사이즈에요 어깨가 좀 많이 굽어있는데 이거 착용하니까 자세잡아주네요 허리 탄탄해지는기분
자세밴드,자세가 고정되고 어깨가 펴지고 좋은거 같아요 매일 꾸준히 착용해야겠어요 조끼처럼 입게 되어있어서 번거로움도 덜해요~ 체형에 맞게 편안하게 조절이 가능해서 좋았습니다 품질도 좋고 만족해요!
자세밴드,자세교정밴드 처음 사봤는데 키162 몸무게 54 뱃살등살이 좀 있는편인데도 혹시몰라 M사이즈샀더니 사이즈가 커서 안맞더라구요 S로 바꿨더니 맞네요 저는 라운드숄더에 거북목까지 코어힘도 이미 너무 약해서 힘을 어느정도 빼도 조일정도로 해서 그럴 수도 있어요 확실히 조이니까 허리피는거에 신경쓰이긴해요 낮밤 1.5시간 하루3시간 정도 하니 좋긴하네요 근데 제가 너무 조여서그런지 익상견갑때문에 어깨가 비대칭일그런지 한쪽 쇄골이 아파서 3일에한번씩 하고있습니다 심하지 않은 분은 처음엔 살살 하세요 여튼 괜찮네요
자세밴드,점점 허리와 목이 뻐근하고 해서 바른자세 해보려고 구매했어요 착용감이 좋구요 몸에맞게 하니까 편하고 자세거 곧아지는거 같아요
자세밴드,웬만하면 리뷰 안쓰는데 이건 ㅋㅋㅋ 진짜 ㅋㅋ
선크림,"이자녹스 UV 선 프로 365 데일리 커버 SPF 50+ PA+++, 70ml, 1개 구매 * 백탁 현상이 심해요 * 다른 것으로 다시 구매 했어요"
자세밴드,하루 2ㅡ3번 30분정도 착용한후 아프던 오른쪽 어깨 안아파요. 감사합니다.
선크림,로션의 느끼보다는 스킨의 느낌이나네요. 짜면 지르르 흘러서 바르기가 약간 불편하네요. 발림성은 좋아요.
자세밴드,"장시간 앉아서 업무를 하다 보니 목과 어깨 통증이 심해져서 교정용으로 구매하게 되었습니다. 제품을 착용해 보니 처음에는 어깨가 살짝 당기는 느낌이 있었지만, 점점 익숙해지면서 자연스럽게 자세가 교정되는 느낌이 드네요! 신기해요 ㅎㅎ 특히 등을 펴는 데 도움이 되서 거북목이나 둥근 어깨가 완화되는 기분이에요 :). 장시간 착용해도 크게 불편하지 않았고, 조절이 가능해서 체형에 맞게 조정할 수 있다는 점도 좋았습니다. 다만, 처음 착용할 때는 적응하는 데 약간의 시간이 필요한거같아용 올바른 자세를 유지하는 데 도움이 되는 제품이라 집이나 사무실에서 꾸준히 사용해 보려고 합니다. 목과 어깨 통증이 있으신 분들께 추천합니다"
자세밴드,요즘 자세가 너무 불량한지 조금만 앉아있어도 허리가 넘 아프더라구요 그래서 자세교정밴드 찾게되었는데 확실히 자세교정에 도움되는것같아 정말 좋아요! 사용법도 엄청 간단하고 배송도 빠르고 가격도 만족스러워서 앞으로 꾸준히 이용하고 싶네요~ 정말 좋은 제품 감사합니다~~
선크림,"구매 동기: 365일 거의 선크림을 발라서 그런지 사고나면 금방 없어지는것 같네요~ 자외선이 점점 더 강해지는 계절이 와서 자외선 차단 효능이 뛰어난 제품을 고르다가 이자녹스 선크림이 맘에 들어서 구매하게 되었어요~ 제품명 : 이자녹스 UV 선 프로 365일 데일리 커버 SPF: 50+/ PA+++ 피부타입 :모든 피부 기능성 화장품 인증: 자외선 차단 기능성 @@@ 장점@@@ 1. 메이크업 없이 간편하게 자연스러운 톤업=> 매일 쓰는 선크림에 메이크업 효과를 더해 자외선 차단과 동시에 피부 톤까지 화사하게 케어 해줘요~ 2. 강력한 자외선 차단력과 물과 땀에 강한 워터프루프=> 물과 땀에 쉽게 지워지지 않고 오래 지속되어 걱정없이 야외 활동을 자유롭게 할 수 있어요~ 3. 자꾸만 바르고 싶은 피부 진정 마일드 포뮬라=>피부 진정과 보호 성분인 프랑스 해송 성분이 함유되었고,매일 매일 부담없이 사용할 수 있어요~ 원래 잡티가 많은 편이라서 선크림을 365일 하루도 쉬지않고 바르는 편입니다. 그래서 구매시 SPF 수치나,PA 수치를 꼼꼼하게 따져 보고 사는 편입니다. 이자녹스 제품은 SPF 수치나,PA 수치 둘다 적합한 상품이라서 구매 하게 되었어요~ 그리고 봄철엔 더욱더 커버력도 좋은 제품을 사용해야 해서 메이크업 효과까지 있어서 좋네요~ 일단 손등에 발라보니 부드럽게 잘 발리고,그렇게 묽지도 않고 적당한 제형이라서 맘에 들고, 커버력도 좋은것 같아요~ #발림성 :좋음 #제형: 적당함 #커버력: 좋음 그리고 중요한 가격까지 착해서 만족입니다. 다음에 재구매 의사 100% 추천합니다~~~"
선크림,묽어서 발림이 부드러워 좋아요 약간 시큼한 향이 있긴 한데 불쾌한정도는 아니에요. 생각보다 가격에 비해 용량이 적어요 눈이 일단 시리지 않고 백탁현상도 없고 그걸로 만족해요
자세밴드,"어깨,등,허리까지 상체의 모든 자세를 교정해주면서 허리부분은 힘있는 지지대로 잘받쳐줘서 장시간 착용해도 효과적인 교정이나오네 활동성에도 좋고 밴딩감의 쪼임성도 좋네요 체격에 맞게 사이즈도 다양해서 pc에 앉았을때가 필수로 사용하고있습니다"
자세밴드,좋은데 찍찍이가 금방 수명이 다했어요
자세밴드,초등학생 딸아이가 요즘 책상에 앉아 있는 시간이 많아지면서 어깨가 점점 말리는 것 같아 걱정이 됐어요 정직한닥터 약국입점 바른 자세 밴드를 착용해보니 처음엔 조금 어색해했지만 며칠 지나니 금방 적응하더라고요 억지로 세게 잡아당기는 느낌이 아니라 자연스럽게 어깨를 펴주는 느낌이라 부담이 적었습니다 옷 안에 착용해도 티가 많이 나지 않아 학교 갈 때도 괜찮았고요 무엇보다 스스로 자세를 의식하게 되는 점이 좋았습니다 꾸준히 사용해보니 등이 덜 굽어 보여 만족하고 있어요
자세밴드,잘 받았습니다 아들 자세가 구부정해서 m사이즈 샀는데 옷 위에 해도 편안하네요 아이들이 쓰기도 좋아요 잘 구입한 것 같아요 자세 고정도 잘 되고요
선크림,시슨드시 제품의 시작은 클린징폼이었고 선크림은 내돈내산이며 재구매입니다 저는 선크림을 사용해서 좋았던 적이 없었어요 피부가 붉어지기도하고 뭐가 생기기도해서 선크림 선택에 고민이 많을때 이제품을 만났죠 시슨드시 선크림을 바르고는 전혀 문제가 없어서 재구매했습니다 이제품을 받고 처음 바를때 이게 선크림이야 로션이야 했죠 1) 밀림없고 눈시림없고 끈적임 없는 산뜻하고 촉촉한 선크림 2)바다를 살리는 선크림 산호초와 해양생물을 파괴하는 옥시벤존과 옥티노세이트를 사용하지 않음 3)20여가지의 산야초를 3년동안 숙성해서 최적의 효능을 끌어냄 4)피부의 답답함없이 로션같은 선크림으로 피부에 고밀도 밀착 5) 유기자차와 무기자차의 장점만 선택 6)발림성 좋으면서 자외선 차단효과 높음 SPF50+/ PA++++ 향은 풀향 (?) 은은한데 저는 별로 거부감 없습니다 바를때 잠깐 향이나고 지나면 거의 냄새 없어요 하얗게 붕붕뜨는것 없이 눈시림도 없이 선크림 바른걸 잊어버릴만큼 로션이나 크림같이 느껴지면서 바다생물이나 산호초들에게 나쁜성분이 없다니 사람에게는 더더욱 나쁜성분이 없어서 좋을꺼라 생각되어 지네요 선크림 유목민이 찾은 시슨드시의 선크림 요즘은 남편도 같이 사용합니다
자세밴드,❤착용감이 편해요 ❤혼자서도 쉽게 착용할수 잇어요 ❤허리 지지력이 좋아요 ❤사이즈가 넉넉해서 좋아요 ✅구매이유 평소 자세가 안좋은 편이라 통증도 오고 한번씩 교정 치료가 필요 해서 교정원도 다니고 있던차에 보호 대 하고 집에서 바른자세로 한두시간이라도 하고 있음 도움이 될거 같아서 구매 했어요 ✅제품특징 s부터 4xl 까지 있어서 전연령 체구 크신분들 작은 분들 고민 없이 선택 할수 있는 제품이구요 벨크로 부분도 잘붙고 옷과 붙지 않는 타입이라 옷 손상 없이 편하게 착용하실수 있어서 좋은거 같습니다 어깨끈 부분도 아주 길어서 혼자서도 손쉽게 착용가능 해서 좋았구요 허리 부분을 잘지지해주고 배도 잡아줘서 상체 밸런스 균형 바른 자세 유지 하는데 아주 좋은거 같아요 남녀공용으로 착용 할수 있어서 더 좋구요 착용만 해도 3cm 키가 커질수 있다고 하니 너무 좋은거 같아요 바른 자세로 숨은키도 찾고 교정 까지 되서 일석 이조 제품 인거 같아요 어깨 등 허리 까지 완벽 하게 잡아주고 여름에도 시원한 메쉬소재라서 땀날 걱정 없이 땀나도 금방 마르는 소재 이기 때문에 사계절 편하게 사용 할거 같아요
자세밴드,"라운드숄더 고민 해결! 약국 입점 제품이라 더 믿음이 가요. 평소에 컴퓨터 작업을 많이 하다 보니 어깨가 안으로 굽는 라운드숄더가 심해져서 스트레스가 많았어요. 시중에 교정 밴드가 워낙 많아서 고민했는데, 이 제품은 실제 약국에 입점되어 판매되는 제품이라고 해서 훨씬 안심하고 선택했습니다. ✅ 직접 착용해본 후기 • 교정력: 착용하자마자 어깨를 뒤로 가볍게 당겨줘서 구부정했던 자세가 바로 펴지는 게 느껴져요. 억지로 세게 조이는 느낌보다는 자연스럽게 바른 자세를 유지하도록 도와주는 느낌입니다. • 착용감: 남녀공용 M 사이즈로 구매했는데, 답답하지 않고 몸에 잘 맞네요. 옷 안에 입어도 크게 티가 나지 않아서 일상생활 중에 착용하기 좋습니다. • 신뢰도: 아무래도 몸에 직접 닿고 자세를 잡아주는 거라 검증된 제품을 쓰고 싶었는데, 약국에서도 파는 브랜드라 그런지 마감이나 재질이 확실히 탄탄하고 정직한 느낌이에요. 라운드숄더 때문에 어깨 통증도 가끔 있었는데, 꾸준히 착용하면서 자세 습관 좀 고쳐보려고요. 저처럼 구부정한 자세가 고민인 분들에게 강력 추천합니다!"
자세밴드,"착용감이 편하고 허리와 어깨를 안정적으로 잡아줘서 오래 착용해도 부담이 없어요. 처음엔 약간 조이는 느낌이 있었지만 금세 익숙해졌고, 자세가 바로 서는 게 느껴집니다. 통기성 있는 소재라 땀 차지 않고 여름에도 무난하게 쓸 수 있을 것 같아요. 확실히 자세 교정 효과가 있어 만족합니다."
선크림,썬크림 중에서는 최고1등입니다 발림성도 너무좋고 항상 이제품만 사용합니다.
자세밴드,사무직이다 보니 매일 앉아서 컴퓨터 작업을 하는데 어느 순간부터 어깨며 등이며 온몸이 뻐근해지기 시작했어요. 한의원가서 침도 맞아보고 마사지도 받아봤는데 그때 뿐이더라구요. 그러다 지인 추천으로 알게 된 자세교정밴드! 반신반의하며 써봤는데 꾸준히 착용하니까 효과가 있더라구요. 구부정했던 자세에서 바른 자세로 교정되니 몸에도 좋고 업무 능률도 올랐어요.
선크림,"딸주려고 샀는데 제가 탐나네요~전 얼굴에 뭘바르는걸 싫어해서 패스하지만,엄청 예민한 피부여서 먼저 테스트해보고 딸한테 주려고 발랐는데 에센스처럼 발림성 부드럽고 금방 스며들어 끈적임1도 없습니다~바르면서 시원한느낌도 드는데요? 아쿠아선크림이라 그런가봐요~이제 고1올라가지만 유교보이 아빠덕에 백탁현상이 없어야만 하는데 이름처럼 백탁없이 그냥 제손입니다ㅋㅋ그래서 더합격입니다"
자세밴드,허리가 너무 약해졌는지 너무 아프더라고요 친구가 사용하고 있는 제품인데 괜찮다고 해서 주문했어요 바른자세로 앉을 수 있게 도움을 주니까 딱 좋네요~ 잘 구매했습니다.
자세밴드,교정밴드 쓰니까 허리가 많이 펴지고 어깨도 많이 펴져서 그런지 허리도 덜 아픈거같아요
자세밴드,습관을 좋게 만들어주는 참 좋은 자세밴드! +3CM바른자세밴드! 웹디 일을 하면서 허리와 등쪽이 많이 굽었습니다 등근육이 약해졌고 목에는 디스크도 왔더라구요 제가 상체 55를 입는데 M으로 하니깐 딱 맞았습니다 생각보다 너무 편해서 놀랬습니다 자세교정도 잘 되더라구요 어깨부터 허리까지 전체적으로 잡아주고 교정을 해주니 굽었던 허리가 쫙 퍼져서 아주 좋습니다! 이걸 왜 이제 알았을까요 고민하고 계신다면 정말 추천드릴께요
자세밴드,착용법이 간단하고 어깨가 시원해요 체구가 작은편인데 S사이즈 딱 맞고 도수치료 받으면서 착용하고이써요 자세교정이 조금씩 되고 있는 것 같아요
자세밴드,교정에 좋아요 구입후 매일은 아지만 지속적으로 착용해 오고 있어요 너무 많이 착용해서 그런지 찍찍이가 잘 부착이 안되요. 더 구입해서 착용해야 할 것 같아요
자세밴드,평소 컴퓨터 앞에 오래 앉아 있다 보니 어깨 통증과 거북목 증상이 심했어요. 지인 추천으로 알게 된 교정밴드 착용 후에는 업무 볼 때나 공부할 때 바른 자세 유지하려고 신경쓰게 되니 자연스레 몸 건강에도 도움이 되는 것 같아요.
자세밴드,하루 종일 앉아서 근무하는 사무직이라 목디스크가 살짝 있어서 도수치료도 받고 있는데 물리치료사분께서 어깨가 말려 있어서 더 아픈거라고 하시더라구요. 평소에 자세를 교정하는 것도 중요하다고 해서 자세 밴드를 구입해서 사용중입니다. 자꾸 앞으로 쏠리는 어깨를 고정해주니까 어깨가 확실히 펴지는 느낌이에요. 꾸준하게 써보겠습니다.
선크림,"피부 자극 없이 순하게 잘 발려요! 민감한 피부인데도 전혀 자극 없이 부드럽게 발려서 너무 만족해요. 백탁도 거의 없고, 촉촉해서 건조한 느낌도 없어요. 얼굴이랑 몸에 같이 써도 될 정도로 순해서 온 가족이 사용하기 딱 좋네요. 무엇보다 피지오겔이라 믿고 쓸 수 있어서 재구매 의사 있어요! 할인할 때 잘 산 것 같아서 기분도 좋아요."
자세밴드,"맨날 구부정하게 있다가 등펴고 살려고 샀습니다 너무 가볍고요 허리도 잘 받쳐주네요 첨 사용하는거라 조금 로보트같은 느낌은 있지만 조금씩 나아지겠죠 제품 질이 맘에 들어서 좋아요 착용방법이 좀 헷갈렸는데, 전화로 물어보니 친절하게 잘 응대해 주셨습니다 감사합니다"
선크림,시골갈때.여행갈때 들고다니기편해요 부드럽게잘발려요
선크림,얼굴 답답해서 화장은 잘 안하지만 피부관리는 자기만족을 위해서 하는중인데요 저는 제품 처음 써봤는데 냄새를 잘 맡고 민감한 편이라 향도 좋았으면 했는데 너무좋고 바를때 부드럽게 잘발리고 톤업선크림 바르고 활동을 꽤 했었는데 무의식중에 얼굴을 만져보니 너무 보들하고 좋아서 막 만져보라고 그러고 그랬어요 그래도 선크림인데 기름기가 거의없어서 너무 좋은게ㅜㅜ 저는 핸드크림도 10번에 9번은 손등만 바르는 사람이라(그정도로 미끌하고기름진촉감을싫어함 바로손씻거나물티슈) 이제라도 사게돼서 다행이에요
자세밴드,허리가 자꾸 구부정 해지는거 같아서 사본건데 확실히 자세가 많이 딱 잡혀가네요 평소에 자세 안좋으신분들은 정말 강추 합니다
선크림,선크림이 없으면 안되는 1인입니다. 끈적거리는걸 싫어라 하는 편이라 끈적임이 없고 백탁현상이 없는 제품이라 하여 구매햇어요~ 정말 발라보니 끈적임이 없어요~ 묽은제형이지만 흘러내리는 정도는 아니고 바로 흡수되며 촉촉한 느낌이에요! 지금은 겨울이라 갈수없지만 바다를 살리는 썬크림이라 하니 더 양심상 편하게 쓸수 있겠어요~ 촉촉해서 마음에 드는 제품이에요^^
자세밴드,굉장히ㅡ편안해서 매일 사용하고 잇어요 굽은 어깨가 많이 펴졌어여
자세밴드,어렸을 때부터 자세가 안 좋다는 이야기를 많이 들어왔어요 처음에는 대수롭지 않게 생각했는데 시간이 지날수록 어깨와 등이 점점 구부정해지고 거북목도 되고 오래 앉아 있으면 허리도 쉽게 아프더라구요…한번씩 허리를 못펼정도로 너무 아파서 병원을 간적도 있을 정도 였어요 ….ㅠㅠ 그러다보니 디스크가 생길까 걱정도 됐어요… 자세를 교정을 하고 싶어서 자세 교정 벨트를 착용하게 되었는데 생각보다 착용감이 편안하고 허리를 단단하게 잡아줘서 자연스럽게 등이 펴지는 느낌이 들어서 허리도 같이 펴지겠구나 싶었어요 꾸준히 착용하면 예전보다 허리가 펴지고 건강한 자세로 바뀔 것 같아 앞으로도 계속 착용해 보려고 합니다^^
자세밴드,엄마 사드렸는데 괜찮다고 하세요. 허리만 고정되는거 보다 허리어깨 고정되는게 자세유지에 더 좋아보여서 이걸로 사드렸어요. 어르신이 사용하기에도 좋은 제품이라 추천드립니댜.
선크림,귀차니즘으로 인해 하나만 바르려고 샀음. 발림성도 좋고 약간의 톤업도 되는건 좋으나 다만 세안하기 전까지 끈적거리는 느낌이 계속되서 피부가 답답한 면이 있음. 볼에 머리카락이 붙기도 하고 눈이 피로해지기도 해서 다음에는 구매 안할듯.
자세밴드,자세가 구부정해서 안되겠다 싶어 샀는데 진짜 자세가 바르게 됩니다 자세가 바르게 되니 키도 커보이고 좋아요 견고하니 좋아요
자세밴드,착용감도 좋고 제 몸에 맞게 조절할 수 있어서 아주 괜찮더라고요~ 가격도 좋고 퀄리티도 괜찮아서 잘 사용할 거 같습니다 잘 구매했네요~!
자세밴드,배송 빠르게 잘 받았습니다ㅎㅎ 자세교정에 아주 도움됩니다 그리고 재질 자체도 아주 좋아서 오랫동안 잘 사용할거 같습니다 감사합니다
자세밴드,컴퓨터 작업을 오래하다 보니까 자연스럽게 몸이 앞으로 쏠리고 어깨가 안으로 말리는 라운드숄더가 되더라고요. 목도 좀 거북목 증상이 있고요. 거울로 옆모습을 보니까 등도 좀 굽어 보이고 어깨 라인이 정말 이상한 것 같아서 사 봤는데요. 완벽하지는 나아지지는 못해도 좀 챙기긴 해야겠더라고요. 박스와 지퍼백 포장으로 되어 있고요. 착용하는 법은 한두번만 알면 쉽게 되더라고요. 어깨끈을 뒤편에 X자 형으로 되도록 집어넣어주고 옷을 입듯이 팔을 어깨끈에 넣어준 다음에 허리쪽 밴드를 붙여주고 다음 남은 어깨끈을 허리밴드쪽에 붙여주면 착용이 끝나는데요. 어깨끈을 당겨서 붙이는 강도에 좀 더 자세를 타이트하게 갈 것인지 조금 느슨하게 갈 것인지 결정할 수 있어요. 다만 처음부터 강하게 할 필요는 없고 적당히 불편함 없도록 해 주면 되면 되더군요. 착용하면 자세 때문인지 처음에 조금 불편함이 있는데 첫날 지나고 나면 조금은 적응해서 크게 불편함은 안 느껴지네요. 평소 취하던 이상한 자세가 바로 좀 느껴지기 때문에 자세를 바르게 잡는 것도 있고 허리 라인도 잘 잡아주니까 생각보다 편하게 쓰고 있네요.
자세밴드,허리 잘 잡아주고 좋아요 동생이 운동을 자주해서 허리도 아프고 자세 교정도 할겸 하나 준비해줬는데 너므너무 만족하며 잘 사용중입니다 사이즈도 잘 맞게 산거같고 튼튼하구 좋대요
자세밴드,보디빌더들도 사용하는 좋은 밴드라고 해서 구매헀습니다 조금 강제하는면이 있지만 오래 차고 있어도 생각보다 답답하지 않네요 바른자세로 키크자요
선크림,"➡️속 건조에 예민한 피부라 선크림은 잘 안 바르는데요 한 해가 갈수록 칙칙해지는 피부에 주문해 봤습니다 ✅️자극 성인용 선크림 무조건 뒤집어집니다 그런 이유로 어린이도 사용 가능한 착한 녀석들만 찾아 바르다 백탁이 너무 심해 한동안 쉼.. 결과는 겨울, 봄 볕에 다 타버렸네요 ... ㅜ.ㅜ... 순한 선크림 검색 요 녀석이 가장 상위인데다 눈 시림까지 없다고 해 선택했는데 결과는 굿이었습니다 ✅️사용감 바른 직후에도 시간이 지난 후에도 따가움이나 자극이 느껴지지 않았어요 백탁 현상 역시 전혀 없었으며 무엇보다 가장 만족스러웠던 사용감! <시원해요> 바다를 살린다는 착한 성분 그래서인지 사용감도 특별했는데요 바르자마자 수분크림을 바른 듯 시원한 느낌에 덧바르는 부담이 전혀 없었어요 피부가 예민한 편이라 겹겹이 바르면 저녁에 난리가 나는데 별 탈 없이 아주 편했습니다 ✅️보습 바른 후 3-4시간은 촉촉하게 매우 좋았습니다 다만 워낙 건조한 속 건조를 타고난 대다 숨이 막힐 듯 메마른 봄바람에 저녁까지 촉촉함이 유지되진 않았어요 그래도 이 정도의 촉촉함이 어디인가요 ㅎㅎ 충분히 만족스러웠습니다 ✅️백탁 위에도 적긴 했지만 백탁은 전혀 없었습니다 그런데 피부가 조금은 밝아진듯한 착각을 만들어주는 은은 광택이 있네요 자연스럽게 밝혀주니 요것도 만족 ^.^ ✔️제 피부는 사 계절 중 지금과 같은 메마른 봄에 가장 예민한데요 이 날씨에 선크림을 발라도 멀쩡하다니 인생 탬 건졌습니다 ㅎㅎ 앞으로는 사계절 이 녀석과 함께 하려고 합니다 아.. 마지막으로 장점을 너무 많이 적어놨는데 제 돈 주고 산 겁니다 ^.!"
선크림,이자녹스 제품 좋은 것은 알고 있었는데 썬크림은 처음 사봤어요 용량도 70ML라 한 계절 사용하기 좋은 것 같아요 썬크림 한번 사용하면 다음해는 사용하기 좀 그렇더라구요 이 제품은 일단 좋은점은 자외선은 SPF50 + 이고 가벼운 톤업도 되는 썬크림이에요 부드럽고 매끈하게 발리고 야외활동에도 지속력이 좋고 워트프루프까지 된다고 하니 더 좋은거 같아요 살짝 화사하고 밝게 톤업이 되어서 이것만 하고 잠깐 나갈 때는 괜찮은 거 같아요 오랜만에 만족한 썬크림을 찾은거 같아요
선크림,썬크림이 떨어져서 검색하다가 후기가 좋아서 구매했는데 좋네용 아이들 등원할때 마스크 쓰다가 피부땜에 안좋아서 썬크림만 바르고 나가는데 괜찮네요 피부톤 색깔이라서 가볍게 외출용으로 추천합니다^^
자세밴드,옷 66사쥬 입어서 M으로 해뜨니 맞게 산것 같아여~! 허리가 굽었다는 얘기를 하도 들어서 집에 있는 내내 착용하고 있답니다 잠깐 가까운데 나갈때도 그냥 착용하고 나가네여 밴드의 일상화 ㅎㅎ
선크림,선크림이 보통 희멀틱하게 생기잖아요 요건 백탁현상없고 크림처럼 발림성이 좋아요 진짜 편하게 바르게 나갈 수 있어 좋아요 냄새는 신경쓰일정도로 나지는 않아요 편하게 쓰기에 딱이여서 만족합니다^^
자세밴드,허리라인 지탱은너무 만족합니다 어깨라인도 쫙 펴줘서 자세가 교정되는게 어디한곳 불편함없이 만족하고 있어요 단지 배(허리라인) 감싸는 밴드 찍찍이가 생각보다 약해서 배에 힘 빡!! 주면 풀려서 아쉽습니다
자세밴드,어머니가 허리에 척추협착증이 있으신데 집에서 사용하고 계신지 1주일 정도 되었는데 허리가 많이 펴지는 느낌이 들고 허리를 딱 받쳐 잡아주는 느낌이 들어서 일상생활에 허리에 무리가 덜 간다고 하시더라구요 혹여나 허리나 목쪽에 질병이 있으신 분은 한 번 사용해보는것도 좋을 것 같다는 생각이 듭니당 ㅎㅎ
자세밴드,컴퓨터 많이 하다보니 거북목이 되더라구요 문제는 어깨도 같이 앞으로 가니 자세가 너무 안좋아져서 등쭉지가 다 아푸고 어깨견갑골쪽 까지다아푸더라구요 자세교정에 좋은거 같아서 출근시 옷안에 착용하고 다니는데 저절고 바른자세가 되니일주일은 좀풀편했어도 이제 적응하니 완전 좋아요 ㅎ 어깨도 펴지고 좋네요
선크림,쿠팡체험단 이벤트로 상품을 무료 제공받아 작성한 리뷰입니다. 평소에 썬크림을 자주 바르기 시작해서 눈따갑고 눈물나는 썬크림은 잘 안바르게 되더라구요 근데 이건 생각보다 눈물이 안나네요 그전에는 스틱위주로 썬크림을 발랐거든요 온가족이 바를수 있다고 해서 구매했구요 아이가 아직 아가라 썬크림은 못바르지만 신랑과 제가 열심히 바르고 있네요 발림성도 좋구요 제형고 맘에 들어요
선크림,얼굴에 무거운거 바르기 싫어서 선크림 못 바르는 남성분들한테 추천합니다. 냄새도 산뜻한 자연향?이라서 자극적인 화장품냄새 안나구요. 톤업은 아주 미세하기 때문에 확실한 톤업 원하시는 분들에겐 비추합니다. 전에 쓰던 유기자차 선크림은 눈물이 줄줄했는데 이건 눈시림도 거의 안느껴집니다. 두통째 사서 쓰다가 쿠팡로켓 되길래 쿠팡으로 주문해봤습니다.
자세밴드,볼때마다 어깨가 말리고 윗등이 굽어 보이는 엄마를 위해서 자세교정 밴드를 찾아보다가 구매하게 되었어요. 운동을 많이 하실 때는 그래도 어깨가 좀 펴졌었는데 요즘 제가 많이 아파서 아이를 좀 봐주시더니 운동도 못 하시고 앞으로 많이 숙여서 그런지 자세가 또 안 좋아졌더라고요. 눈에 너무 보여서 그냥 넘어갈 수가 없어서 자세교정밴드를 구매를 해서 드렸는데 다행히도 엄마가 좋아하세요. 자세 교정 밴드는 처음 해보시는거라서 어색하긴 하다고 하시네요. 좀 강하게 당겨서 착용을 해보고 있었더니 확실히 등이 굽어지는걸 방지해야 한다고 하나요. 앞으로 기울려고 하면 잡아준다고 하네요. 처음 바로 착용했을 때보다 착용을 해보고 이틀째 되니 어느정도 익숙해지는 듯한 느낌이 드신다고 해요. 교정 밴드를 하고 안 하고의 차이가 생각보다 큰 거 같아요. 스스로 스트레칭이나 운동을 하는 것도 중요하지만 평소 때 자세를 더 바르게 하려면 바른 자세 교정 밴드도 착용하는게 도움을 많이 받는 것 같아서 엄마께 잘 사드린 제품 같아요. 어제보다 주무시고 나서 목 부분도 덜 뻐근한 것 같다고 하시고요. 매일매일 계속 잘 착용하다 보면 어깨도 펴지고 등도 펴지고 어깨와 목의 통증도 덜해지면서 바른 자세로 되는데 도움이 많이 될 듯합니다.
자세밴드,아빠가 시간이지날수록등도굽어지는것같고 어깨도 점점안으로 말리는것같고해서 더이상은 볼수없어 구매했습니다 통기성좋은 에어메쉬소재로 요즘같이더운여름에도 사용하기좋구요 사용방법도쉬어서 나이드신분들도 편하게사용하실수 있어용 아빠 집에오시자말자 착용하는법가르처드리고 해드렸네요 갑갑해서안하신다더니 잘착용하고계시네용 굽은등 바른자세되길바랍니당 사은품으로주신쿨마스크잘사용할께용:)
선크림,이거 정품 맞나요?? 선크림 바르고 얼굴이 간지럽고 살이 벗겨진 것처럼 얼굴이 붉게 변하는 경험은 정말 처음이라 난감하네요. 가격이 저렴해서 두 개나 샀는데 이걸 어떻게 발라요?
자세밴드,택배 받자마자 계속 착용하고 있는데 진짜 어깨가 잘 펴져요 가격도 저렴한 편이고 메쉬쪽이 부드럽고 통기성도 좋은편입니다 2만원이면 투자할만해요 ㅋㅋ 캠핑을 자주 다니는데 의자들이 낮다 보니깐 허리도 많이 숙이게 되고 또 거북목도 생겼더라구요ㅋㅋ 근데 이거 하고 있으니깐 아프지않고 편하게 잘 잡아주면서 허리를 펴게 해주네요 목 어깨 허리 쪽을 쭈~욱 잡아줘서 의자에 앉아 있을 때도 바른자세가 되는 듯 하네요 ☀️도움돼요 한번 눌러주시면 오늘 좋은일 생겨요~ 감사합니다☀️
자세밴드,"제가 처음 이 교정 밴드를 받았을 때, 그 심플하고 실용적인 디자인에 먼저 눈이 갔습니다. 밴드는 편안하게 착용할 수 있도록 고급스러운 소재로 만들어져 있었고, 남녀공용으로 사용할 수 있어서 매우 만족스러웠습니다. 밴드를 착용하면서 가장 먼저 느낀 것은 바른 자세를 유지하는 데 도움이 된다는 것이었습니다. 밴드가 어깨와 등 부분을 안정적으로 지지해주어서, 오랜 시간 앉아 있어도 피로감이 적었습니다. 또한, 이 밴드는 일상생활에서도 착용하기 편리했습니다. 옷 위에 착용해도 눈에 띄지 않아서, 사무실에서도 편안하게 사용할 수 있었습니다. 또한, 밴드는 가볍고 휴대하기 편리해서, 여행이나 외출 시에도 쉽게 가져갈 수 있었습니다. 이 밴드를 사용하면서 가장 인상 깊었던 점은, 바른 자세를 유지하면서도 편안함을 느낄 수 있다는 것이었습니다. 밴드가 체형에 맞게 잘 맞아서, 착용감이 편안했습니다. 또한, 밴드를 착용하면서 자세 교정의 중요성을 다시 한번 깨달았습니다. 마지막으로, 이 밴드는 건강을 중요시하는 사람들에게 좋은 선물이 될 것 같습니다. 바른 자세를 유지하는 것은 건강에 매우 중요하기 때문에, 이 밴드는 건강을 생각하는 사람들에게 강력히 추천하고 싶습니다."
자세밴드,계속 써봐야 겠지만 늘 자도으로 굽는 등이 지지 되기는 할 것 같아요 계속 사용 후.. 후기 글 남길게요..
자세밴드,어깨가 구부정한 아이가 걱정돼서 주문해봤습니다 불편할것 같다며 안하려고 하다가 겨우 입혀봤는데 생각보다 많이 당기거나 불편한건 아니라고 하네요 어깨쪽이 펴지면서 척추도 바르게 세워져서 바른자세 유지하기 좋아보여요. 꾸준히 착용하면 바른자세 만들기 도움될것 같네요~
자세밴드,제가 바로 제품을 되게 좋아하고 선호하고 쓰고 있거든요. 그리고 이번에도 아는 지인한테 선물하려고 또 추가로 구매했어요. 기존에 제가 쓰고 있는 제품을 보더니 되게 마음에 든다고 하더라고요. 그러더니 그걸 쓰고 나서도 좀 작은 게 필요해서 추가로 구매해서 선물하려고요. 어깨도 바로 펴지면서 허리도 잡아주고 체형이 펴져야 어깨나 목이나 허리나 이런 데가 다 안 아프거든요. 진짜 좋은 제품이에요
자세밴드,사달라고 난리를 치더니 막상 사놓으니 사용안하네요 제가 사용해야 겠네요ㅎ
자세밴드,"제가 175에 좀 마른 편이라서 상담을 하니 M 추천해주셔서 M으로 하니 잘 맞습니다. 예비신랑이라 촬영을 위해 열심히 착용중인데, 하다 보니 허리가 펴지면서 키가 좀 커보이는 것 같네요 ㅎ ㅎ"
자세밴드,"제품 설명 중 '2XL사이즈, 176cm-76kg 잘 맞아요' 문구보고 2XL 제품 구매하였는데, 176cm-76kg인 본인은 제품이 너무 커서 벨크로 접지가 불능했습니다. 사이즈 교환 시도하려 했으나, 교환기능 없고 환불만 가능해서 그냥 주변 지인께 선물했습니다. 사이즈 신중하게 고려하고 구매하세요."
자세밴드,제대로 착용을 한다고 해도 미묘하게 균형이 언 멎는 거 같어 확인해 보니 지지대의 길이가 한쪽이 심하게 쩗네요;;; 이미 사용한 거라 교환 벋기도 그렇고...
선크림,비타민 c와 같이 바른 후에도 끈적거리는 등 불편함 없이 하루를 보냈다 벌써 두 개 더 구매했습니다
자세밴드,자세 교정에도 좋고 허리를 잘 잡아줘서 통증도 덜하네요. 좋은 제품 감사합니다.
선크림,쿠팡체험단 이벤트로 상품을 무료 제공받아 작성한 리뷰입니다. 봄이 다가오면서 자외선 차단지를 준비해야 하는데 좋은 기회로 피지오겔 데일리 모이스쳐 UV 패밀리 썬 로션을 사용해 볼 수 있게 되었어요. 여린 피부에도 사용 가능하고 로션처럼 바르기도 쉬워서 아이와 함께 사용하기 좋아요. 백탁 없고 잘 흡수되고 눈시림도 없어요. 사용 전에 흔들어 사용해야 해요.
자세밴드,어깨랑 허리가 아파서 자세도 안 좋아는데 허리 밴드 쓰고 확실히 자세도 교정되고 편하네요 허리 밴드 사용하기도 편하고 사이즈도 잘 맞아서 잘 쓰고 있어요
자세밴드,컴퓨터를 많이 하다보니 앞으로 구부러지게 되어 협착증전까지 가게 되었어요 아무리 허리를 피라고 해도 마음대로 되지 않는듯 해서 구매하게 되었어요 밴드가 어깨와 허리까지 땅땅하게 바로 펴주게 되어 저절로 자세교정이 됩니다 평소에도 착용하고 다니니 굽은 어깨와 앞으로 쏠려있던 거북목도 좋아지는게 느껴지네요 옆에서 보기에도 바른자세로 변하는게 눈으로 보여지니 매일매일 착용해서 보내고 있습니다
자세밴드,"착용하자마자 어깨랑 등 허리가 쫙 펴지는 느낌이 들어요^^ 자세가 항상 구부정 하다는 말을 많이 들었는데,, 이거 매일 꾸준히 착용하니 확실히 교정 되는거 같네요ㅎㅎ 추천 합니다!!!"
자세밴드,"남편이 평소 허리 디스크에...시술을 3번이나 받았구요 어깨도 아파서 몇번 시술 받고... 여기저기 아파해요 ㅜ 요세는 유독 회사에서 아프다고 해서 여기저기 보호대를 찾다가 이걸 샀네요 사용자》》》 평소 100 몸무게 74 허리디스크 / 어깨관절 아픔 후기 요점》》》 몇일 사용해 보니 아직은 아프지 않고 괜찮은거 같다고 합니다 회사에서 사용시에는 어깨가 덜 아프다고 하구요 어떤 사람들은 보호대로 억지로 교정을 하면 더 아프거나 안좋아 진다고 하는데.. 아직은 그런건 없어요 현재까지 잘 사용 중이에요^^ 1. 활용도 집에서 스트레칭 할때, 헬스장 운동시 소파에 앉을때 쓰구요 회사에서 자리에서 일할때 씁니다 2. 사용방법 허리 찍찍이로 ,사이즈 조절해주면 되요 처음 사용시에는 근육이나 척추가 아플수 있으니 느슨하게 하는걸 추천해 드려요 ☆☆☆ 그리고 몇일 간격으로 천천히 줄여 주세요^^ 3. 가격 가격이 제 기준인 싸진 않지만 ㅋㅋ 남편이 아프다고 하니... 이걸로 효과를 봤으면 좋겠네요 ^^ ☆☆☆☆ 제 리뷰가 도움이 되셨다면 아래 >> 도움이 돼요 << 한번 눌러주세요 ㅎㅎ"
자세밴드,써보고 좋아서 재구매합니다~ 자꾸 말리는 어깨러 통증 호소 하는 엄마가 써보시더니 넘 좋다고 하세요 ㅎ 자세도 펴지고 확실히 잡아주니 어깨 허리 통증이 줄었다고 하십니다 ^^
자세밴드,"평소 남편이 거북복에 목디스크가 있어서 주기적으로 손저림이 있을때마다 정형외과가서 주사를 맞고 있습니다. 의사선생님이 항상 바른자세말고는 답이 없다고 말씀하십니다. 근데... 수십년간 습관이 되어 있어서 사무실에 일할때 어깨는 항상 축쳐져 있어서 일하고나면 목, 어깨가 아픈건 사실입니다. 우연히 주위사람들이 바른자세 교정밴드가 좋다는 이야기해서 듣고 구입 해 보았어요. 태권도를 한 몸이라 상체는 좀 큽니다. ( 175cm, 85kg ) 4XL 사이즈가 딱 잘 맞는다고 말합니다. 배송 오자마자 착용한 사진입니다. 어깨를 지지해주니 너무 편하다고 이야기합니다. 진작 사서 사용할걸 뒤늦은 후회를 하네요. 밴드가 배를 쪼여서 남편 뱃살도 조금 빠졌으면 좋겠네요. 저도 목디스크가 있어서 한번 착용해보니 편하고 시원하고 구부정한 자세를 잡아줘서 어깨가 덜 아팠어요. 남편 며칠 사용하고 만족도가 좋다면 저도 작은 사이즈 구입 후 사용할 것 입니다. 밴드 사용법 설명서는 영어로 적혀 있지만 그림을 잘 보고 착용하시면 쉽게 됩니다. 며칠 사용 후 후기 더 올리겠습니다."
선크림,"저는 사계절 내내 선크림을 사용하고있어요. 우선 이제품은 발림성이 좋아요. 뻑뻑하지 않고, 슥슥 수분감 있게 잘 발려서 너무 좋았어요. 선크림 특유의 백탁현상이 없는점도 아주 마음에들었습니다. 저는 선크림 사용후에 메이크업을 하는편이라서, 백탁현상 없는걸 선호하고있거든요 ㅎㅎ 끈적임 없이 마무리가 되고, 수분감 있게 마무리가 되어서 좋았어요. 메이크업을 할때 밀리지 않아서 그점도 아주 좋았구요 !! 사용해보니, 너무 만족스러워서 재구매의사있는 제품입니다 ~~ 손에 사용한거사진 보면 아시겠지만, 번들거림이 아니라 촉촉하게 마무리가 잘 되는편이에요 잘 사용할게요 ^^"
선크림,필요해서 구입했습니다. 로션처럼 묽어서 바디용으로 써야겠어요.
선크림,"믿고 쓰는 이자녹스 값도 싸고 발리는 느낌도 부드럽지만 약간 백화현상은 있어요 그래도 값이 착하니 팔,다리등 노출된 피부에도 아깝지않게 바르니 아주 좋답니다"
자세밴드,운동을 시작하면서 심각하게 제 몸이 말린 어깨 라는걸 알았네요 자세 교정 밴드가 있다는걸 알고 여기저기 서치 해본 다음에 괜찮을것 같아 구매했습니다 제품 퀄리티 좋고 교차해서 튼튼하게 잡아주는게 좋았어요
자세밴드,동생이 어릴 때부터 습관적으로 등을 굽히고 다녔거든요. 뭔가 어깨 피는게 부끄럽다 생각했나봐요. 습관적으로 굳어져버렸더라구요. 성인되어서 습관 고치려니 쉽지 않나봐요. 제가 좀 더 쉽게 의식적으로 교정할 수 있게 밴드형 교정기를 사줬더니 좋아하네요. 어깨와 허리까지 감싸주고 혼자서도 착용하기 편해서 잘 쓰고 있다합니다.
자세밴드,아팠던 허리 어깨 목이 많이 좋아지고 있어서 완전 애정하는 제품이 되었네요 잘 쓸게요 짱짱 좋아요
자세밴드,평소에 자세가 안좋아서 허리가 너무 아프더라구여 남편이랑 같이 사용하려고 넉넉한 사이즈로 했는데 생각보다 너무 마음에 들어요!! 스트랩이 포함 되어 있어서 남편이랑 같이 사용 가능하고 어깨와 등 상부의 자세 교정을 할 수 있어서 마음에 들어요!!
선크림,겨울이라도 선크림은 필수로 발라야 되죠!! 얼굴이 하얗게 뜨지 않는 백탁현상이 없는 선크림을 좋아하는데 이름에서조차 눈시림 없는 끈적임 없는 백턱없는 밀림없는 선크림이라 믿고 구매해보았는데 진짜 이름값 하는 선크림이에요 에센스바른거처럼 백탁현상 없이 피부에 잘 스며들어 얼굴에 광도 나고 부드럽게 스며들어 너무 좋아요^^ 특히 온가족이 쓸 수 있는 선크림이라고 하니 아이와 같이 쓸 선크림으로 너무 좋은거 같아요^^
선크림,프리다이빙 하다보니 해양보호 선크림만 찾게됐어요 기존 직구로 구매한 선크림은 너무 뻑뻑하고 건조해져서 손이 더 안가는데 이건 되게 촉촉하고 끈적임없이 산뜻하게 마무리되고 건조함이 없어서 파데 바르기 전에 발라도 밀림없이 뽀송뽀송한 피부표현 되네요^^
자세밴드,자세가 좋지않아서 지인추천으로 구매했어요. 자세밴드여서 아무리 좋다고 해도 불편하지않을까걱정했는데 전혀 그렇지않고 오히려 편안하게 착용할 수 있네요. 그리고 중앙지지대가 있어서 확실하게 지지가 되네요. 사용해보니 효과있는것 같아서 꾸준히 사용해봐야겠어요.
자세밴드,자세잡아주는데 좋아요 짱짱해서 오래 쓸거같아요
선크림,훈련병 준비물에 썬크림이 있어 구매했습니다. 눈이 따갑지 않고 묽다고해서 골랐어요. 묽으면 아무래도 바르기 편할거같습니다
자세밴드,헬스를 오랫동안 했는데도 라운드숄더랑 거북목이 교정이 안되어서 이번에 교정을 위한 교정밴드를 구입했습니다. 필라테스쌤에게 추천받아서 샀는데 일주일째 되었는데 확실히 변화가 있네요. 굽은 등이 펴지고 어깨가 말리고있었는데 펴지는느낌이 확실히 듭니다 밴드가 보풀이 안나는 재질이라서 오래오래 쓸 수있을것같습니다.
자세밴드,"구매 동기 평소 라운드숄더가 심한 편이라 웨이트 트레이닝, 특히 가슴 운동을 할 때마다 어깨 전면에 통증이 느껴져 고민이 많았습니다. 자세가 무너진 상태로 운동하니 자극도 제대로 안 오고 부상 위험도 느껴지더군요. 약국에도 입점된 브랜드라는 점과 체격이 있는 저에게 맞는 2XL 사이즈가 있다는 점을 보고 신뢰가 생겨 구매하게 되었습니다. 착용감 및 사이즈 (2XL) 운동을 하는 남성이라 어깨격이 있는 편인데 2XL 사이즈를 선택하니 너무 과하게 압박하지 않으면서도 어깨를 뒤로 적절히 당겨줍니다. 벨크로 타입이라 체형에 맞게 강도를 조절할 수 있고 안감 소재가 부드러워 장시간 착용해도 피부에 큰 자극이 없었습니다. 사용 후 느낀 변화 자세 교정 효과 착용하자마자 말려 있던 어깨가 뒤로 펴지면서 가슴 근육이 이완되는 게 느껴집니다. 억지로 힘을 주지 않아도 바른 자세를 유지하도록 도와주니 일상생활에서도 자세에 신경을 쓰게 됩니다. 운동 효율 상승 평소 운동 가기 전이나 후에 집에서 착용하고 있는데 어깨 위치가 제자리를 잡으니 가슴 운동 시 느껴지던 특유의 어깨 통증이 확실히 덜합니다. 가슴 근육에 집중하기가 훨씬 수월해졌습니다. 약국 입점 제품이라 그런지 전체적인 마감이나 내구성이 탄탄합니다. 저렴한 제품들과는 확실히 지지력에서 차이가 납니다. 총평 저처럼 라운드숄더로 인해 운동 시 통증을 겪거나 일상에서 구부정한 자세가 고민인 분들에게 적극 추천합니다. 특히 체격이 큰 남성분들도 2XL 사이즈로 편안하게 교정 효과를 볼 수 있다는 점이 가장 만족스럽습니다. 꾸준히 착용해서 바른 자세를 습관화해 보려 합니다."
자세밴드,라운드숄더가 심해서 구매했어요 PT도 받으면서 고치려고 노력했는데 평소자세가 흐트러지니까 잘 안고쳐지더라고요 마른 55라 S 구매했는데 사이즈 잘 맞아요 양쪽에 팔 걸고 허리끈 고정시켜준후 양쪽 팔 끈 당기면서 조절해주면 됩니다 쉬워요 어깨가 당겨주고 등이 퍼지니까 시원해요 등쪽에 지지대가 있어서 확실하게 자세교정이 됩니다 의식적으로라도 몸을 곧게 하려면 계속 긴장상태로 유지해야되니까 몸이 불편하고 피로해져서 오랜시간동안 바른자세를 못하는데 이 밴드는 몸이 편한상태에서 자세교정밴드가 알아서 자리를 잡아주니까 장시간동안 올바른 자세 유지할수있고 편하다는게 가장 큰장점같아요 이거 착용한상태로 일상생활도 가능해요
선크림,사용기한_2028.02.24 70ml SPF 50+ 국내산 피부가 좋아보이고 환해져요.
자세밴드,자세가 나쁘다보니 허리라인이 안아픈 곳이 없더라구요 목부터 어깨 허리 골반 다 아팠는데 사용 후 부터 몸이 한결 편안해졌어요 자세가 역시 중요하네요~ 자세교정에 정말 좋아요!!!!
자세밴드,거북목이라 어깨랑 목이 너무 아프다는 우리 남편 ㅠㅠ 자세교정밴드를 사용하면 좀 나을 거라고 하길래 사 봤어요~ 사이즈가 4XL까지 있어서 좋네요 ㅎㅎ 등판이 넓어서 넉넉한 사이즈로 구매해줬더니 편하대요~ 집에서 늘 차고 있어요^^
자세밴드,"자세 교정 밴드를 실제로 사용해 보니 처음 착용할 때는 어깨가 뒤로 당겨지는 느낌이 다소 낯설었지만, 몇 분만 지나면 자연스럽게 바른 자세가 유지되었습니다. 장시간 착용하면 어깨와 등 근육이 당기는 듯한 자극이 있어, 하루 1~2시간씩 나눠 착용하는 것이 좋았습니다. 소재는 통기성이 좋아 땀이 차지 않고, 밴드의 탄성이 적당해 움직임을 방해하지 않았습니다. 꾸준히 착용하니 구부정했던 어깨 라인이 조금씩 펴지고, 장시간 앉아 있는 습관도 개선되는 효과가 있었습니다. 다만 초반에는 어깨가 뻐근하거나 압박감이 느껴질 수 있어 적응 기간이 필요했고, 두꺼운 옷 안에 착용하면 티가 덜 나지만 얇은 옷에는 약간 드러날 수 있다는 점은 참고해야 할 부분이었습니다. 전반적으로 자세 교정에 실질적인 도움을 주는 제품이었습니다."
선크림,이자녹스 UV 썬 프로~~ 오래전부터 요것만 사용 합니다~ 썬크림과 비비가 동시에~ 피부 커버력도 좋아요~ 끈적이지 않고 발림성 좋아요~ 요것만 발라도 피부가 화사해져요~ 잠깐 외출시에 간단히 바르면 뽀사시~ 시간절약~좋아요~ 유통기한 2027년5월~ 최근 제품이네요~~ 추천합니다 ~~^^
자세밴드,아들이 살이 엄청 찌기 시작하면서 항상 자세를 구부정하게 다니길래 자세교정밴드를 구매해줬습니다. 생각보다도 디자인이 슬림해서 이질감이 크게 느껴지지 않고 불편함 없이 평소에도 착용하기 좋습니다. 벨크로 밴드로 되어 있어서 중학생 아들도 혼자 손쉽게 착용 가능하구요. 평소 더위를 많이 타서 걱정했는데 메쉬 소재로 통기성도 뛰어나고 땀 흡수가 잘 되서 장시간 사용하기에도 부담이 적습니다. 아직 아이라 한 번 착용하고 말지는 않을까 싶었는데 요즘 외모에 관심을 갖기 시작하면서 자세가 달라지는 것을 확인해 본 이후부터는 스스로 찾아서 쓰더라구요! 아무래도 일찍이 자세교정을 시작한다면 어른보다는 빠르게 효과가 있지 않을까 싶어서 구매해주길 잘 한 것 같아요. 잘 사용하겠습니다^^
자세밴드,"요즘 허리가 너무 아프고 어깨가 결리는 느낌이 강해서 어떻게 할까 하다가 어깨 밴드를 구입해봤어요 자세교정도 되고 거북목 교정 도 된다고 해서 겸사겸사 한번 구매해봤습니다 원래는 거북목도 심하고 승모근도 많이 올라와 있어서 보톡스를 자주 맞았었는데 먹기도 귀찮고 하루 종일 하고 있을 만한 게 있나 싶어서 찾아 봤어요 일단 고무밴드 탄력이 정말 좋구요 어깨랑 겨드랑이 사이가 조금 타이트하고 자세가 교정 되는 느낌은 드네요 그냥 아주 약간 허리가 꼿꼿해지는 느낌이 들어요 물론 겨드랑이가 좀 뭐랄까 쓸리는건 아니고 뭐랄까 꽤나 신경쓰일 정도로 끼지만 또 열심히 활동하든가 운동하면 생각 안나요 까맣게 잊다가 걸리면 신경쓰이는 정도예요! 이거 쓰고 허리아픈 것도 좀 나아진것 같고 다행히 아직은 병원 안가도 될 것 같아요! 크기도 조절돼서 좋구요! 사실 디자인은 아쉽죠,,,,그래서 전 옷 속에 해요,,ㅎㅎ"
자세밴드,"배의 찍찍이 면적이 작아서 배거 제대로 안조여짐, 어깨끈 당기면 약간 헐렁한 배 부분이 쓱 올라가버림... 한 치수 작은걸 사용해 볼까? 사이즈 한치수 작게 사면 어깨끈 부분이 짧아 배부분 까지 잘 안닿고 그만큼 끈을 강하게 당기니... 배 부분이 끌려올라감 복부 부분의 찍찍이 면적만 조금더 넓히면 그만큼 다양한 사이즈의 체형을 커버할텐데... 사이즈가 딱맞지 않는한 불편함이 약간은 존재할겁니다."
선크림,"끈적임이 없는 선크림 제품을 찾다가 시슨드시 백탁없는 밀림없는 끈적임없는 바다를 살리는 선크림 제품을 구매하게 되었습니다. 선크림의 텍스처는 가벼우며 끈적임 없이 피부에 잘 스며들어 발림성이 너무 좋아요. 피부에 바르면 빠르게 흡수되어 산뜻하게 마무리되어져서 너무 좋네요. 햇빛으로부터 피부를 보호해주는 SPF 지수가 높아서 햇빛에 노출되는 사계절 내내 안심하고 사용할 수 있어서 좋아요. 피부에 민감한 분들이 사용해도 피부 자극없이 사용할 수 있어서 좋을거 같아요. 사용해보고 가장 좋아하는 점은 선크림이 피부에 자연스럽게 녹아들어서 얼굴에 매우 자연스러운 무광택 효과를 주는 점이에요~ 사용한 이후에는 건조함이 느껴지지 않고 촉촉한 상태를 유지할 수 있어서 완전 좋아요. 시슨드시 선크림은 , 가볍고 끈적임 없는 사용감과 온가족 모두 사용할 수 있는 성분으로 안심하고 사용할 수 있어서 좋아요. 자연스러운 무광택 효과로 피부를 더욱 화사하게 가꿔 줘서 사용감이 좋아요."
자세밴드,에어메쉬 원단으로 되어있어 요즘같은 날씨에도 더운느낌 없이 쾌적하게 착용이 가능해서 좋아요ㅎㅎ 자세가 안 좋아서 허리가 구부정하고 자주 결렸는데 자세교정밴드로 매일 교정하는 시간을 가져주니 지금은 훨씬 좋아진게 느껴집니다~^^
자세밴드,"하루 종일 책상 앞에 앉아 있다 보니 어깨가 자주 뭉치고 자세도 구부정했는데, 이 교정 밴드 착용하고 나서 확실히 자세가 잡히는 느낌이에요. 처음엔 살짝 어색했지만 금방 익숙해지고, 가볍고 통풍도 잘 돼서 오래 착용해도 부담이 없어 좋네요"
자세밴드,남편 착용하던 거 보고 추천받고 하나 더 샀어요~ 초반에 어색해도 며칠 착용하고 나면 자세 교정이 바로 된다던데... 반신반의 했는데 기대 이상입니다. 불편한 감도 전혀 없고 자연스레 자세 교정이 되니 너무 편하고 보기에도 좋은 거 같아요 옷 입을 때도 자세가 바르니 옷발도 잘 받는 거 같네요~ 아주 만족합니다.
자세밴드,180에 83키로여서 4xl딱 맞을지 알았는데 엄청 헐거워요 그래서 벨트를 위에 끼고 쓰고 벨로크는 약해서 점점 조여쓰고 광고사진처럼 딱 고정 안되고 뒷부분이 점점 먼저 올라가서 나중에는 원래 자세처럼 되요 늘어난것 같아요 한달 못 썼습니다
자세밴드,직업상 어깨랑 팔을 자주 쓰다보니 자세가 구부정한거 같아서 자세교정 밴드가 있다는 지인 추천을 사용하는데 좋네요 입고 일하는데 불편하지 않고 자세도 펴져서 좋아요
자세밴드,좋네요 첫날 사용하고 자세가 잡히는 것 같습니다. 꾸준히 사용하면 나쁜 자세 고칠 수 있겠어요
선크림,"○ 이자녹스 유브이 선프로 365 데일리 커버 선크림 SPF50+ PA+++ ○ ㅡㅡㅡㅡㅡㅡㅡㅡㅡㅡㅡㅡㅡㅡㅡㅡㅡㅡㅡㅡㅡㅡㅡㅡㅡㅡㅡㅡㅡㅡㅡ 이자녹스 365 데일리 선크림은 제가 좋아하는 선크림으로 자주 구매해서 사용하고 있는 제품이에요. 메이크업 베이스 성분이 함유되어 있어 피부 톤업이 되는 제품이라 쌩얼에 발라도 피부가 환해져서 좋더라구요. 또, 워터프루프 기능이 있어 더운 날씨에 발라도 땀이나 물에 강해 눈 따가움이 없어요. 이렇다보니 선크림은 이자녹스 데일리 선크림만 바르게 되는것 같아요. 자연스런 톤업으로 남자가 발라도 자연스러워서 남녀공용으로 사용하기에도 좋아요. 저는 남편과 함께 같이 사용하고 있네요. 제형도 부드러워 뭉침없이 고루 잘 발라져요 ~~~ 이자녹스 365 데일리 선크림은 ✔️ 피부진정과 보호 성분인 해송성분도 함유되어 있어요. ✔️ 부드러운 텍스쳐 ✔️ 워터프루프 ✔️ 톤업 선 땀이나 물에 강하고 톤업까지 되니 아주 만족스러워요. 스킨케어 마지막 단계에 발라주면 피부 보호도 되고 자외선 차단을 시켜주니 잊지 않고 꼭 챙겨주고 있네요^^ * 내돈내산 후기입니다. ㅡㅡㅡㅡㅡㅡㅡㅡㅡㅡㅡㅡㅡㅡㅡㅡㅡㅡㅡㅡㅡㅡㅡㅡㅡㅡㅡㅡㅡㅡㅡ ◆ 주문일자 ㅡ 10월 25일 ◆ 배송일자 ㅡ 10월 26일 ◆ 내용량 ㅡ 70ml ◆ 소비기한 ㅡ 27년 5월 12일 까지 ㅡㅡㅡㅡㅡㅡㅡㅡㅡㅡㅡㅡㅡㅡㅡㅡㅡㅡㅡㅡㅡㅡㅡㅡㅡㅡㅡㅡㅡㅡㅡ"
선크림,향이 자극적이지 않습니다 무엇보다 다른제품에 비하여 바른후 아무 불편함이 없습니다 기존에 썼던 제품들은 집으로 돌아온후 바로 얼굴을 바로씻곤 했는데 이제품은 불편하지 않습니다 마치 바르지 않은것 처럼요 광고에 거짓이 없습니다
자세밴드,어깨 부분은 꼬임. 밸크로는 사용 1개월 시점 부터 잘 붙지 않음. 2개월 사용 (평균 주3회) 시점 부터는 사용 불가.
선크림,겨울에도 선크림 발라줘야하는거 아시죠 1년 내내 선크림 바르려고 노력하고 있습니다 성분이 좋아서 아이랑 같이 쓰려고 구매했어요 백탁없고 밀림없어서 화장하기 전에 발라도 화장이 뜨지않아서 좋네요
자세밴드,어릴때부터 어깨가 굽은 자세여서 지적을 많이 받았어요. 나이 드니 이제 제가 보기가 싫더라고요. 사진 찍어도 안예쁘고. 그래서 자세를 좀 바르게 해보려고 구매했어요. 이거 하는 시간동안 자세를 고쳐잡다보니 평소 생활할때도 전보다 바른자세를 유지할 수 있어서 만족스러웠어요.
자세밴드,"장시간 앉아서 일하다 보니 자세가 구부정해져서 써봤는데 확실히 효과 있어요. 처음엔 조금 뻣뻣한 느낌이었는데 몇 번 착용하니까 금방 익숙해졌어요. 어깨를 자연스럽게 펴주는 느낌이라 거북목이 덜해지고, 허리도 덩달아 곧게 펴지더라구요. 밴드가 탄탄하면서도 압박이 심하지 않아서 오래 착용해도 불편하지 않아요. 자세 교정 시작하신 분들께 추천해요."
자세밴드,좋은거 같아요 겨드랑이 좀 쪼이긴하지만 쪼이는 느낌이 들어야 허리랑 어깨 교정이 잘 되는 느낌이라 좋습니다.
선크림,발림성좋고 끈적이지 않아서 매일 사용하는 제품입니다~^^
자세밴드,퀄리티가 넘 좋아용 메쉬 소재로 되어있어서 통기성도 좋구 잘 만들어졌어요 만족하며 사용중입니다><
선크림,8세 6세 남매에게 아침마다 가볍게 발라줍니다. 선팩트나 선스틱은 손에 묻지 않은 장점이 있는대신 로션 바르고 두들려 줘야해서 요건 로션처럼 발라주니 손에 묻어서 불편하긴 해도 한번에 끝나니 편하기도 합니다. 팩트나 선스틱처럼 애들 얼글이 매트해지지 않아서 유분기 넘치면서 부자집 애들 느낌이 납니다 응? ㅋㅋ
자세밴드,보는 친구들이나 어른들이 어깨좀 피고 다니라고 해서 스트레스 받아서 좋아! 펴주 겠어! 하면서 구매했습니다 펴보니까 세상이 조금 다르게 인지되네요 자신감이 붙었달까.. 좋습니다 교정하겠습니다!
선크림,정착템 드디어 여기 후기올려주신분들꺼 읽어보고 반신반의해서 시켰는데 느므 느므 느므 좋아요~ 후기 올려주신분들 말들 다 옳앗!! 발림성 향 촉촉하믄스은은한 광 나이가드니깐 광이 안나믄 세상초췌해보이고ㅠ 광이 너무심하믄 개지름번들녀로 보이고ㅠ 이거슨 딱!은은하니! 마지막 젤좋앗던건 마스크안에서 땀나서 마스크벗으믄 다른썬크림들은 흡수를 아무리잘시켜도 허연땀이 송글송글 이건 그런거없어요~사람이 추잡하게 안보여요ㅠ 평쓰러온김에 하나 더 사갑니다~
선크림,어머님 드렸는데 너무 밝다고 하시네요 저희가 쓰긴 괜찮은데 어머님은 밝은 느낌이시라고 하니~ 색상만 밝지 쓰기는 괜찮다고 하셔서 우선은 이거 쓰시기로 했어요^^
자세밴드,평소 허리 어깨 목이 안좋아 부항이나 침을 맞았는데 앉을때 웅크리고 어깨가 앞으로 기울어져 이러다 꼬부랑 할머니 될까봐 자세교정을 검색한 결과 요 제품이 리뷰도 좋고 약국입점이라 일단 구매했어요 답답하거나 불편한것 없이 착용하니 허리와 어깨가 구부러지지 않게 자세를 잡아주네요 허리도 시원하고 내 체형에 맞게 어깨 벨트를 조절하니 활동도 불편하지 않아요
선크림,"쿠팡체험단 이벤트로 상품을 무료 제공받아 작성한 리뷰입니다. 100ml라고 해서 뭔가 막연하게 크기가 클 거라고 생각했는데 딱 도착했는데 생각했던 것보다 크기가 작아서 조금 당황했어요 생각해보니 보통 쓰는 썬블럭이 50ml 정도니까 딱 두 배 만하긴 하더라구요 용기는 얇고 긴 편이고, 캡은 돌려서 여는 타입이라 뚜껑이 쉽게 열릴 염려는 없어서 좋았습니다 입구도 좁아서 양 조절하기가 쉬웠습니다 질감은 로션같지만 매우 묽은 워터리한 질감입니다 그래서 발림성이 좋아서 좋습니다 간혹 되직하게 뻑뻑한 것들이 있는데 그런 선크림은 진짜 바르기가 힘들어서 로션이랑 섞어서 바르기도 하고 그렇거든욧 SPF50+ 에 PA+++ 이라 차단성도 좋아서 이번 여름 아주 잘 사용할 것 같습니다"
자세밴드,저는 50대 남성입니다 배는 많이 나왔지만 어깨가 상당히 좁은편이라서 2XL사이즈지만 허리사이즈는 적당하고 어깨 사이즈는 길어 상품 환불하고 L사이즈가 없다고 하니 M사이즈로 재신청하고 보니 또 가로길이 허리사이즈에서 문제가 될꺼 같아 그냥 쓰자 한번 써보고 정 안되겠다 싶으면 어쩌겠습니까 L사이즈 나오면 새로 사자 어깨 사이즈 너무 커 ㅠ 사진도 찍어 올리고 싶지만 민망해서 못 올리겠네요 키: 172 체중: 66 허리:92 ㅋㅋㅋ
자세밴드,몸에 잘 맞아요 답답할 줄 알았는데 생각보다 답답하지 않고 편해서 착용하기 좋네요 마감처리도 잘 되어있고 퀄리티 좋아요
선크림,휴무에 집에서 쉴 때 뽀샤시하게 피부 정리가 되어서 너무 좋아요
자세밴드,승모근 뭉쳐서 뻐근했는데 이 교정밴드 사용하니까 어깨가 펴지고 승모근 뭉치는 것도 덜해요~
자세밴드,저렴하게 잘 산것 같고용 어깨가 자연스럽게 펴지면서 라운드 숄더도 개선되는 느낌이 들어요 처음에 착용감이 조금 어색했지만 금방 적응되기도 했고 오랜 시간 동안 착용해도 불편하지 않아요
선크림,여행갈때 쓰려고 주문했어요 부트럽고 향도좋고 잘발려요
자세밴드,속는셈치고 샀는데 어깨가 좀 펴지네요. 심각한 라운드숄더라 엎드리면 어깨가 바닥에. 촥 닿아여ㅜㅜ 거북목에 등도 굽어서 언 능 세탁해서 입어야겠어여. 곧 여름이니 한개 더 살랍니다.
선크림,예전부터 매일 바르는용으로 잘 쓰고 있어요. 그땐 가격이 착해서 시작했는데요. 지금은 체감상인지 가격이 좀 형성된 듯 해요. 그래도 다시 백~해서 왔어요. 요거 주문전에 무기자외선 차단제 한번 사봤어요. 장점이 있지만 그동안 써오던 습관인지 이전의 것의 장점을 뒤늦게 알았어요 그래서 상황에 따라 겸해서 쓰려고 두가지 다 쓰려구요. 평소 화장을 많이 하지 않고 선크림베이스에 쿠션팩트만 발라요. 무기자외선차단제가 바르고 바로 햇빛 차단하는 장점이 있지만 쿠션바를 때에는 유기자외선차단제가 흡수가 잘되어서 더 낫더라구요. 이자녹스선크림이 선크림기능 뿐 아니라 베이스 기능이 좀 있어서인지 쿠션바르기전에 데일리로 쓰기 좋더라구요. 발림성이 좋고 흡수도 잘되구요.
선크림,평소에 썬크림과 에스티로더 더블웨어 파운데이션 섞어서 바른뒤 수정화장은 헤라쿠션 사용하는데 유튜브 메이크업 영상을 우연히 보고 썬크림기능이 있는 톤업크림 사용하는걸 보고 바로 검색하고 주문하게 되었습니다. 이자녹스는 오래전에 기초화장품으로 많이 사용했던 브랜드라 믿고 걍 주문해서 써보기로 작정했답니다. 역시 순하고 부드럽게 발리는 톤업크림이었네요. 제가 사용하기에 톤업효과는 약하지만 나름 일반 썬크림보다는 화사해보이긴 했습니다. 많이 촉촉하지 않아서 조금은 아쉬웠는데 그럭저럭 사용할만했습니다.
자세밴드,상품 잘받았습니다. 문제 발생시 문의하겠습니다.
선크림,"순하고 편하게 바를 수 있는 선크림을 찾다가 피지오겔 썬 로션을 구매했어요! ✨ 좋았던 점 - 정말 부드럽게 발리고, 끈적임이 거의 없어요 - 촉촉하면서도 답답하지 않아서 데일리로 딱이에요 - 무향이라 민감한 피부에도 안심하고 쓸 수 있어요 - 용량이 넉넉해서 온 가족이 함께 사용하기 좋아요 ✔️아쉬웠던 점 - 수분감이 많다 보니 지성 피부는 살짝 번들거릴 수 있어요 - 땀이나 물에는 약해서 야외에서는 자주 덧발라야 해요"
자세밴드,허리를 고정하는 찍찍이가 너무약해서 조금만 힘줘도 풀려버려서 보호대의 역할을 하지 못하고 사용 하루만에 곧곧에 실밥이 터지네요 비추
자세밴드,"며칠 동안 자세 교정 밴드를 착용해봤는데, 확실히 평소보다 어깨가 펴지고 등이 곧게 서는 느낌이 들었어요. 평소에 컴퓨터를 오래 하다 보면 어깨가 앞으로 말리고 목이 앞으로 쭉 빠지는 거북목 자세가 습관처럼 나왔는데, 밴드를 착용하니 알아서 바르게 잡아주는 느낌이에요"
자세밴드,요즘들어 허리도 너무 많이 아프고 오래 앉아서 일하다보니 틀어진는거 같아서 교정이 필요할거 같아 주문했는데 배송도 빠르고 받자마자 사용중인데 허리 잘 잡아주고 시원하고 좋네요 오래 잘 착용해볼게요 굿굿
선크림,자외선 차단제에 피부도 눈도 예민해서 신중하게 여기 저기 후기보고 구매했습니다 향은 강하진 않은데 솔잎향같은 냄새라 좀 호불호가 있을것 같구요 제가 제일 중요하게 생각하는 눈시림인 전혀 없었습니다 피부 가려움이나 따가움도 없었구요 도포하자마자는 살짝 끈적이는데 금방 스며들어 보송해집니다 워터프루프는 아닌데 흐르는 물에 손을 씻을 때 바로 씻겨나가지 않고 물방울이 피부 표면에 도로록 구르네요 세안할 때는 클렌징 밀크로 이중세안 해야할 듯요 한 가지 아쉬운 점은 생각보다 매트하다고 할까요? 건성인 분들이 겨울같이 건조한 계절에 쓰기엔 보습력이 살짝 부족한 것 같습니다 습하고 더운 계절에 쓰기에 더 좋을 것 같아요
자세밴드,바른 자세 유지할 수 있도록 보조 역할을 잘 해주는 것 같아요! 너무 밴드에 의존해도 안좋다고 해서 이것저것 알아보다가 구매했는데 착용감도 괜찮고 맘에 듭니다
자세밴드,"디자인 블랙 컬러에 등 전체를 덮는 조끼형 구조예요. 뒤에서 보면 등줄기를 따라 스트랩이 가로세로로 잡아주는 형태라 착용만 해도 자세가 달라 보여요. 옷 안에 입기엔 부피가 있지만 실내에서 자세 교정용으로는 충분해요. 성능 착용하면 어깨가 자연스럽게 뒤로 당겨지고 등과 허리가 세워지는 게 확실히 느껴져요. 거북목 교정 넥키퍼와 함께 착용하면 목부터 허리까지 전체 척추가 한꺼번에 잡히는 느낌이라 시너지가 좋더라고요. 재활치료에서 권유받은 만큼 의료용 목적으로도 충분한 수준이에요. 가성비 약국 입점 제품이라 신뢰도가 있는데 일반 교정기 대비 합리적인 편이에요. 오래 쓸 수 있는 소재감이라 충분히 값어치를 한다고 느꼈어요. 아쉬운 점 오래 착용하면 조이는 느낌이 꽤 강해서 처음엔 30분~1시간씩 점차 늘려가는 게 좋아요. 여름엔 등 쪽에 땀이 차기 쉬울 것 같고, 사이즈 조절이 처음엔 헷갈릴 수 있어서 착용 방법을 꼭 한 번 확인하고 입는 걸 추천해요. 이런 분들에게 추천합니다 병원에서 자세 교정을 권유받으신 분, 평소 등이 굽거나 어깨가 안으로 말리는 분, 거북목 교정 제품과 함께 목부터 허리까지 통합 교정을 원하시는 분께 딱 맞는 제품이에요.​​​​​​​​​​​​​​​​"
자세밴드,바른 자세하려고 해도 자꾸 구부정하고 있게 되더라고요. 일주일에 2-3번은 재택근무하고 있고 특히 컴퓨터 작업할 때 자세 제일 안 좋은 것 같아서 주문했어요. 처음에는 5분도 힘들었는데 이젠 좀 적응돼서 그런지 착용하니 훨씬 어깨랑 허리랑 덜 피곤해요. 바른 자세 밴드같은 거 여러 개 사용해 봤는데 이게 제일 괜찮은 것 같아요.
자세밴드,"두통이 심한 남편이 구매해 달라고 해서 여러곳 알아보다 선택한 정직한 바른자세밴드~~ 바른자세를 해야 지긋지긋한 두통이 괜찮아진다고 해서 구매했습니다. 사용해보니 생각보다 착용감이 편안하고 오래 착용해도 크게 불편하지 않았어요 처음엔 어깨가 꽉 조이는 느낌이 있었지만 몇 번 사용하다 보니 자연스럽게 자세가 교정되는 효과를 느낄 수 있었고 두통도 호전되네요. 특히 평소에 컴퓨터앞에 구부정하게 앉는 습관이 있었는데, 밴드를 차고 있으면 등이 곧게 펴져서 바른 자세를 유지하는 데 도움이 됩니다. 성장기 중학생 아들도 바른자세로 책상에 앉을수 있어서 좋네요 가볍고 통풍이 잘 되어 땀이 차지 않아 여름에도 무난하게 사용할 수 있고, 옷 안에 착용해도 티가 덜 나서 실내외 모두 활용하기 좋습니다. 꾸준히 사용하면 두통.어깨 통증 완화와 바른 체형 관리에 확실히 효과가 있을 것 같아 만족스럽습니다."
자세밴드,스파인 케어 제품 중 에서 자세 교정 밴드가 괜찮다고 하길래 구매했습니다. 효과 좋은 것 같아요
선크림,밀리도않고 끈적임도없어 넘 좋아요 소량으로도 전체적으로 바를수있어서 그것도 좋아요
자세밴드,"확실히 평소 구부정했던 자세가 조금씩 펴지는 걸 느끼고 있어요. 남편이 요즘 자꾸 어깨가 앞으로 굽게 되고 허리에도 무리가 가는데, 이 제품은 어깨를 자연스럽게 뒤로 잡아줘서 상체 라인이 바르게 정돈되는 느낌이라고 하네요. 처음엔 약간 어색했지만 하루에 1~2시간 정도씩 착용하면서 점점 익숙해졌고, 무리하지 않으면서도 긴장감을 줘서 장시간 착용도 부담스럽지 않다고 해요. 2XL 사이즈라 체형이 있는 분들도 편하게 착용할 수 있어요. 소재도 통기성이 좋고 땀이 차지 않아 여름철에도 쾌적하게 사용할 수 있겠더라고요. 집에서 간단히 착용하면서 자세 교정 효과를 기대할 수 있어서 헬스장에 따로 가지 않아도 되는 점도 큰 장점이네요."
자세밴드,허리 찍찍이는 넉넉한데 등에서 허리 로오는 찍찍이가 짧아요
자세밴드,"정직한닥터 어깨교정기를 실제로 몇 주 사용해보면서 느낀 점을 솔직하게 적어보면, 단순한 보조용품이 아니라 자세 교정에 꽤 확실한 도움을 주는 제품이라는 느낌을 받았다. 처음 착용했을 때 가장 크게 느껴진 건 어깨가 자연스럽게 펴지는 느낌이다. 일반적인 교정기는 너무 뻣뻣하거나 압박감이 강해서 오래 못 착용하는 경우가 많은데, 정직한닥터 제품은 탄성 있는 소재라서 당기기는 당겨주되 불편할 정도로 조이지 않는다. 그래서 장시간 착용해도 어깨가 욱신거리거나 답답하지 않았다. 가장 좋았던 점은 착용 직후부터 자세가 확 바뀌는 게 바로 체감된다는 것. 허리가 구부정해지거나 어깨가 앞으로 말리는 걸 교정기 자체가 잡아줘서, 컴퓨터 할 때나 설거지, 집안일 할 때도 자세가 자연스럽게 반듯하게 유지됐다. 하루 종일 착용하지 않아도 몇 시간만 착용해도 본인이 자세를 더 의식하게 되는 느낌. 밴드 조절도 쉽고, 체형에 맞게 딱 맞춰 고정되기 때문에 움직이거나 걸어도 흘러내리지 않는다. 어깨 라인과 겨드랑이 부분도 부드러운 소재라 피부 쓸림 거의 없었음. 밴드 폭도 넓은 편이라 압박이 한곳에 몰리지 않고 균일하게 잡아준다. 착용감이 가볍고 얇아서 옷 안에 입고 있어도 티가 거의 안 난다는 것도 장점. 외출할 때도 겉옷만 걸치면 티 안 나서 편했고, 회사에서 장시간 앉아있는 사람은 진짜 도움이 많이 될 것 같다. 그리고 여러 날 착용하다 보니 특히 느껴지는 건 승모근·거북목 완화 효과. 어깨 말림이 줄어드니까 목이 앞으로 빠지는 습관도 같이 잡힌 느낌이 있다. 하루 썼다고 바로 교정되는 건 아니지만 꾸준히 쓰면 정말 체감되는 변화가 있었다. 마무리로, 내구성도 괜찮다. 밴드가 금방 늘어나거나 찢어지는 느낌 없이 튼튼하고, 세탁해도 모양이 망가지지 않는다. 가성비도 좋아서 처음 어깨 교정 제품 써보는 사람에게 특히 추천할 만한 제품. 종합적으로 보면 정직한닥터 어깨교정기는 착용감·자세 교정 효과·내구성·가성비, 네 가지가 균형 잡힌 만족도 높은 제품이었다."
자세밴드,"어깨가 자꾸 말려서 구부정했는데, 이 밴드 하고 나서 훨씬 자세가 안정돼요! 조절 끈이 있어서 체형에 맞게 조절 가능하고, 어깨 압박감도 심하지 않아요. 재질이 탄탄하면서도 부드러워서 자극이 없고, 통풍도 잘돼서 여름에도 괜찮아요. 처음엔 좀 뻐근하지만 익숙해지면 자연스럽게 어깨가 펴져요 요즘은 앉아 있을 때도 스스로 자세를 의식하게 돼서 자세교정 효과 톡톡히 보고 있어요ㅎㅎ"
자세밴드,친구가 등이 너무 구부정하다고 사진 찍어서 보여줬는데 심각하더라구요.. 그래서 평소에 어깨랑 허리가 많이 아팠나 싶더라구요~! 병원을 가봐야하나 고민하다가 우선 바른 자세를 연습해보자 생각하고 자세교정밴드를 구매했어요! 약국입점 제품이라 정직한닥터 브랜드로 선택했는데 사길 잘 한 것 같아요~ 착용하자마자 어깨랑 등이 쫙 펴지는데 신기하더라구요. 아무래도 교정기를 착용하면 불편할 꺼라는 편견이 있었는데 이 제품은 오히려 삶의 질을 높여준다라는 생각을 갖게 해주었어요 평소에 신경쓰지 않아도 자연스럽게 교정되니깐 통증도 덜 하고 바른 자세로 오래 유지되니깐 피로감도 적게 느껴지더라구요. 벨크로 형식으로 체형에 맞게 조절되서 활동하기에 더 편했고 옆구리 허리 부분에는 메쉬 소재로 통기성이 우수해서 여름에 착용하기에 시원하고 좋습니다. 남편도 매일 허리아프다고 해서 써보라고 했더니 요즘은 저 보다도 남편이 더 사용하더라구요. 바른 자세는 물론 통증까지도 완화시켜주는 자세교정밴드 요즘 애정템이 되었답니다!! 강추강추
선크림,항상 선크림 바르구 비비크림 위에 덧발랐는데 요즘은 이거 하나만 바르구 외출해요. 커버가 엄청 잘되는건 아닌데 적당히 돼요 오히려 화장 두꺼우면 인위적인데 화장 얇게 한 느낌이라 좋아요 벌써 2개 사서 쟁여놓고 쓰는중에요
선크림,번들거림이없어서 좋아요~! 얼굴이화사해보여요
자세밴드,요즘 자세가 너무 안좋아서 허리와 목에 통증이 심해져 하나 찾고 있었는데 우선 배송이 너무 빠르구요 몸에 힘을 들이지 않아도 자세를 잘 잡아줘서 너무 좋네요 ㅎ 처음에는 좀 익숙하지 않아 좀 불편했는데 매일 사용하니 이제는 사용 안하고 있음 더 불편함이 느껴질정도네요
자세밴드,✔️ 구매이유 자세가 구부정해서 그런지 장시간 앉아있으면 허리가 아파와서 자세교정밴드가 도움이 되지않을까 싶어서 정직한닥터 바른 자세 밴드를 구매해봤어요 ＊┈┈┈┈＊┈┈┈┈＊┈┈┈┈＊┈┈┈┈＊┈┈┈┈＊┈┈┈┈＊ ✔️ 착용감 잘 잡아줘서 그런지 착용감이 편했어요! 장시간 착용을 해도 불편한게 없어서 마음에 들었어요 ㅋㅋ 편해서 언제든지 착용 할 수 있어 좋은거같아요 ദ്ദി⑉¯ ꇴ ¯⑉ ) 앉아있을 때 착용하는데 허리가 안아프더라구요!! 평소 아팠는데 자세교정밴드 하나로이렇게 달라지다니ㅠㅠ 만족하면서 일해요!ㅋㅋㅋ ✔️ 통기성 여름에도 착용가능할 정도 통기성 좋아요 밴드 쫙 해놓는게 자세에 맞아서 그렇게 하고있는데 땀이 않차요 ㅎㅎ 착용법도 간단해서 쓰기좋아요! ✔️ 사이즈 다양한 사이즈로 맞는 사이즈를 고를 수 있어 좋아요! 자세교정이다보니 아무래도 맞는걸 사야 좋을거같아요 ㅋㅋ ＊┈┈┈┈＊┈┈┈┈＊┈┈┈┈＊┈┈┈┈＊┈┈┈┈＊┈┈┈┈＊ ✔️ 총평 통기성도 좋고 착용감이 좋은 자세교정밴드입니다~ 장시간 착용시에도 불편한게 없어 좋아요! ＊┈┈┈┈＊┈┈┈┈＊┈┈┈┈＊┈┈┈┈＊┈┈┈┈＊┈┈┈┈＊ 직접 써보고 쓴 정직한닥터 바른 자세 밴드 리뷰로 구매에 도움이 되셨다면 아래에 도움이돼요를 꾹♡ 눌러주세요 감사합니다 (*ˊᗜˋ*)ᵗʰᵃⁿᵏ ʸᵒᵘ
자세밴드,"컴퓨터하고, 공부하면서 거북이목은 물론 등이 자꾸 굽어서 자기도 허리 아프다는 말을 하더라고요. 그래서 주문해 줬습니다. 공부할때나 일상생활 할때도 착용하고 하면서 허리 좀 펴야겠다고 하네요."
선크림,쿠팡체험단 이벤트로 상품을 무료 제공받아 작성한 리뷰입니다. ■피지오겔 데일리 모이스쳐 UV 패밀리 썬로션 LG생활건강에서 나온 선로션은 보통 바르는 썬크림보다 묽게 나온 로션에 가까운 제형이에요 ■언박싱 택배 비닐포장용지에 배송이 되었는데 썬로션이 플라스틱 케이스에 2중 포장되어있어 흐르거나 깨지지않고 잘도착했네요. 유통기한도 넉넉하고 생각보다 아담한 사이즈로 한손에 쏙 잡히는 바디입니다! 뚜껑을 열어보니 토출구가 특이한게 로션이 한번에 왕창?나올 일은 없겠어요. ■바를때 느낌 묽고 하얀 점도의 로션이라 바르기가 편합니다. 아이들 얼굴에 바를때 크림형은 뻑뻑문지르다 두드리다보면 눈썹에 백탁이 끼고 자극을 주게 되지않나요?ㅎ 하지만 점도가 낮다보니 펴바르기 정말 수월합니다. ■총평 일단 백탁현상이나 끈적임이 많지않아 아이들과 같이쓰기 좋은 것 같아요 늘 썬크림이나 썬스틱만 썼었는데 썬로션이 이리 편할 줄 몰랐네요 SPF50+ 제품이고 자주 펴바르기도 수월한 점이 제일 좋아요!
자세밴드,"어빠랑 저는 컴퓨터를 많이 하는 직업이다보니까 자세가 점점 거북이 처럼 변하는거에요ㅜㅜ 그래서 자새를 바로 잡기 위해서 자세교정밴드를 구매했어요!! 착용하는 방법은 매우매우 쉽지만 처음 착용할때는 되게 어색한 느낌이 있어서 저는 적응하는데 좀 힘들었는데 아빠는 되게 금방 적응 하셨더라구요! 제 생각엔 어깨가 많이 말려있거나 굽은 등이 심하면 적응하기 어려운거같아요,,ㅎ m 사이즈인데 아빠랑 저랑 같이 착용하기 전혀 불편함이 없고 착용후에 돌돌돌 말아서 지퍼백이나 다른 파우치 같은 곳에 보관하기 좋아서 여행갈때나 회사에 들고 다닐수 있는 부피감이 여서 너무 좋은거같아요! 여름이여서 옷 위에다가 착용하면 땀때문에 많이 불편할까 걱정이였는데 매쉬 소재로 되어 있어서 통기성도 뛰어나고 땀 흡수가 잘 되서 장시간동안 착용해도 불편함이 전혀 없었습니다! 틈틈히 착용해주고있는데 착용 하지 않을때도 몸이 교정밴드를 입은거처럼 자세를 유지하려고 해서 계속 꾸준히 착용해서 굽은등과 말린어깨를 고쳐야겠어요!!"
자세밴드,앉아서 작업하는 일이 많다보니 거북목과 허리가 굽어 체형이 많이 변형 되었는데 좋은 가겨대에 만점 밴드를 찾았네요
자세밴드,하체보다 상체가 긴 사람에게는 허리 지지대가 좀 짧다... 다르건 비교적 다 마음에 들지만..의자에 앉아서 글씨 쓰거나 하면 겨드랑이가 아프다 자세가 앞으로 쏠린 사람이나 거북목인 사람에게는 좋다고는 못하겠다...
자세밴드,"노트북과 핸드폰의 잦은 사용으로 목두 많이아푸고, 어깨가 굽어서 바른자세가 중요한것같아서 저와 성장중인 딸래미~함께 사용하려구 구매해봐요. 재질이 피부에 자극없이 등받이도 어깨도! 장시간 착용에도 편안하고 허리나 어깨싸이즈는 찍찍이로 조절 가능하여서 누구나 본인에맞게 조절하여 착용가능해요! 지퍼팩으로 되어있어~때 안타게 담아서 보관도 유용하고 좋아요."
선크림,진짜 빨리 오네요 뽁뽁이로 소중하게 포장되어왓어요. 얼굴만 발라야하는거 아니고 온몸에 바를수 있어서 아주 좋네요. 유통기한도 26년까지로 아주 넉넉해요. 촉촉하니 좋습니다. 그립감도 좋아서 파우치에 넣고 가지고 다니면서 수시로 바를수 있을거 같아요
선크림,"""40대 중반 직장인입니다. 평소에 외근이 많고 자외선에 노출될 일이 많다 보니, 피부 관리를 신경 쓰려고 선크림을 알아보던 중에 이 제품을 쿠팡에서 구매했습니다. 결과적으로 아주 만족하고 있어서 리뷰 남깁니다. 장점 백탁 없음: 바르고 나서 얼굴이 하얗게 뜨지 않아 좋습니다. 남자들은 화장하는 것도 아니고, 선크림 때문에 얼굴만 붕 뜨면 좀 민망한데 이건 그런 게 전혀 없습니다. 끈적임 없음: 바른 직후에도 끈적한 느낌이 없고, 특히 머리카락이 얼굴에 붙는 것도 없어서 활동할 때 편합니다. 눈시림 없음: 예전엔 땀 흘리면 눈이 따갑고 흘러내려서 불편했는데, 이 제품은 그런 게 없네요. 운동할 때도 좋습니다. 성분이 순함: 피부가 예민한 편이라 조금만 자극 있어도 트러블이 올라오는데, 이건 전혀 그런 문제 없었습니다. 검색해보니 전성분도 꽤 착하더군요. 흡수력 좋음: 바르고 나면 바로 흡수돼서 바쁜 아침에도 금방 외출 준비가 가능합니다. 단점 굳이 단점을 꼽자면, 향이 거의 없어서 호불호가 있을 수는 있겠네요. 전 오히려 무향이라 더 마음에 들었지만요. 총평 40대 남성이라면 피부에 부담 없는 제품을 찾게 되는데, 이 선크림은 그런 면에서 정말 만족스럽습니다. 밀림, 끈적임, 백탁, 눈시림 다 없고, 성분도 순해서 매일 쓰기 좋아요. 재구매 의사 있습니다."""
자세밴드,자세가 바르지 않아서 어깨도 라운드 숄더이고 거북목도 살짝 있는 것 같아서 자세 교정하는데 도움을 받을 수 있을까 싶어서 구매해 봤습니다 확실히 이걸 하고 나면 허리가 꼿꼿하게 펴지고 목이 정면을 바라보는 자세가 되어서 자세 교정에 도움이 되는 것 같아요
선크림,향은 거의 없고 질감은 로션정도. 썬크림이라고 많이 바르면 완전 가부끼 됨. 화운데이션 기능이 더 큰 듯. 부드럽게 발리기는한데 촉촉함이 없음. 얼굴이 건조하게 느껴짐. 오래가고 마스크에 묻어나지 않아요. 트러블도 없음. 좋다는 평이 많은데 건성인 사람은 별로.
자세밴드,허리 아프신 부모님 자세 교정 밴드로 사용하시라고 구매했어요 항상 허리가 굽어서 허리아프시다고 하는데 어깨부터 필 수 있는 자세 교정 밴드가 허리에 좋다고 하더라고요 사용해 보시더니 허리가 한결 편하다고 하시네요
자세밴드,"맨날 거북목 의 라운드숄더 너무 컴플렉스여서 신경 쓸 때마다 스트레칭도 하고 요가도 해 주는데 생각보다 잘 교정이 안 되더라구요 꾸준히 올바른 자세를 유지 하는 게 너무 힘들어서 바른자세 밴드를 사 봤어요. 상세페이지에 나온 대로 사이즈 확인하고 샀더니 딱 맞아요 착용 하는 방법도 간단하고 움직이는데 불편함이 없어서 계속 착용가능 하겠더라구요 이 밴드 착용 안하고 집에 있으면 그냥 나쁜 자세로 널부러져 있는데, 이 밴드를 하고 나서 의식적으로 계속 체험을 똑바르게 하게 됩니다. 꾸준히 써볼 생각이에요."
선크림,선크림이 조금 묽은 편이고요 색소가 들어 있어서 화장 따로 하지 않아도 됩니다 발림도 금새 되고요 조금 답답한 것은 어쩔 수 없는 선크림 기능 때문인 것 같습니다 그런데 땀이 나서 손수건으로 닦으면 손수건에 색소가 묻어나서 좀 불편하긴 합니다
선크림,아마 엘지의 스테디셀러 일듯. 이제품을 7년 넘게 썼는데 잡티가 안생깁다. 자외선 차단효과 좋은 제품 입니다. 피부과에 다니는데 잡티가 없다고 합니다.
자세밴드,거북목 교정을 목적으로 2개를 구매했으나 3개월 정도 사용했으나 교정효과가 별로 없는것 같음
자세밴드,증상에 따라서는 않좋을수도 있어요 목디스크나 거북목의경우 증상 악화될수도ᆢ 아프신분들은ᆢ 병원가서 물어보고 쓰세요ᆢ
선크림,쿠팡체험단 이벤트로 상품을 무료 제공받아 작성한 리뷰입니다. *************************** 겨울되면서 로션도 발라야하고 썬크림도 발라야하고 번거로운 아침이에요. 그런데 피지오겔 유브이 썬로션 하나면 바쁜 아침에도 로션과 썬크림을 한번에 해결 할 수 있어요. 질감은 약간 묽은 질감읋 사용하기 전에 5회 정도 흔들어준 후 사용해야 잘 섞인걸 쓸 수 있어요. 보습도 잘 되는거 같이 엄청 촉촉해요. 건조한 썬크림 바르면 피부가 하얗게 뜨는데 이건 그런 느낌 없이 촉촉하고 좋아요. 얼굴용뿐만 아니라 바디에도 사용가능해서 손등이나 이런부분 겨울에 잘 탈 수있는데 손등에도 바르니 아주 촉촉해요.
선크림,엄마가 오랫동안 쓰는 템입니다 일반 선크림보다 더 화사해서 화장 따로 안하고 이것만 바르고 다녀도 좋다고 하시네용 건성 피부인데 당기는 것 없이 괜찮대요
선크림,쿠팡체험단 이벤트로 상품을 무료 제공받아 작성한 리뷰입니다. ✔️구입동기 선크림을 다써서 새로 구입하려고 알아보던 중 사용 볼 수 있었어요! ✔️사용후기 -왜 ‘선로션’인지 발라보니 바로 알겠더라구요>0< 우선 바르기가 너무 편해요! 선크림은 뻑뻑(?)해서 잘 안바르면 백탁현상도 일어나는데 이건 발라진것 맞나 싶을 정도로 잘 흡수되거든요 - 바르는 순간 마일드하고 촉촉한 제형이 피부 깊숙이 스며들어 즉각적인 자외선 효과를 보여줍니다. - 그래서 평소 수분이 부족하거나 푸석한 피부엔 더더욱 제격인 아이템입니다. - 자외선 차단 뿐만 아니라 미백 및 주름 개선 효과까지 있다고 하니 이건 정말 안 쓸 이유가 없네요!
선크림,"피지오겔 예찬하는 사람인데요, 이건 눈이 시려도 너무 시려요. 이거 바르고 강원도까지 운전하는데 두 시간 동안 눈이 시려서 너무 힘들었어요. 눈 주변을 발라야 주름으로부터 보호가 될텐데 눈 가까이는 아예 바르지도 못해요. 팔에나 발라야겠어요. 피지오겔 너무 좋아하는데 썬로션은 진짜 완전 비추!"
자세밴드,책상에 앉아 있는 시간이 많다보니 허리통증도 심해지고 거북목도 진행중이라 평소 바른 자세를 유지하는데 도움을 주는 걸로 보다가 이걸로 골랐어요 몸집이 큰 편인데 4XL하니 넉넉하게 잘 맞습니다 갑갑하지 않으면서 등을 바로 세우는데 더움을 주니 효과가 좋더군요 착용도 힘들지 않습니다 어깨걸이 만들어서 두팔끼우고 찍찍이로 고정하면 됩니다 꼼꼼히 살펴봤는데 재봉도 꼼꼼하고 마감도 깔끔합니다 주말 작업 할 때도 이 교정밴드 덕을 톡톡히 봤습니다
자세밴드,어깨랑 허리까지 완벽하네용 ㅎㅎ 후기가 좋아서 구매했는데~ 사용해보니까 왜 좋은지 알겠어요
자세밴드,2XL 사이즈라 혹시 너무 크거나 헐렁할까 봐 걱정했는데 체격이 있는 편인 저에게도 압박감 없이 편안하게 잘 맞아서 정말 다행이에요. 착용하자마자 어깨를 뒤로 가볍게 당겨주니까 굽어있던 자세가 자연스럽게 펴지는 게 느껴집니다. 확실히 소재가 유연해서 일상생활 중에 착용해도 크게 불편하지 않아요. 옷 안에 입어도 티가 많이 나지 않아 사무실에서도 꾸준히 사용하고 있습니다. 그리고 중요한 게 장시간 착용해도 겨드랑이 쪽이 아프지 않고 자세를 의식적으로 바로잡게 도와주니 거북목 예방에도 도움이 될 것 같아서 좋네요! 좀 더 써봐야겠지만 지금까지 만족입니다!
자세밴드,나이가 들수록 꾸부정한 자세가 굳어지는 거 같아서 구매했는데 오자마자 착용해보니 확실히 등이 펴지는 자세가 되네요 만족합니다.
자세밴드,칭구가 허리가 아프대서 교정용으로 쓰라구 주문해줬어요 :) 허리가 아프니까 목도 자연스레 아프고 계속 자세가 삐뚤랑한 느낌이라 이러닥 키 160인 나랑 맞먹겠다 하면서 집에 있을때 이거라도 하고 있어봐라햏어여 체격이 있으시다면 4xl가 나으실듯함니당 착용샷보니꺄 어쩌피 잡아주는 용도로 넉넉한 느낌은 아니더라구요 받아보고 일부러 고개 막 거북이처럼 숙여보라햇는데 요 재품이 자세를 딱 잡아주는 느낌이라 펴고있는게 더 편하대요 ㅋㅋㅎ ㅎ
자세밴드,"✅ 등과 어깨가 자연스럽게 펴져요 ✅ 뻐근했던 어깨가 진짜 가벼워졌어요 ✅ 두껍지 않아 이너 안에 착용 가능해요 하루 종일 컴퓨터 앞에 앉아서 일하다 보니 자세가 점점 구부정해져서 고민하다가 리뷰 괜찮은 이 제품 한번 써보자 하고 구매했어요. 생각보다 착용감이 훨씬 편해서 놀랐어요. 2XL로 했더니 어깨도 답답하지 않고, 벨크로로 조절 가능해서 체형에 맞게 조절이 되더라고요. 처음엔 살짝 어색한 느낌이 있었는데 5분만 지나면 어깨가 쫙 펴진 느낌이 들면서 등이랑 허리까지 반듯하게 세워져요. 앉아 있을 때나 걷거나 서 있을 때 모두 도움 됐어요. 어깨가 안쪽으로 말리는 걸 방지해 주니까 자세 교정에도 좋고, 무엇보다 어깨 피로가 확 줄었어요. 예전엔 저녁만 되면 어깨랑 목이 뻐근했는데 요즘은 확실히 통증이 덜해서 만족하고 있어요. 티셔츠 안에 입어도 티가 거의 안 나서 출근할 때도 이너처럼 착용하고 다닐 수 있었어요. 두껍지 않고 소재도 부드러워서 피부에 자극 없고요. 꾸준히 써보려고 하고 있는데, 벌써부터 자세가 조금 더 나아진 느낌이라 가성비 진짜 괜찮은 제품 같아요. 자세 때문에 고민하셨다면 한 번 써보셔도 후회 없을 듯!"
자세밴드,거북목이 심해져서 구매 했는데 자세교정은 어느정도 되는것 같은데 장시간 착용하면 허리 밴드가 가슴으로 올라가는 현상 발생. 이것만 보완하면 very good~
자세밴드,구부정한 자세가 항상 맘에 안들었던 남편 요거 해주니 아주 등이 곧게 펴지면서 키가 5센치는 커보입니다 대박 만족스러워요
자세밴드,목디스크 있는 남편에게 사줬어요. 어깨도 있고 덩치도 조금 있어서 4xl 샀는데 착용감은 나쁘지 않데요. 맨 몸에는 쓸릴꺼 같아서 꼭 옷 위에 입으셔야 할것 같고 하고 있으면 의식적으로도 바른 자세를 유지 할 것 같네요. 더 사용해보고 추가적으로 리뷰 할께요
자세밴드,처음 허리밴드 써보는데 아주 편하고 좋습니다 확실히 어깨랑 허리를 펴주네요 항상 어깨가 안으로 굽어져서 스트레스였는데 착용하고 있으니까 키가 더 커진 느낌이에요
자세밴드,앉아 있는 자세가 안좋다 보니깐 거북목이 되더라구요 그래서 주문하게 됐는데 자세 교정밴드 착용하니깐 확실히 허리랑 어깨가 고정되니깐 자세가 나아지더라구요 목도 덜 아프고 좋아요 잘 사용할께요
선크림,백탁현상있는 썬크림이 싫어서 골랐는데 정말 눈시림도 없고 부드럽게 싹싹 잘 발라지면서 자극도 없습니다. 사길 잘했어요. 유통기한도 길고 양도 많은것보다는 이정도 양이 딱 좋고요. 들고다니면서 쓰기 좋네요. 썬크림은 자주 사용하니까 오래두고 쓰는것보다는 빨리 사용하고 계속 또 사는게 더 나은거 같더라고요. 만족스러운 품질입니다. 다 사용하면 또 살 것 같아요.
자세밴드,"1. 착용감 ★★★★☆ 처음엔 살짝 조이는 느낌 있는데, 몇 번 착용하니 금방 적응됨. 어깨를 자연스럽게 펴줘서 구부정한 자세 잡을 때 도움 됨. 2. 효과 ★★★★★ 장시간 앉아있을 때 어깨가 자꾸 말리는 편인데, 밴드 착용 후 자세가 확실히 교정됨. 어깨와 등이 펴지면서 피로감도 덜함. 3. 착용 편의성 ★★★★☆ 스트랩 길이 조절 가능해서 체형에 맞게 조정하기 쉬움. 옷 안에 입어도 티가 덜 나서 데일리로 착용하기 괜찮음. 4. 내구성 ★★★★☆ 밴드 탄성이 좋고 쉽게 늘어나지 않음. 장시간 사용에도 형태 유지 잘됨. 5. 가성비 ★★★★★ 가격대비 효과 확실해서 만족도 높음. 하루 몇 시간씩 착용해도 어깨가 훨씬 편함. 총평 (평균 별점: ★★★★★) 어깨 펴주는 효과 확실하고 자세 교정용으로 괜찮음. 꾸준히 착용하면 어깨 말림 개선에 도움 돼요."
자세밴드,다만 현재 2시간째 착용중인데 겨드랑이 부분이 넘 아픕니다
선크림,"해외갈때 급하게 선크림이 필요해서 쿠팡을 통해 시켰습니다 하루만에 오는 선크림이 필요했거든요 딱히 기대하지 않았었는데, 발라보니 너무 좋았어요!! 발림성도 부드럽고, 끈적이지 않고 바로 흡수되고, 피부도 안탔어요~~! 다만 바를때 꼭 흔들어서 사용해야하는 점이 불편하긴 했지만 가족들 모두 사용하기 편하게 용기에 적어놓으니 헷갈릴 일 없어 좋았습니다! 원래 햇빛에 엄청 잘타서 빨갛게 타고 아파하는 정도인데 이번엔 그런 걱정 하나도 없이 잘 놀다왔어요~ 아이들 바르기에도 순하니 선크림 필요하시면 추천드려요~"
선크림,피지오겔로 필요한 화장품은 사보고있어요 ㅎㅎ변우석 홧팅!!!ㅋㅋ
자세밴드,통풍도 잘되고 요즘 날씨에 딱이에요 전에 샀던 어깨밴드보다 훨씬 만족스러워요 답답한 느낌 안드는 밴드라 좋아요~~
선크림,매번 쓰는제품인데 끈적임이 덜하고 톤업도 되어서 좋은것 같아요^^
자세밴드,뒤에 엑스자로 끼우고 허리밴드꽉조여붙힌뒤에 엑스자붙히면 허리가 쫙펴지고 특히 등이나 허리어깨 통증있으신분들이 착용하면 좋을듯요 저희신랑미디움하니 딱좋아요 키178에 몸무게72입니다 참고하세요
자세밴드,자세가 구부정해서 교정해야한다는 의사님의 말씀을 전해듣고 자세를 교정해주는 이 제품을 샀어요ㅜㅜ 근데 매일 집에서 착용하다보니 예전보단 달라지는게 눈에 확 보이네요ㅠㅜㅜㅜ 정말 만족!!
자세밴드,"굿...... 목디, 허디 다 가지고 있습니다. 이제서야 자세교정을 하네요.. 필라테스 요가 등등 자세교정 시도 했으나, 저한테 잘 맞지 않고 잘 가지도 않더라구요.... ㅋ 병원에서는 교정기를 해라 하는데 너무 비싸서 엄두가 안나더라구요.. 처음 착용 할 때는 착용법이 헷갈렸는데, 한번 하고 나니깐 엄청 쉽습니다. 어깨로 매고 허리에 붙이고 어깨끈으로 다시한번 몸에 맞게끔 잡아서 붙여주면 됩니다. 말로 풀어쓰니깐 길어보이는데 행동으로 하면 정말 5초컷.ㅋ 첫날은 잘 몰랐는데, 둘쩃날 부터 확실히 몸이 편해지면서 펴지는 느낌이 들었어요 했을때랑 안했을때 통증의 강도가 틀려요 제품도 튼튼하고 자세도 잘 잡아주고 이 가격이 너무 좋은 제품인 듯 합니다"
자세밴드,엄마 사드렸어요 티비보면서 잘하고계시네요ㅎㅎ 자세교정도 잘되고 허리가 펴지니까 편하다고하시네요 불편하지않고 탄탄하게 자세교정을잘해줘요
선크림,"ⓞ 믿고 쓰는 피지오겔. LG생활건강! 언제나 피지오겔은 믿음이죠. 순함의 대명사!!! ① 다른 피지오겔 선크림이랑같이샀는데, 이 제품은 몸에바르는 용도로 샀습니다. 로션이어서 몸에 바를때 딱 좋습니다. 액체형이라 팔같은데 바를때 발림섬도 좋고 너무 편해요! ② 백탁 전혀 없구요, 뭐 이름 모르겠는 기술을 적용해서 진정 보습에 도움도된다니!! 는 뭐 상관없고 선크림 역할 잘해주니깐 좋습니다. ③ 저자극, 안심, 순둥 이라는 단어를 제품홍보글에 많이 사용했더라구요? 그만큼 마일드한 제품이라고 생각됩니다."
자세밴드,"#자세교정 필수품❤️ ⭕️‍깐깐한새댁의 내돈내산 솔직리뷰입니다⭕️ ■제품 특징 및 사용 컴퓨터로 일하는 직업이라 그런지 목과 허리,어깨쪽이 무리가 많이가더라구요. 거울을 보니 자세가 이상해서 아무래도 더 무리가 와서 아픈건가 싶어서 자세교정하기위해 구매하게되었어요. 남편과 같이 사용해본 실제 후기 알려드릴게요! 넉넉한 사이즈까지 커버가되서 배불뚜기 남편도 같이 사용이 되었구요 밴드가 짱짱해서 교정도 잘되었어요. 그렇다고 불편한 느낌이 드는건 전혀 없었구요 여름에도 사용하기 좋은 메쉬소재로 커버되어있어서 덜답답했습니다. 외출할때 옷속에 입고다녀도 많이 티가 안날것같아서 여름철 제외하곤 입고다녀도 좋을것같아요. 내구성도 괜찮고 입을때도 간편하게 입고 벗을수있어서 착용력도 좋았습니다^^ ☑️장점 * 메쉬소재로 통풍성 업 * 짱짱한 밴드 * 탄성지지대로 강력하게 고정가능해요 * 얇아서 여름철 제외하곤 옷속에 입고다녀도 티가 안날듯 * 내구성 좋아요 * 착용해도 쓸리거나 끼이는것없이 편해요 ☑️단점 * 단점은 따로 못찾았어요 ☑️재구매 의사 남편과 같이 쓰다보니 하나론 부족해서 하나더 구매했습니다^^ 출근할때 운동할때 일상생활하면서도 입기 편하고, 자세교정도 잘해줘서 매우만족해요! ⭕️‍✅️제 솔직후기가 도움이 되셨으면 좋겠어요✅️⭕️‍ 도움이 되셨다면 살짝쿵 ""도움돼요"" 눌러주시는 당신은 센스쟁이★"
자세밴드,짱짱하게 잘 잡아주니 편하고 좋네요~ 사이즈도 있고..딱 잡아주니까 허리가 펴지고 힘이 빠져도 바른 자세 유지가 되니 좋은듯해요. 굿굿
선크림,엄마가 십년 넘게 이 제품만 쓰시네요. 가격도 처음보다는 올랐지만 그래도 착한 가격입니다. 트러블도 없고 땀나도 안 뭉게져서 엄마가 지속적으로 쓰고 계시니 저도 조만간 이걸로 갈아탈것 같아요. 강추입니다. 한번에 살때 4개이상 사서 쟁여놓고 쓰시니 말 다한거죠!^^
자세밴드,컴퓨터 앞에 앉아있는 경우가 많아서 자세교정 목적으로 구매 했습니다. 예전에 쓰던게 있는데 예전꺼보다 훨씬 좋네요. 크로스로 밴딩 처리하니까 확실히 잡아줘요. 저같은경우에는 운전할때도 허리가 굽혀있어서 쓰는데 자세교정에 많은 도움이 됩니다.
선크림,"전... 눈이 너무나도 예민하고 약해서 지금은 좀나아졌지만 사진 후레쉬만 터지면 눈을 뜨지 못하는 통에 눈감은 사진 ㅜㅜ 웨딩 사진 찍을 때도 애를 먹었었다죠..흑.. 화장만 하면 눈이 시린 통에 늘 벌겋게 충혈되고 눈물이나서 실눈 뜨고 다녀야 했어요ㅜ 불행중 다행일까요 코로나 마스크 덕분에 과감히 화장없이 심지어 선크림도 생략하고 출근하다가..ㅋ 이젠 안되겠더라구요 나이도 들어가고 관리 안한 티가 팍팍 나서 순한 선크림을 열심히 찾았어요. 그러다 애기들 쓰는 평*율 평점 대박, 게다가 눈시림 없단 어떤 분 후기에 그래 요거다! 하고 샀는데 첨 바르고 나선 출근 길.. 오랜만에 느껴보는 눈시림ㅜ 아ㅜㅜ 난 애기들눈만도 못한 거신가 ㅜ 그날 내내 눈물나서 콧물 훌쩍 실눈 뜨고 다녔다는 슬픈 이야기ㅜ 그래도 이대로 지낼 순 없다 싶어 다시 떠난 모험 쇼핑 이 제품 돈 버릴 생각하고 함 사봤는데요 오오!!! 부드러운 발림에 첫느낌부터 뭔가 달랐다!!는~~ 눈 편안 합니다 뻑뻑한거 허얘지는거.. 그게 모에용??ㅎㅎ 오늘 잠깐 나갔다올까 하고 선크림 바르다가 이건 후기 써줘야해 하고 외출 포기 폰 들고 이러고 있어요 ㅋ 전 계속 이거 쓸라고요 좋은 제품 고맙습니다^^"
자세밴드,확실히 착용을 하고 안하고 차이가 있네요. 허리가 아프기도 하고 평소 구부정한 자세 때문에 고민만 하다가 자세 교정 밴드라는게 있다길래 구매해본건데 사이즈도 잘 맞고 착용감도 좋아요. 첨에는 좀 어색했는데 금방 적응이 되더니 오히려 차고 있는게 더 편한 느낌이더라구요. 냄새도 안나고 박음질도 잘 되어 있는게 제품 퀄리티도 좋은 것 같아요~
선크림,"이자녹스 선크림을 쿠팡통해 사용해보았는데, 기대 이상으로 만족스러웠습니다. 가볍고 산뜻한 텍스처 덕분에 끈적임 없이 피부에 잘 흡수되어 메이크업 전에 발라도 부담이 없었어요. 백탁 현상도 거의 없고 자연스럽게 피부톤이 보정되는 느낌이 좋았습니다. 장시간 야외활동을 했음에도 불구하고 자외선 차단 효과가 확실히 느껴졌고, 건조함이나 자극 없이 촉촉함이 오래 유지됐어요. 특히 민감한 피부에도 자극이 없어서 믿고 사용할 수 있었습니다. 최근에 해 여행을 나갔다가 제가 피부가 다 뒤집어져서 선크림에 중요성을 알게 됐는데, 이 썬크림은 번들거림도 없고 피부도 거의 타지 않아서 기능 면에서도 완벽한 거 같애요. 그리고 이자녹스 라는 브랜드는 어렸을 때부터 부모님이 사용하시던 브랜드 이기 때문에 믿고 사용할 수 있다는 장점도 있었어요. 앞으로도 이 제품을 계속 꾸준히 구매해서 사용할 것 같습니다. 구매를 추천 드려요."
자세밴드,아빠가 나이가 드실수록 점점 거북목에 라운드숄더가 되고있는게 느껴져서 바로 자세교정 밴드를 구매해봤습니다 특히 티비보실때 유난히 구부정한 자세를 하고 계시는데요 오늘 바로 해드리니 등을 고정해주고 어깨를 펴줘서 시원하다고 하시네요 설명서도 있으니 보면서 하시면 좋을듯 합니다 지금도 하면서 야구를 보시는중입니다 어버이날 맞춤 선물 해드렸어요 ^^
선크림,"최악의 선크림땜에 싼거 안사려고하다가 이자녹스라서 산건데. 깜놀. 첫사용한날 집에와서 메이컵 지우니 기미가 엄청 진하게 올라와있었어요. 타기도 했고. 고작 세시간 외출이었는데… 최악의 선크림은 바르기 힘들고,백탁이라고 생각했는데, 많이 발라도 기본역할을 못하는 경우가 최악인거같네요 ㄷ ㄷ 어떻게 자외선차단이 안될수있죠? ㅠㅠ"
자세밴드,일단 자세가 좋아지고 몸도 좋아지는것 같아요~추천 합니다~^^
자세밴드,"정말 만족스런 자세교정밴드입니다! 지인이 아주 강력하게 추천해줘서 구매해봤는데 확실히 사용하니까 도움되고 좋은것같아요~ 빨리 받아서 사용해보고 싶었는데 배송도 로켓배송으로 빨리 받아볼 수 있어서 좋았구요!! 평소에 사무실에서 앉아있는 시간이 많은데, 자세잡는데 확실히 도움되는것같고 걸어다닐때 자세도 달라진것같아서 넘 좋아요~ 재질도 튼튼해서 부담없이 사용하기 좋았고 무엇보다 오래 착용하고 있어도 착용한지 모를정도로 불편함 없이 이용가능하능하겠더라구요~~"
자세밴드,자기전 필수템 ! 평소 어깨가 말려있고 허리통증이 심했는데 ㅠ 이 제품 사용하고 나선 조금씩 바른자세가 되는 것 같습니다. 자기전에 휴대폰 보거나 티비 보면서 1-2시간 하는데 훨씬 몸이 편합니다.
선크림,로션같이 잘 발리고 남편과 아이가 잘 쓰는 제품이에요 눈도 따갑지 않아요
자세밴드,항상 구부정한 어깨와 자세 때문에 허리통증 목통증 어깨결림이 많아서 제대로 자세 교정해보려고 샀어요 착용해보니 사이즈 딱 맞네요 단단히 자세를 잡아줘서 바른자세로 활동할 수 있어서 좋아요
자세밴드,아주 좋아요 착용 후 한 시간 지나 허리에 열도 나오고 배도 따뜻해지고 허리가 편해 졌어요 곧은 허리 머리를 숙이는 경향 없어지고 경추협착증에도 도움 단점은 허리벨트가 위로 가슴쪽으로 자꾸 올라간다는 것이 문제네요
자세밴드,허리가 점점 굽는 것 같아서 구매를 해썽요 교정밴드 집에서만 착용하고 있는데 허리가 덜 굽어지는 느낌이 들어요 진짜 좋아요 길이감도 적당하고요
자세밴드,얇고 가벼운데 탄탄한 재질로 되어있고 사이즈 딱맞고 착용감도 편합니다 어깨부터 등 척추를 곧게 펴주니 바른 자세 유지하는데 많은 도움이 되구요 이중밴드라 더 탄탄하게 고정이 잘되서 좋아요 평소 자세가 안좋이 교정 필요하신 분들이나 어깨 목 통증 심하신 분들에게 강추해요!
선크림,일단 패키징이 진짜 정성이 느껴지고 종이상자 겉에 뾱뾱이가 한번더 말아져 있어서 안전하게 다치거나 손상없이 배달 됐다는게 참 감격입니다. 쿠팡은 본래 다 구겨져 오고 흘려오고 하는데ㅎ 여튼 그리고 뚜껑여니 한번더 씰링이 돼있어서 누가 환불하거나 사용하던게 아니라는게 확실해서 좋아요. 그리고 직관적이고 확실한 제조일자랑 유통기한 표시로 믿음이 갔어요. 발라봤는데 묽고 처음엔 너무 촉촉하고 그래서 이게 과연 눈도 안시릴지 밀림이 없을지 의문이였습니다. 왜냐면 대부분 묽은 제형운 눈도 시리고 흡수가 안돼서 밀리는게 기본이거든요. 내가 또 속았구나 싶어서 포기하려했는데 몇번 두드리니까 싹 흡수되고 보송한 느낌만 남는데 또 너무 건조하면 화장이 뜰 수 있겠다 싶었는데 속이 촉촉하게 잡히니까 그런 들뜸도 없더라구요. 그리고 싫어하는게 선크림 백탁에 손자국대로 결 남는건데 이런것도 없어서 기술력에 또 놀랐습니다... ㅎㅎ 일단 맘에 들어요 그리고 이 선크림을 선택하면 바다를 어떻게 살리는지 모르겠지만 제가 도움이 되는거라면 좀 더 나은 가치 소비가 아닐까 싶어서 그것도 기분이 좋네요! 더 써보고 지금만 같으면 계속 구매예정입니다~
선크림,"여름철 다가오니 팔다리용으로 썬로션알아보는중 후기가좋고 약간할인해서 주문해봤어요 전 피부가 민감한편이고 향도 없었음했어요 그리고무엇보다 여름외출시 바를거라 답답함이나 나이가있어 건조함이 덜해야합니다 한두번 흔들어 사용해보니 묽은질감에 향이 연하게있어요 시간지나니 아주조금남아요 향이진하면 날벌레, 모기가 꼬이거든요 아직은 벌레가없어 두고봐야겠어요 한여름엔 어떨지몰라도 오늘은 건조함 답답함이 없어요 최근몇년동안 썬로션을 매년 바꿨는데 요번엔 맘에들어 정착했음합니다"
선크림,선크림은 필수인데 여름에 사용하던거 겨울에 사용하려니 좀 뻑뻑한거같아서 새로 구매했어요 일단 케이스가 너무이쁘네요 ㅎㅎ 발라보니 발림도 좋고 백탁없이 발려서 너무 좋습니다 성분도 순해서 애기랑 같이 써도될거같아요
선크림,계속 재구매해서 사용중인 제품입니다. 번창하세요.
자세밴드,확실히 착용하니 자세가 등부터 쫙 펴지네요 가슴 근육 말려있는게 좀 완화된 것 같아요
선크림,땀나도 안따갑고 발림성도 좋아서 계속 구매중이에요! 애들한테도 발라주는데 순해서 좋더라구요:) 전 이제 이걸로 선크림 고정이에요!
자세밴드,책상에 오래 앉아있어야할때 자세가 틀어진다고 생각해서 구매했는데 쓸만합니다. 구매한지 몇달은 지난거 같은데 솔직히 이게 자세 교정에 답은 아닌거 같네요 운동이 최고... 사고 한두달만 쓰고 안쓰게됬네요ㅜㅜ
선크림,"정말 이름 그대로, 백탁 없고 눈시림 없는 선크림입니다. 기존 자외선 차단제들에서 느꼈던 텁텁함이나 하얗게 뜨는 현상이 없습니다. 제형은 부드럽게 잘 펴발리고, 바로 흡수되며 끈적임도 거의 없어요. 민감성 피부인데도 트러블 없었고, 눈가 근처 발라도 눈이 따갑지 않았어요. 여름용으로는 물론, 사계절 내내 쓰기에 부담 없습니다. 무향에 가까워서 향 민감하신 분들도 무난하게 쓰실 수 있을 듯요. 밖에 오래 있어야 하는 날 발라봤는데, 얼굴이 탄 느낌 없이 잘 막아줬습니다. 얇게 여러 번 덧발라도 밀림 없고, 메이크업 전에도 잘 어울려요. 남성분들도 데일리 선크림으로 매우 추천드립니다."
자세밴드,제품이 생각보다 좋아서 매일 사용해보고 있어요~ 허리도 많이 굽고 일하면서 모니터 앞으로 자주 가는 경향이 있었는데 그런것도 잡아주고 좋네요~
선크림,향도 은은하고 기본 색이 있어어 이거 하나만 바르고 다닙니다. 골프 라운딩때도 이거 하나만 바르니까 적당히 피부표현도 되고 덧발라도 뭉치지 않고 자극도 없고 시간단축도 되고 아주 좋습니다. 가성비도 좋아 계속 사용할 계획입니다.
선크림,평소 사용하던 선크림 쿠팡에서 판매하기에 구매하였습니다~
자세밴드,"최근에 정직한닥터 약국입점 바른 자세 교정 밴드 어깨 숄더 남녀공용 M을 구매하여 사용해본 결과, 매우 만족스러웠습니다. 이 제품은 어깨와 등 부위를 안정적으로 지지해주어, 장시간 앉아 있는 사무직이나 공부하는 학생들에게 특히 유용합니다. 3단계 스트랩 구조와 등판 일자 고정 설계로 자세 교정 효과가 뛰어나며, PE 지지대가 목부터 허리까지 라인을 안정적으로 잡아줍니다. 또한, 통기성이 좋은 메시 원단으로 제작되어 여름철에도 쾌적하게 착용할 수 있습니다. 착용 시 어깨와 겨드랑이 부분에 무리가 가지 않도록 쿠션 패드가 부착되어 있어 장시간 착용에도 불편함이 적습니다. 벨크로 방식으로 체형에 맞게 미세 조절이 가능하여, 개인의 체형에 맞게 편안하게 착용할 수 있습니다. 가격 대비 품질이 우수하여 가성비가 뛰어난 제품으로, 자세 교정이 필요한 분들께 강력히 추천드립니다."
자세밴드,굳 컴퓨터 앞에 앉아잇는 시간이 많아서 주문했어요 오래 착용하면 겨드랑이 쪽이 좀 아프지만 허리를 잘 펴줘서 좋아요
자세밴드,일하면서 거북목이랑 숄더가 점점 굽는거 같아서 체형 관리좀 해주려고 구매했습니다 꾸준히 써보려고요
선크림,향에 알콜향이 나는거 같다고 느끼며 이틀 발랐는데 아이 얼굴이 붉게 올라왔어요 얼굴 바디 전부 피지오겔 제품 사용하고 있어서 구매했는데 아쉬워요 다만 로션이라 애들 금방 발라주기는 좋네요
자세밴드,허리통증도 생기고 물리치료 받아도 자세가 안좋다는 이야기 많이 들어서 자세 밴드 사용해보라고 추천 많이 받았어요 착용해서 앉아 있어보니깐 도움을 받으니깐 자세가 좋아지네요 제 체형에 맞게 사용하면 되니깐 답답하지 않아요
자세밴드,"✅구매일자 : 2025.07.28 ✅배송일자 : 2025.07.29 ✅구매이유 재택근무가 늘면서 자세가 점점 무너지는 게 느껴졌어요. 특히 거북목이랑 어깨 말림 때문에 거울 볼 때마다 스트레스였는데, 자세교정밴드가 효과 있다고 해서 찾아보다가 후기가 좋은 이 제품을 선택했어요. ✅실사용후기 받자마자 착용해봤는데 허리부터 딱 잡아줘서 상체가 자연스럽게 펴지더라고요. 무엇보다 허리 감싸는 부분이 메쉬 소재라서 통기성이 좋아요. 땀 차지 않고 한여름에도 시원하게 착용 가능해서 굉장히 만족해요. 어깨도 무리하게 잡아당기지 않으면서 살짝씩 뒤로 젖혀줘서 라운드숄더 교정에 도움돼요. 착용감이 너무 불편하면 안 쓰게 되는데 이건 소재도 부드럽고 압박감도 심하지 않아서 꾸준히 사용하게 됩니다. 요즘은 작업할 때, 책 읽을 때, 집안일 할 때도 30분씩 착용하면서 자세 잡고 있어요. 전보다 훨씬 등이 펴졌고, 허리가 탄탄하게 받쳐주니 집중력도 좋아졌어요. ✅장점요약 ✔허리를 단단히 지지해줘 자세가 펴짐✔메쉬소재라 시원하고 착용감 가벼움✔라운드숄더, 거북목 교정에 도움 ✅총평 꾸준히 착용하면 확실히 체형 변화 느껴져요. 특히 하루 15분~30분씩만 써도 상체가 펴지는 느낌이 들어요. 쿠팡에서 가성비 좋은 자세교정밴드 찾는 분께 강력 추천합니다. 디자인도 깔끔하고 옷 안에 착용해도 티 안 나요. 잘 산 제품 중 하나예요! 직접 써보고 솔직하게 작성한 상품리뷰입니다 항상 꼼꼼하게 리뷰 보고 구매하는데 제 리뷰 보시고 구매 고민하시는 분들에게 도움이 되셨으면 좋겠습니다 혹시 도움이 되셨다면❤️도움이 돼요❤️버튼 한번 눌러주세요"
자세밴드,"안녕하세요 이번에 제가 구매한 <정직한닥터 바른 자세 교정 밴드> 후기입니다! ▶ 구매 이유 : 남편이 IT 종사자로 출근해서부터 저녁까지 하루 종일 컴퓨터만 봅니다. 게다가 취미생활까지 게임이라 퇴근하고 집에와서도 컴퓨터만 보죠 ㅜ.ㅜ; 그냥 자는 시간, 이동 시간 빼고 계속 컴퓨터만 보다보니 라운드숄더, 거북목이 심해져서 자세 교정이 필요할 것 같아 구매했습니다. ▶ 사용 후기 : 1. 이런 류의 제품을 사실 몇번 구매했다가 큰 교정 효과는 없고 답답해하기만 해서 많이 버렸는데요. 요 제품은 지지대가 무려 39cm나 되니 제대로 등이 펴지더라구요!! 2. 지지대가 탄성이 좋아 착용하고 활동 제약 없이 일상생활중에도 착용이 쉽습니다. 3. 통기성 좋은 에어 매쉬 소재로 무더운 여름에도 땀띠 없이 착용이 가능해요. 4. 등과 허리 부분 밴딩이 넓어서 더욱 안정적으로 착용이 가능 합니다. 5. 등과 함께 어깨도 함께 펴지니 ㅎㅎㅎ 자세 교정 외에도 인상도 더 좋아 보여요 ▶ 총 평 : 타 자세 교정 밴드와 다른 차원의 교정력! 지속적인 자세 교정이 가능하도록 더욱 쾌적하게 설계 되어 있음! 특히나 우리 남편처럼 컴퓨터 자주 보고 자세 구부정한 분들께 완전 추천해요!"
자세밴드,사무직이라 하루종일 컴퓨터 모니터만 쳐다보고 있는데 의식해서 고쳐보려고 해도 저도 모르게 구부정한 자세가 되어서 필라테스 받으러 가도 자세 지적받고 진전이 없더라구요 이제 날도 선선해지면 교정밴드 사용하기 좋을 것 같아서 구매했는데 시착했을 때 판판하게 잡아주는 느낌이 좋네요
자세밴드,남편이 어깨가 구부정해서 하나 구입했습니다 착용하는 순간 어깨가 펴지면서 등쪽이 엄청 시원하다고... 운전할 때도 좋다고 하네요 메쉬형태에 소재도 얇아서 작업복안에 입도 되니 편하다고 합니다~~
선크림,ㅡ추천피부 : 지성피부에 적합하고 건성에게는 비추 핑크톤 아닌 베이지색이라 쿨톤에게 추천 ㅡ바른 후 : 끈적이지 않음 번들거리지않고 매트한 편 부드럽게 발림 ㅡ효과 : 베이스 기능이 있어서 화장한것처럼 화사함 재구매의사 있음 !
자세밴드,이게 되려나.. 반신 반의 히면서 구매했는데 컵퓨터 작업한 후에 거북목을 펼 수 있어서 등 통증 완화에도 도움 받고 있습니다. 컴퓨터 작업 중에도 입고 작업하면 목이 앞으로 빠지지 않고 허리를 펼 수 밖에 없어서 훨씬 좋습니다. 나이 들수록 자세 때문에 오는 통증이 많다고 하는데 이런 가벼운 제품으로 병원 출입 덜 할 수 있게 되는 거 같아 좋습니다. 그런데 설명서에 사용 방법이 “HOt to do” 라고 적혀 있어서 ㅎ 살짝 믿음이 떨어 졌었지만 잘 사용하고 있습니다. 하실 수 있으면 설명서 영어 표기를 How to do 로 고치시면 좋겠습니다~^^;;
자세밴드,자세가 좀 안 좋아서 허리도 어깨도 아파서 사용해봤는데 편해요 자세도 확실히 더 펴지고 좋네요 사용하기도 편하고요 허리밴드 착용하고 겉옷을 입으니 티도 안나도 좋네요
자세밴드,아버지 자세 교정을 위해 구매해 드렸는데요~~ 일단 이 제품은 내구성이 튼튼하고 허리와 어깨를 안정적으로 지지해줘서 착용감이 편안합니다 특히 장시간 착용하고 있어도 답답하지 않고 TV 볼 때나 일상생활 할 때도 편하게 착용하기 좋습니다 벨크로 타입으로 조절도 가능하고요 메쉬 소재라서 통기성도 좋아요~~굿 평소에 자세 교정 때문에 고민이시라면 정직한닥터 바른자세교정 밴드 꼭 한번 사용해 보시면 좋을 것 같아요 추천합니다!
자세밴드,썸네일 몸짱에 반해서 바로 구매했습니다... 저도 바른자세 사나이가 되어야겠습니다 ..
자세밴드,책상에서 어깨랑 허리 펴주니까 졸음도 덜 오고 키 커보여요 대박쓰 잘 쓰고 있습니다~
자세밴드,"장시간 앉아 있다 보니 어깨 말림이 심해서 구매했어요. 착용하면 자연스럽게 어깨를 뒤로 잡아줘서 자세 교정에 도움이 됩니다. 무리하게 조이지 않고 편안하게 받쳐주는 느낌이라 부담 없이 착용 가능해요. 옷 안에 입어도 크게 티 나지 않고, 가볍고 통기성도 괜찮아서 일상생활 중에도 착용하기 좋았습니다. 약국 입점 제품이라 그런지 마감도 깔끔하고 신뢰감이 가요. 처음엔 짧은 시간 착용하다가 점점 늘리면 좋을 것 같아요. 거북목·라운드숄더로 자세 고민하시는 분들께 추천합니다"
자세밴드,160cm 50kg인데 S 사이즈 이거 차고 운동하려고 구입했어요 제품 질이 넘넘 좋아요^^
자세밴드,기존에 사용하고 있는 허리 밴드가 있긴한데 어깨 까지 같이 잡아주는 제품이 자세 잡아주기가 좋아보여서 구매하게 됐습니다 꾸준히 집에 있을때마다 사용하고 있는데 신기하게도 어깨도 많이 펴진거 같고 자세가 많이 좋아지고 있습니다
자세밴드,앉아 있는 자세 안좋았는데 착용하니깐 자세를 편안하게 잡아주니깐 허리 고정해서 앉아지더라구요 자세밴드 추천해주는 이유가 있더라구요 옷안에 입어도 되고 잘 잡아줘요~
자세밴드,"하루 종일 앉아서 일하다 보니 거북목에 어깨도 굽고 자세가 점점 안 좋아져서 구매했어요. 처음엔 불편할 줄 알았는데 생각보다 착용감 괜찮고, 어깨가 자연스럽게 펴지더라고요. 몇 시간 착용해도 큰 부담 없고 안에 티 하나 입고 착용하면 자국도 거의 없어요ㅎㅎ 며칠 써보니 자세가 확실히 좋아지는 느낌이라 만족합니다. 운동할 때나 집에서 간단히 쓸 때도 괜찮고요 ! 과한 교정력보다 편하게 습관 들이기에 딱 좋은 제품 같아요."
선크림,밖에 있는 시간이 많다보니 선크림은 정성껏 발라주고 있어요. 그런데 요즘 선크림을 바른후에 눈이 시큰거리고 눈물이 자꾸 나서 검색하던중 편안한 시슨드시 선크림을 주문하게 되었어요. 일단 제형 부드럽고 발랐을때 백탁현상 없이 깔끔하게 발라져요. 선크림 바르고 났을때 허옇게 버이는것도 싫었는데 너무 좋네요. 그리고 바른후에도 끈적임 없이 금방 스며드네요. 정말 많은 산야초들로 만들어져 안심하고 사용할 수 있겠어요.
자세밴드,앉아서 컴퓨터를 너무 오래하다보니 자세가 다 무너져서 경각심이 들던 차에 구매했어요. 확실히 자세를 바르게 잡아주고 바른 자세할 때 힘도 덜 들어요. 어깨도 펴지고 거북목도 들어가는 느낌입니다. 완전 만족해요
자세밴드,사무직 일을 하다보면 아무래도 자세가 고정되지 않아 등도 굽고 목이랑 허리가 많이 아픈데요. 집에서 쉴때만이라도 자세 교정하고 싶어서 구입했는데 사이즈도 괜찮고 고정도 잘돼서 확실히 목허리 아픈게 줄고 자세도 교정되는거 같아 만족해요! 첨에는 이거 사용한다고 많이 좋아질까 생각도 하긴했는데 직접 써보니 확실히 좋은거 같아요. 앞으로도 꾸준히 사용하면 거북목도 많이 좋아질거 같고 장기간 앉아있어도 거뜬히 버틸거 같습니다 :)
자세밴드,어머니 께서 굽은등 과 허리 때문에 스트레스를 받아 하셔서 이번에 자세교정밴드를 사드렸어요! 처음에 드리니 이런게 효과가 있냐며 안 믿는 눈치 셨거든요^^; 근데 요즘은 볼때마다 이거 착용하고 계심ㅎㅎ 착용을 하자마자 어깨와 등 허리가 쭉 펴진다고 신기하다고 하시더라고요~ 효과는 좋은데 가격까지 넘 힙리적인거 같아 잘 사드린듯 합니다ㅎㅎ
선크림,눈매워요ㅠㅠ 눈알 지지는 줄... 몸에 바르긴 좋으나 얼굴에 발랐다가 지옥행이용ㅠ
선크림,"썬크림 바를 때 피부색 톤업이 아니라 허옇게 둥둥 뜨는 백탁현상 싫었는데 눈 시려서 맨날 눈물나서 울고 다니고,, 끈적여서 답답하고 이 제품은 광고멘트처럼 백탁도 없고 눈시림 없고 끈적임이 없어서 답답함도 없네요 집에 있을 때도 썬크림 발라야 한다고 하고 피부관리샵이나 피부과에서 레이져치료 받고나서도 썬크림 발라주는 거 중요하다고 하는데 최근에 편평 사마귀 레이저로 싹 빼고,, 색소침착 걱정되어서 구매했어요 속눈썹 연장시술 받다가 옮았는지 아이 메이크업도 안하는데 눈 주위에 각각 양쪽으로 30개 넘게 생겨서 편평 사마귀 레이저 치료 하고 눈 주위에도 발라줘야 하는데 이 제품은 눈시림이 없어서 너무 좋으네요~ 눈꺼풀,, 눈점막,,에 편평 사마귀 레이저 맞는데 무서워 죽는 줄;;; 다행히 의사 선생님이 잘 조준해서 겨우 끝내긴 했지만,, 하루에 아침에 1번 바르면 백탁, 답답함 때문에 덧발라주기 부담되었는데 이 썬크림은 부담이 없어서 하루에 2~3시간마다 계속 발라줄 수 있겠어요 이런 질감으로 가격 저렴이 바디용 썬크림도 나왔으면 싶네요 얼굴만 아니라 적어도 손등, 목에도 발라줘야 한다고,, 한국 화장품이 썬크림까지 접수하겠네 ㅋㅋㅋㅋㅋ 미국 MZ 세대들까지 사로잡은 한국 K 화장품~ 동안 관리에 썬크림은 필수~! 나는 귀찮아서 로션, 크림을 바르기 귀찮아 하는데 이 썬크림은 로션 느낌나고 촉촉해서 당기지 않아요 스킨이나 토너, 에센스 바르고 바로 썬크림 발라도 나쁘지 않을 듯,, 화장품 여러개 바르기 싫어하거나 귀찮아 하는 사람에게 득템일 듯 ㅋㄷ"
자세밴드,취미로 필라테스 시작했는데 선생님께서 거북목이나 굽은어깨라 평소 자세를 잘 신경써야한다고 해서 극단의 조치로 바른자세 구매했습니다 ㅋㅋ 허리를 잘 펴줘서 허리가 편안하고 데일리로 착용중인데 불편하지 않고 편안하게 자세를 바르게 해줘서 좋네요~ 몇일 사용해보니 키가 좀 커진 것 같기도하고요?ㅎㅎ 잘쓸게요
자세밴드,이거하고 어깨가 좀 펴진 느낌이라 좋네요 ㅎㅎ 다른 상품에 비해 착용하기편하고 옷 위에 입어야 더 편해요 밴드하고있따가 풀면 시원한 느낌이 들어요 ㅎㅎㅎ 교정밴드는 편할수가 없는 것 같아요 교정이 괜히 교정이겠어요 적응되면 괜찮아져서 잘 쓸 것 같아요
자세밴드,평소 멍하니 있으면 자세가 쉽게 무너져서 자세교정밴드를 찾아보다가 구매했어요! 키 170에 55사이즈라 M사이즈 샀더니 딱 좋은 것 같아요 그 자세 교정밴드는 처음인데 착용했을 때 확실히 어깨가? 펴지는 게 느껴져요 잡아주는 기능 + 자세를 교정하고 있다라는 의식을 더 하게 되니까 더 좋은 것 같아요 처음에는 조금 갑갑할 느낌? 있으면 시간을 조금씩 늘려서 착용해보세요~
선크림,향도 강하지않고 발랐을때 눈시림 없었구요~ 유분기는 약간은 있어요~그치만 기존 다른썬크림보단 덜한것 같아요
선크림,《 이자녹스 유브이 선 프로 365 데일리 커버 SPF50+ PA++++ 》 ========================================================== ○ 구매일자 ㅡ 10월 3일 ○ 배송일자 ㅡ 10월 4일 ○ 내용량 ㅡ 70ml x 5개 ○ 유효기간 ㅡ 27년 5월 12일 ========================================================== 이자녹스 365 데일리 커버 선크림은 제가 꾸준히 구매해서 사용하고 있는 선크림이에요. 메이크업 베이스가 함유되어 있어서 자연스럽게 커버가 되고 톤업이 되다보니 너무 좋더라구요. 쌩얼 일때도 선크림만 바르면 톤업이 되니 여름내내 잘 사용했거든요. 집앞에 나갈때 메이크업 하긴 부담 스럽고 선크림 하나만 발라주면 되니 좋았어요^^ 자연스런 톤업 이라 남편도 함께 사용중이에요. 워터프루프 기능도 있어서 눈 따가움도 없고 지속력도 좋아 선크림 중에서 제일 만족스런 제품인것 같아요. 제형도 부드러워서 발림성도 좋아요. 역시 선크림은 이자녹스 선크림이 제일 만족스럽네요 ^^ ==========================================================
자세밴드,대보다 보정효과는 많이 떨어지는것 같아요 착용감도 아주 별로네요 제가 너무 가격에만 치우쳤던것 같네요 솔직히 권하지 않습니다
선크림,"전 선크림을 잘 바르지 않아요. 뭔가 성분이 제게 맞지 않은지 트러블이 심하거든요. 예전에 피부과 갔을때도 사실 선크림 안 맞는 환자분 많다며 그래도 바르는게 좋으니 성분 좋은 걸로 잘 골라서 사용하라는 얘기는 들었거든요. 제 얼굴에 바르는 건 사실 포기 했어요. 아이들이 다른 친구들과 달리 너무 까무잡잡하게 타서 아이들용으로 구입해봅니다. 아이들도 선크림을 싫어해서 매해 사서 1~2번 사용하고 버렸어요. 아이들 로션은 피지오겔을 발라서 한번 썬로션도 시도해봅니다. 아주 부드러운 묽은 제형입니다. 얼굴에 눈가 제외하고 살짝씩 발라줬어요. 부드러운 제형이라 쉽게 발리고 번들거림도 없어요. 첫째는 혼자 바른다고 상남자 세수하듯 부욱부욱 발랐는데도 눈 따갑다는 소리가 없네요. 자극적이지 않나봐요. 그래고 상체 노출되는 부위도 발라줬어요. 씻길때도 잘 닦이고 피부가 답답한 느낌이 없네요. 저도 아이들 발라주고 손에 발랐을때 느낌이 촉촉하니 좋네요. 100미리 용량은 어느정도인지 느낌이 안왔는데, 사무용 칼만한 키에 아주 납작합니다. 사용 전 5번정도 상하로 흔들어 사용하시면 됩니다. 올 여름은 피지오겔 패밀리 썬로션과 함께 해야겠어요."
선크림,남자친구 썬크림 다써서 선물해주려고 찾다가 구매해봄 톤업 되야하지만 인위적으로 허옇게 되는건 싫고 구렇다고 너무 비비 스러운것도 싫고 너무 끈적거려고 싫고 눈따가운것도 싫고 해서 열심히 검색해봄 결론: 만족함 자연스럽고 끈적임도 적은편 발림성좋고 남자친구랑 저랑 같이 사용해고 이질감 없음 각자 톤 완전히 다르지만 문제없음 선물 해주고 내가 더 많이 써서ㅋㅋㅋㅋㅋㅋ하나 더 사야할판
자세밴드,"편하고 자세가 바뀝니다 오른쪽 왼쪽 어깨 비대칭이 너무 심해서 자세교정밴드를 구매했습니다. +3CM 허리밴드의 장점: 1.끈, 찍찍이 조절이 가능해서 내 몸에 맞게끔 혹은 널널하게 타이트하게 조절이 가능합니다. 꽉끼게 해서는 30~40분정도 착용하고 널널하게 해서는 일하는 도중에 착용하면 일석이조의 효과인 듯 합니다. 2.허리지지대 부분이 두개나 있어 탄탄하게 잘 받쳐줘서 자세를 유지하려 할 때 좀 더 편하게 쉽게 유지 할 수 있습니다. 3.매쉬 소재라서 땀찰 걱정이 없고 통풍이 잘 되는 듯 합니다. 그래서 여름에도 유용할 듯 합니다. 4.어깨를 타이트 하게 잘 잡아줘서 왼쪽 오른쪽 비대칭이 많이 잡힌 듯 합니다. 평소에도 계속 의식적으로 대칭을 맞출려고 노력하고 있는데, 이제 제법 익숙해 졌고, 어느정도 비슷해 진 듯 합니다. +3CM 허리밴드의 단점: 1. 처음에는 착용법이 좀 헷갈렸습니다. 미제인지 설명서가 영어로 되어 있어서 헷갈렸는데, 상세페이지 보고도 저는 헷갈려서 판매자님한테 연락해서 물어봤습니다. 결국은 어깨끈으로 가방메듯이 메시고 허리부분 찍찍이 붙이고, 그 이후에 다시 어깨 끈 부분을 찍찍이로 붙이시면 됩니다.(꼭! 참고하십시요 ㅎㅎ) 2.어깨끈부분이 허리밴드쪽 보다는 얇더라구요. 그래서 장시간 착용 할 경우는 겨드랑이 부분에 압박이 느껴졌습니다. 판매자님한테 이부분 물어보니, 두께를 두껍게 하면 오히려 겨드랑이 쪽이 더 낑겨서 착용하기 불편하다 하더라구요. 라운드 숄더부분을 펴는데 특화된 밴드라서 어느정도 압박이 있어야지 자세교정하는데 효과가 있다 하셨습니다. 말에 수긍은 되었지만, 개인적으로는 아픈것을 너무 싫어하는 1인으로 좀 더 넓게 제작되어도 좋을 듯합니다. 전체적인 총평으로 가격대비 가성비 좋은 제품이고, 기대이상으로 자세교정에 효과가 있는 듯합니다."
선크림,"※※※※※눈이 전혀 아프지 않음※※※※※※ 초초초민감 눈을 가진 사람으로서 눈시림 없는 선크림이라는 말에 속아서 산 선크림만 1년에 20개 이상, 하지만 단 하나도 눈 시림이 없는 제품을 찾을 수가 없었음 무기자차를 사도 눈 시림이 있는 걸로 봐서는 무언가의 성분 하나가 내 눈과 맞지 않는 것으로 보였음. 그렇다고 성분 하나하나를 따져서 구매할 수는 없고, 무작정 구매하고 쓰지 않으면 바디 선크림으로 쓰던가 동생이나 가족들에게 처분하는 방법 외에는 없었음. 그런데 최근 평소 얼굴의 보기 싫던 점을 빼고 다시 선크림을 매우매우 잘 발라야하는 상황에 닥쳤음 그래서 급하게 눈 시림이 없다는 선크림을 수색했고, 최대한 빠르고 많은 제품을 고르기 위해 쿠팡에서 검색을 하였음. 제일 먼저 들어오는 것은 이것과 율이 들어가는 어쩌고 뭐시기였는데, 그냥 디자인이 조용해서 시슨드시 먼저 사봤음 어머 그런데 이게 웬일 향이 이게 대체 무슨 향이야 하는데 눈가에 치덕치덕 발라도 1도 시림이 느껴지지 않는 것임 평상시 같으면 눈가에 치덕 치덕 바르면 몇번 눈 깜박이다 눈물이 주루룩 흘러야 하는데 완전... 그냥 1도 반응이 오지 않는 것임 그리하여 나의 선크림 유랑기는 막을 내렸다고 한다. 냄새따위 눈시림 없는 것에 비하면... 아무것도 아니다!!"
선크림,엄마랑 같이 사용하려고 구매했어요. 성크림은 실내에 있을 때도 발라줘야 한대서 데일리로 쓰려고요. 백탁현상 없고 밀림없고 끈적임없는 선크림 찾고 있었거든요! 로션보다 조금 진한 제형이고 부드럽게 발립니다. 촉촉하게 흡수되는데 정말 답답함 없이 끈적이지 않아 좋았어요. 엄마는 피부가 더 예민해서 선크림 바르면 밀리고 눈 주변은 시린다고 했거든요. 이건 발랐을 때 눈시림 없고 밀림 없어 좋대요. ㅋ 유기자차와 무기자차의 장점만 섞은 선크림이라 좋네요! 가격대비 성분좋고 퀄리티 좋아 만족합니다.
자세밴드,라운드 숄더라서 사용해보려고 구매했습니다. 사이즈 잘 맞고 꾸준히 써보려해요 효과좀 있었음합니다
선크림,주사피부염에 홍조까지있어서 멀발라도 붉은편이고 예민한편인데.. 이건 피부가 너무 깨끗하고 이뻐보여요! 과하게 화장한거같지도않구! 내피부 자체가 이뻐보이네요! 썬크림 효과도잇어서 이거하나만 쓰는데도 피부톤이 너무이뿌네요~^^ 인생템을 만났네요!ㅎㅎ우리엄마한테 감사하네요 엄마꺼 몇번발라보고 좋아서 구매햇는데 너무좋아서 친구들한테도 선물할려고 두개 더구매햇네요~^^ 진짜 좋음!
자세밴드,"#자세교정밴드 #어깨교정 #숄더밴드 #남녀공용 #약국입점 ⸻ 평소 어깨 말림과 거북목 느낌이 있어서 구매했는데, 착용해보니 과하게 조이지 않으면서도 자연스럽게 어깨를 뒤로 잡아줘서 부담 없이 사용하기 좋았습니다. 2XL 사이즈라 체형 여유 있게 맞고, 옷 안에 착용해도 크게 티 나지 않아 일상 생활 중 착용하기 괜찮아요. 장시간 착용해도 답답함이 덜하고, 자세를 스스로 의식하게 만들어주는 느낌이 큽니다. 약국 입점 제품이라 그런지 마감이나 소재도 깔끔한 편이라 신뢰가 갔어요. ⸻ ✔️ 한눈에 보는 장점 ✓ 어깨를 자연스럽게 펴주는 착용감 ✓ 과하게 조이지 않아 데일리 착용 가능 ✓ 2XL로 체형 여유 있게 맞음 ✓ 옷 안에 착용해도 비교적 티 적음 ✓ 소재·마감 깔끔, 약국 입점 제품이라 신뢰감 있음 ⸻ 이 글이 도움이 되셨다면 “도움이 돼요” 눌러주세요! 작은 클릭이 더 좋은 리뷰를 만드는 힘이 됩니다"
선크림,"썬크림이 똑 떨어져서 구입했어요. 피지오겔 제품은 유명하기도 하고 사용자들의 선호도가 높은것 같아서 구매하게 되었어요. ​ 피지오겔 데일리 모이스쳐 UV 패밀리 썬 로션 SPF50+ PA+++, 100ml는 일상적인 자외선 차단을 위해 설계된 제품으로, 피부를 효과적으로 보호하면서도 촉촉한 사용감을 제공합니다.​ 주요 특징: 강력한 자외선 차단: SPF50+와 PA+++ 등급을 통해 UVA와 UVB를 효과적으로 차단하여 피부를 보호하기 때문에 ​믿고 샀어요. 수분감 있는 로션 제형으로 가볍고 촉촉한 로션 형태로 피부에 부드럽게 흡수되어 끈적임 없이 편안한 사용감을 제공합니다.​ 또한 가족 모두 사용 가능하기 때문에 100ml 용량은 든든함으로 다가왔어요. 저는 아이들도 많이 사용하기 때문에 두개를 샀어요. 가족 단위로 사용하기에 적합하며, 휴대하기에도 용이합니다.​ 특히 높은 자외선 차단력과 함께 피부에 자극이 없고 촉촉한 사용감이 인상적이었습니다. 로션 형태로 되어 있어 바르기 편하고, 끈적임 없이 산뜻하게 마무리되어 여름철에도 부담 없이 사용할 수 있었습니다.​ 또 무향이라서 더 마음에 들어요. 가족 모두가 함께 사용할 수 있는 효과적인 자외선 차단제로 딱 입니다."
자세밴드,찍찍이가 수명이 짧아서 한달 사용하면 접착력이 떨어져요
자세밴드,육아에 이사에 허리가 너무 아프고 등이 굽어진 듯 해서 구매했어요 1등으로 뜨길래 빨리 구매함 오늘 시키고 오늘 저녁에 받음 허리도 펴지고 어깨도 잡아당겨줘서 자세가 훨 좋아지는 듯 함
자세밴드,지금까지 써본 자세밴드중에 제일교징잘되고 잘잡아줘서좋아요 직업이 개발자라 아무래도 허리굽을일이많은데 지지를잘해줘서 너무좋네요 알람을맞춰놔도 순간이고 나도모르게굳어지는허리와등인데 허리어깨라인을 잘잡아주니 자세교정진짜잘되요
자세밴드,남자 상의 105 입는데 제일 큰사이즈를 했는데도 겨드랑이가 끼어요.. 착용 후 저녁에 보면 빨개진 자국이 ㅠㅠ 착용 하면 등이나 하리가 좀 편하다고 하네요
선크림,쿠팡체험단 이벤트로 상품을 무료 제공받아 작성한 리뷰입니다. 쿠팡체험단 이벤트로 상품을 무료 제공 받아 작성한 리뷰입니다 피오겔 데일리 모이스쳐 UV 패밀리 썬 로션 SFP50T PA+++ 바르는 순간 촉촉한 수분으로 온가족용으로 수분보충 선케어 굿굿♡ 얼굴에 발라보면 백택이 전혀 없으며 자외선 차단과 주름개선과 미백효과까지 무려 3중의 기능성 케어해 주는 피오겔 데일리 모이쳐 UV 패밀리 썬 로션으로 배송후 우리가족용으로 기분좋은 하루가 시작되는 하루가 되었습니다 양도 아주 넉넉 100ml 너무 사용하기 좋아요 부드럽고 흡수력 최고ᆢ♡ 추천합니다~!!
자세밴드,가격대도 저렴해서 부담감없이 구매했씁니다 착용하는 법도 쉬워서 바로 단번에 착용했습니다 제가 어깨가 많이 굽어있다고 생각하지 못했는데 이거 사용하니까 바로 어깨가 펴지는게 느껴져서 신기하고 좋습니다 꾸준히 착용해서 어깨를 반드시 필거에요!
자세밴드,"평소 책상 앞에 오래 앉아 업무를 보는 일이 많다 보니, 시간이 갈수록 스스로 자세가 나빠지는 게 몸으로 느껴지더라고요. 어느 순간부터 목이 앞으로 나오는 거북목 증상이 심해지고 어깨도 안으로 굽는 라운드 숄더 현상이 생겨서 해결책을 찾던 중 이 제품을 구매하게 되었습니다. 우선 착용해 보니 양어깨를 활짝 펼쳐주는 느낌이 아주 좋습니다. 잘못 사면 겨드랑이 쪽이 아프거나 불편할 수 있다는데, 이건 큰 불편함 없이 어깨를 뒤로 딱 잡아주네요. 특히 허리와 척추 라인에 텐션이 탄탄하게 잡혀서 의식하지 않아도 바른 자세를 유지할 수 있게 도와줍니다. 한번 착용해보니 구부정했던 자세가 펴지면서 몸이 한결 가벼워진 기분입니다. 효과가 기대 이상이라 앞으로는 자는 시간 외에 꾸준히 착용하며 제대로 자세 교정을 해볼 생각입니다."
자세밴드,딸아이가 허리가 좀 휘였다고 교정해줘야 된다고 해서 구매했습니다 저도 가끔 사용하고 있는데 답답함도 없고 불편하고 뭐 그러지도않고 딱 잡아줘서 교정되는 듯한 느낌이라 제것도 한개 더 사서 매일매일 꾸준히 잘 사용해볼려고요
선크림,"내돈내산 후기!! 결론: 끊임없이 재구매중입니다!! 아마 이전에 구매한 구매후기가 있을 것 같은데ㅎㅎ구입할 때마다 구매후기는 계속 쓸 것 같네요~ 마지막 사진에서 보시다시피 영혼까지 끌어모아 박박 긁어서 쓰다가 더 이상 긁어 쓸 게 없어 재구매했습니다~ㅋㅋㅋ 시즌드시 제품은 지금까지 여러 번 구매했는데 한 번을 세일한 걸 본 적이 없는 것 같아요...ㅜㅜ 고게 조금 아쉬운...ㅎ 제품명처럼 백탁도 전혀 없고, 눈시림도 없어요!! 얼굴에 발랐을 때 얼굴에는 끈적임이 느껴지지 않지만 손에서는 조금 찝찝한 느낌이 남아서 저는 요거 바르고 손은 물티슈로 닦아줍니다ㅋㅋ 진짜 피부도 엄청 엄청 엄청 예민하고 눈도 엄청 엄청 엄청 예민한 편인데 요거는 괜찮더라고요!! (피부가 너무 예민해서 독도 기초제품만 쓰고 있어요) 눈시림 없다는 다른 제품들을 썼을 때도 눈시림을 느꼈는데 요거는 괜찮았아요~ 눈이 예민한 편인데다가 컴퓨터 화면, 태블릿, 휴대폰 이런 거를 오래 봐야하는 직업이다보니 더 예민하고 건조한 편인데 요거는 괜찮았어요!! 용량이 좀 작은 편이라 꽤 자주 구매하게 되네요ㅎㅎ 용량이 조금 더 큰 게 나오면 그걸 살 텐데...이 제품으로 정착하고 싶은데....큰 거 출시해 줬으면 좋겠어요!!!"
자세밴드,"처음에 자세 교정 밴드를 사용해보는 거라 반신반의했는데, 실제 착용해 보니 생각보다 훨씬 만족도가 높았습니다. 어깨가 자꾸 말리고 등이 굽는 습관 때문에 고민이 많았는데, 이 제품을 착용하고 나서 확실히 어깨가 펴지는 느낌이 들어요. 너무 강하게 조이지 않고 부드럽게 잡아주기 때문에 불편함이 없고, 장시간 착용해도 어깨나 겨드랑이에 자극이 적습니다. 가장 좋았던 점은 착용이 정말 간단하다는 거예요. 스트랩 길이 조절도 쉽게 할 수 있어서 남녀 누구나 체형에 맞게 사용할 수 있습니다. 저는 M사이즈를 선택했는데 딱 알맞게 착용돼서 안정감이 있어요. 통기성이 좋은 소재라 땀이 차지 않고, 특히 여름철에도 부담 없이 사용할 수 있을 것 같습니다. 출근해서 컴퓨터 작업할 때나 집에서 휴대폰을 볼 때 착용하니 확실히 자세가 바르게 유지되고, 어깨와 목이 덜 뻐근해졌습니다. 꾸준히 착용하면 거북목과 라운드숄더 교정에 정말 효과적일 것 같아요. 디자인도 깔끔하고 가벼워서 옷 안에 착용해도 티가 거의 안 나서 외출할 때도 부담 없이 사용할 수 있습니다. 포장도 깔끔하고 퀄리티가 기대 이상이었어요. 가격 대비 효과가 확실한 제품이라 정말 만족합니다. 자세 교정이 필요하신 분들이라면 꼭 한번 사용해 보시길 추천드려요. 저도 꾸준히 착용해서 더 바른 자세를 만들 계획입니다. 재구매 의사 100%입니다!"
자세밴드,"1. 바쁜 분들 요약 ⏱️ 거북목, 말린 어깨 때문에 샀는데 생각보다 착용 불편하지 않아요. 집에서 공부하거나 일할 때 자세 의식하게 만들어줘서 괜찮습니다. ⸻ 2. 구매하게 된 이유 핸드폰이랑 노트북을 하루 종일 보다 보니까 어깨가 점점 앞으로 말리는 게 느껴지더라고요. 병원 가기엔 애매하고, 그냥 집에서 습관부터 좀 고쳐보자 싶어서 크게 기대 안 하고 구매했어요. ⸻ 3. 써보니까 괜찮았던 점 혼자 착용하기 어렵지 않아서 귀찮지 않고요, 생각보다 꽉 조이는 느낌이 아니라 오래 차고 있어도 부담은 덜해요. 차고 있으면 억지로 잡아당기는 건 아닌데 “아 어깨 펴야겠다” 이런 생각이 계속 들긴 합니다. 남녀공용이라 체형도 크게 안 타는 편 같아요. ⸻ 4. 아쉬운 점도 솔직히 말하면 ⚠️ 처음엔 어깨 쪽이 좀 어색한 느낌은 있어요. 그리고 얇은 옷 안에 입으면 옷에 따라 티 날 수도 있습니다. 이거 하나로 자세가 완벽히 교정된다기보다는 보조용, 의식용이라고 생각하는 게 맞을 것 같아요. ⸻ 5. 총평 자세 교정 처음 해보는 분들이나 집에서 생활 습관 잡아보는 용도로는 충분히 괜찮아요. 큰 기대 없이 쓰면 만족도는 더 높은 제품 같습니다. 도움이 되셨다면 ‘도움이 돼요’ 눌러주시면 정말 감사해요. 쿠팡 체험단 꼭 도전해보고 싶습니다… 도와주세요"
자세밴드,거북목이 신청쓰여서 주문해봤어요. 전문 보디빌더도 사용한다길래 솔깃하더라구요. 착용해보니 확실히 자세 교정효과가 있는 거 같아요. 꾸준히 착용해야겠어요.
자세밴드,이번에 우연히 공부하다가 옆모습을 봤는데 진짜 자세가 안좋아서 너무 깜짝 놀래서 주문 했어요 주변에서 많이 사용하는거는 봤었는데 이번에 사용해보니까 자세가 확실히 곧아지기는 하네요 불편함도 생각보다 없는 편이고 옆에서 봤을 때도 자세가 훨씬 바르게 돼서 꾸준히 사용해 보려고요 만족합니다~
자세밴드,배송이 엄청 빨라요. 확실히 바른자세가 나오네요. 허리와 어깨쪽을 잘 잡아주고 사이즈도 잘 맞아요!!
자세밴드,"요즘 구부정한 자세 때문에 허리랑 어깨가 뻐근해서 샀는데, 생각보다 효과가 좋아요 처음엔 약간 불편했지만 하루에 조금씩 착용하니 어깨가 자연스럽게 펴지는 게 느껴집니다. 밴드 재질이 부드러워서 장시간 착용해도 피부 자극 없고, 통기성도 좋아서 답답하지 않아요. 옷 안에 착용해도 크게 티 나지 않아서 출근할 때나 집에서 편하게 쓸 수 있고, 꾸준히 착용하니 목과 허리 통증도 점점 줄어드는 느낌이에요. 남녀공용이라 체형에 맞게 조절 가능하고, 디자인도 심플해서 부담 없이 사용할 수 있는 제품입니다."
자세밴드,바른자세로 앉아서 있을려니깐 힘들고 자세밴드 착용하면 바로 여깨를 필 수 있어서 사용하고 근육통도 있었는데 많이 줄어들었어요 티비볼때나 게임할때도 꼭 착용하고 있어요 등라인이 편해지고 좋아요~
선크림,시슨드시 썬크림~♡ ☆☆☆☆☆☆☆☆☆☆☆☆☆☆☆☆☆☆☆☆☆ 남편 데일리용으로 구매한 시슨드시 썬크림~ 남자들은 끈적이거나 미끄덩 거리는 느낌 때문에 썬크림 사용을 잘하지 않는다며 가볍고 로션같은 썬크림을 찾던중 구매하게된 제품이다. 케이스부터 시원한 느낌이 드는 시슨드시 썬크림 은 남성용은 아니지만 남자들이 쓰기에 너무 적합 한 썬크림이다. 시슨드시 썬크림은 3관왕 수상으로 브랜드 만족도 대상에 빛나는 그런 화장품이며 20여가지 산야초 성분으로 직접 재배한 산야초를 숙성하여 자연을 느낄수 있고 피부에도 딱 맞는 그런 썬크림이다. 알콜과 오릴프리이며 백탁현상이 없고 밀림현상이 전혀없다. 그럼에도 높은 자외선 차단력을 가졌으 며 높은 차단 지속력까지 ...데일리 썬크림으로 딱 재격이다. 향은 자연풀향으로 은은하여 자극적이지 않고 촉촉 하게 스며드는 느낌이 그냥 로션을 바르는 느낌이 었다. 엄청 촉촉하게 스며들고 바르고 문지르는 즉시 피부 에 스며들어 하옇게 뜨거나 바르기 어렵거나 하지 않아 여자들은 물론 남자들이 쓰기에 너무 적합하다 또한 눈시림도 전혀없어 피부진정효과로 민감한 피 부에도 편하게 사용가능하니 누가써도 호불호 없 는 그런 썬크림인거 같다. 용량은 적은듯 보이나 적은 용량으로도 최대효과를 낼수 있으니 안심하고 사용할수 있었다. 시슨드시 데일리 썬크림~ 강추합니다. 미끄덩거리고 끈끈함 때문에 썬크림 쓰시기 부담스러우신분들께 추천해요~ 후기를 읽어 주셔서 감사합니다. 오늘도 건강하고 행복한 한주 되세요~♡ 후기가 도움이 되셨다면 '도움이 돼요'를 꾹 눌러 주 세요~!!! ☆☆☆☆☆☆☆☆☆☆☆☆☆☆☆☆☆☆☆☆☆
자세밴드,튼튼하고 자세를 잘 잡아주는 밴드 허리디스크 판정을 받았어요 병원에서 파는 거는 너무 비싸 엄두가 안나 바른자세밴드로 저렴한 걸로 일단 구매해봤는데 웬걸 착용하니 훨씬 편하고 좋습니다 어깨부분도 도톰하고 결리는 거 없고 허리랑 어깨를 편하게 잘 잡아줘서 훨씬 든든하고 지탱해줍니다 사용법도 잘 나와있어서 쉽게 입었습니다 감사합니다
선크림,"- 차단력: 이자독수 UV 선크림은 SPF 50+ PA++++로 강력한 자외선 차단 효과를 제공합니다. 많은 사용자들이 이 제품을 사용한 후 피부가 햇볕에 타지 않았다고 보고하고 있어요. - 발림성: 크림의 질감이 부드럽고 가벼워서 피부에 잘 스며들고, 끈적임 없이 산뜻한 느낌을 줍니다. - 피부 자극: 민감한 피부를 가진 사용자들도 이 제품을 사용해도 큰 자극이 없어요 이자독수 UV 선크림은 뛰어난 차단력과 발림성, 그리고 피부에 자극이 적은 점에서 좋은것 같아요. 여름철 자외선 차단을 고민하고 있다면, 이 제품을 고려해보는 것도 좋을 것 같아요. 사용 후 피부가 건강하게 유지되는 느낌을 받을 수 있어요"
자세밴드,밴드를 사용하면서 몸의 균형을 유지하는게 더 수월해지네영 앉아 있을때도 그렇고 서 있을때도 왼쪽으로 약간 치우쳐져서 늘 왼쪽 등허리가 아팠는데 밴드 착용하면서 자세 유지하는데 도움받고 있어여
선크림,"""시슨드시 백탁없는 밀림없는 끈적임없는 바다를 살리는 선크림 SPF50+ PA++++""은 정말 탁월한 선크림입니다. 먼저, SPF50+와 PA++++의 높은 레벨은 햇볕으로부터 효과적으로 피부를 보호해주어 안심할 수 있습니다. 백탁 없이 자연스러운 발림감은 피부에 무겁지 않게 편안하게 발리며, 끈적임이 없어 촉촉한 느낌을 주는 동시에 보습도 유지됩니다. 무엇보다 피부에 부담 없이 자연스러운 피부톤을 유지하며 해수욕이나 수영 후에도 오랜 시간 지속됩니다. 바다를 살리는 환경에도 이로운 성분으로 만들어져, 환경에 대한 고민을 함께 공유할 수 있어 좋습니다. 종합적으로, 이 선크림은 피부 건강과 자연을 아끼는 사람들에게 완벽한 선택입니다."""
자세밴드,의자가 오래 앉아 일을 해서 주문했어용 163 보통체형인데 S사이즈 잘 맞아여 디자인도 나쁘지 않아요 ^^ 처음이라 좀 어색하긴한데 점차 적응해나가겠죠^^
자세밴드,"✅️ 장시간 컴퓨터 앞에서 일하다 보니 자연스럽게 자세가 흐트러지고 허리와 어깨에 부담이 갔는지 통증도 있어요. 진짜 이러다 굽은등이 되는거 아닌가 걱정도 많이 되구요ㅠㅠ 그래서 자세교정밴드를 찾아보게 되었는데, 약국 판매 브랜드라 믿음이 갔고 디자인도 깔끔하며 착용감이 편안하다는 후기를 보고 바로 선택했습니다. 처음 착용했을 때도 너무 답답하지 않고 부드럽게 몸을 잡아주는 느낌이어서 마음에 들었어요. ✅️ 꾸준히 착용하면서 확실히 자세가 바르게 잡히는 게 느껴졌습니다. 평소 등에 힘이 들어가면서 굽었던 등이 점점 펴지고, 어깨도 자연스럽게 뒤로 눕혀져서 전체적인 몸의 균형이 좋아졌어요. 장시간 앉아 있어도 등이 덜 아프고, 피로도 덜 느껴졌습니다. 일상생활이나 운동할때도 불편함 없이 편안하게 활동할 수 있어서 만족스러워요. ✅️ 가벼운 소재라 장시간 착용해도 부담이 없고, 통기성이 좋아서 땀이 차지 않아 쾌적했습니다. 사이즈 조절도 간편해서 내 몸에 딱 맞게 맞출 수 있고 옷 위에 착용하고 겉옷입으면 티가 잘 나지 않아 외출 시에도 부담 없이 착용할 수 있다는 것도 장점입니다. 깔끔한 디자인이라 보기에도 나쁘지 않아요. ✅️ 자세 때문에 고민하시는 분들께 추천드리고 싶어요. 꾸준히 착용하면 건강과 일상생활의 질을 높여주는 필수 아이템이라고 생각합니다. 저처럼 자세로 인해 굽은등 걱정이 되시는 분들은 사용해보심 좋을듯해요."
선크림,"제피부는 정말 예만한 피부에요 화장품도 마음대로 못쓰거든요. 가렵고 따끔거리고 두드러기가 많이 나군 해서 많이 가리는 예민한 피부에요 행여해서 샀다가 못쓰면 어쩌나 해서 샀는데 근심은 저리가라. 정말 좋네요 괜한 근심이였나바요 발림성이좋고 바르다나면 눈에자극있어 아리고 하는데 눈이따끔 거리지도 않구요 , 정말좋아요 재구매원합니다"
자세밴드,"키 160, 50kg 사이즈 S 하루 종일 컴퓨터 앞에서 일하다 보니 라운드 숄더와 거북목이 심해져 늘 목과 어깨가 뻐근했어요. 퇴근 후에는 피곤함 때문에 스트레칭도 잘 안 하게 되고, 그냥 소파에 기대 앉아 있는 시간이 많았는데 병원도 가고 통증이 호전이 잘 안돼서 쿠팡에서 이 제품을 알게 되어 집에서만 착용해 보기로 했습니다. 처음 착용했을 땐 어깨와 등을 강하게 뒤로 당겨주는 느낌이 있어 살짝 불편했는데, 금방 익숙해지면서 자세가 자연스럽게 펴졌어요. 집에 돌아와 저녁 먹고 1~2시간 정도 TV 보거나 책 읽을 때 착용했는데, 목과 어깨의 뻐근함이 훨씬 줄었고, 특히 자고 일어난 아침의 목 결림이 많이 사라졌습니다. 장시간 앉아 있어도 예전처럼 어깨가 쉽게 뭉치지 않았고, 허리도 곧게 펴지는 느낌이 들어서 전체적으로 몸이 가벼워졌어요. 소재가 탄탄하면서도 통기성이 좋아 땀이 차지 않았고, 착용 후 벗었을 때도 자세가 한동안 유지되는게 정말 집에서 간단히 사용할 수 있는 좋은 교정템이에요. 라운드 숄더와 거북목이신 분들에게 추천드립니다~"
자세밴드,거북목 상태가 점점 심해지는듯해요 어깨도 굽어지고 허리도 꼿꼿하게 있기 힘들어해요 자세교정밴드가 잘맞아요 입기만 하면 어깨 목 허리등등 몸이 자연스럽고 바르게 펴지네요 꾸준히 잘사용하겠습니다
자세밴드,가성비 최고 !!! 4만원짜리도 사봤는데 다 비슷하네요 2만원도 안되는 가격에 이런제품살수있다니 횡재했네요
자세밴드,신체를 꽉 잡아주니까 좋아요 허리도 잘 펴지고요 등 불편함없이 잘 사용하고 있어요 후기보고 샀는데 잘 산것 같아요 ~~~~~~~~
선크림,백탁없는 선크림 찾고있었는데 이거 평이 좋아서 구매했는데 너무좋아요 발림도 부드럽고 백탁현상이 전혀없어요 약간 물같은 로션같이 잘펴발려지는데 짜면 크림같이 잘있고 바르는순간 스며드는데 끈적임이 전허 없어서 너무좋은거같아요 재구매의사있습니다 쟁여놓고 써야겠어요
자세밴드,"▪︎ 구매 동기 회사에서 다른 직원이 사무실 근무할때 사용하는걸 보고 저도 몇번 해보다가 검색해서 집에서 사용하려고 구매 했어요. 한번 구매후 꾸준히 자주 잘 사용하겠다 다짐하고 구매 해서 집 서재방 의자에 걸어두었습니다. 좋은것은 안하는 것보단 하는게 좋다는 생각으로 구매 했죠. 혼자서 쉽게 착용이 가능하니 일단 구매 사용해 봅니다. ▪︎ 사용 사용 설명서 한번 읽어보고 바로 착용을 해 봅니다. 사이즈 잘 맞네요. 어깨를 뒤로 당겨주는 고탄성 밴드로 딱 잡아 줍니다. 어깨, 등, 허리까지 탄성 지지대 구성으로 강력하게 잘 지지해 줍니다. 왼쪽, 오른쪽 허리 밴드를 손으로 쉽게 당겨서 어깨를 당겨주는 정도를 본인이 직접 느끼며 조정하니 편하네요. 한번 고정해두고 사용시 느슨해지거나 풀리지 않아요. 저의 거북목 그리고 구부정한 자세에 도움이 되어주길 바라며 꾸준히 잘 사용해 보겠습니다. 좋은제품 잘 사용 할게요."
자세밴드,어깨가 말려 있고 척추 측만도 조금 있어서 교정하려고 구매했어요 배송도 빠르게 잘 왔고 받아서 착용해보니까 사이즈도 잘 맞고 좋아요 꾸준히 착용하고 교정 잘 되었으면 좋겠네요
자세밴드,평소사이즈생각하고삿는데 사이즈가한두치수작은듯합니다ㅠ
자세밴드,평소에 컴퓨터 앞에 앉아 있는 시간이 길다보니 자세가 점점 무너지더라구요 ㅠ 특히 어깨가 앞으로 굽고 허리도 자꾸 뒤로 빠져서 하루 일과를 마치면 등이랑 어깨가 뻐근하고 피로감이 너무 심해졌어요..ㅠㅠ 헬스를 다녀보려고 했는데 시간도 잘 안나고 꾸준히 하기가 어렵다보니 자세 교정 밴드의 도움을 받아보려고 구매해봤어용! 사실 이런 제품은 처음 써보는 거라 반신반의하면서 샀는데 결론부터 말하자면 기대 이상입니다! 첫 착용부터 어깨가 쫙 펴지는 느낌이 들고 몸이 자연스럽게 곧게 펴지더라구여? ㅋㅋ 지지대도 탄탄해서 등이 꾸부정해질 때마다 잡아당겨주는 느낌이드네용 ~ 과하지 않으면서 적당한 긴장감을 유지시켜줘서 좋은것같아요! 뭔가 특정 부위만 막 압박되지도 않고 생각보다 편해요!! 통기성도 좋아서 여름철에도 착용하기 좋은것같구 셔츠안에 착용하고 있어도 될거같아요 ㅋㅋ 몸에 딱 밀착되고 허리가 똑바로 펴지니까 배가 앞으로 빠지는 것도 덜하고 몸 전체 중심이 정돈되는 느낌이 드네요~ 뭔가 피로도 덜한 것 같구여! 물론 하루 이틀만에 큰 변화가 생기는 건 아니겠지만 꾸준히 착용하면 많이 좋아질 거 같아요~! 일상생활에서 부담없이 바른 자세를 유지할 수 있게 도와준다는 점이 넘 만족스럽습니다 ㅎㅎ 잘 산거 같아요!!
선크림,5년넌게 써오고 있는데 리뉴얼 몇번 되었어요 새로운 느낌으로 받아보니 좋네요. 썬크림에 피부가 예민한데 무난하게 잘 쓰고 있습니다.
자세밴드,"최근 들어서 무리한 운동을 하거나, 허리에 힘을 주는것도 아닌데 허리가 시큰거리는게 너무 아파서 병원을 갔더니, 1차적인 근본원인은 틀어진 자세가 원인이라고 하더라구요 의식적으로 자세를 고치는것만으로는 부족할거 같아서, 생활할때 착용하려고 구매했습니다. 뒷쪽 허리부분에는 지지대가 목뒤쪽부터 일자로 이어져있고, 밴딩 옆쪽에는 통기성이 좋게 처리되어있어서 꽉 조여매도 땀이 차지 않아 좋아요 일단 책가방 처럼 어깨끈을 크로스로 넣어서 걸치고 그다음 복대에 찍찍이를 부착해서 어깨끈이랑 복대끈쪽이랑 순차적으로 쪼여가면서 입으니 딱 맞는 정도로 조절할수 있습니다. 확실히 자세를 잡아주니 허리를 덜쓰게끔 의식이되서 좋네요 움직임이 큰 생활할때는 아예 계속 착용해서 바른 자세가 습관이 자리잡게끔 잘 써봐야겠어요"
자세밴드,품질과 디자인 모두 만족합니다 바른자세로 유지할 수 있어서 좋습니다 자고 일어나면 등이 늘 아팠는데 자기 전까지 제품을 착용하고 일어나면 통증이 점점 줄어드는 것 같습니다.
선크림,바다여행 갈 일이 있는데 바다를 살리는 선크림이라는 문구가 마음에 들어 구입했어요. 우리가 흔히 쓰는 선크림 성분 중에 옥시벤존과 옥티노세이트가 산호초와 해양생물을 파괴하는 주범이라 바다에선 사용하지않는 게 좋다는 것 알고있어서(하와이 하나우마베이 환경교육 받을 때 나오죠 ㅎㅎ) 이런 제품 찾고있었는데 다행히 쿠팡에 있었네요 ^^ 백탁없고 밀림 없고 끈적임 없는 제품이라는 설명에 설마하는 마음에 샀어요. 한여름에도 팔다리에는 선크림 잘 안 바를 정도로 선크림 특유의 끈적이는 걸 싫어해서 끈적임만 없어도 만족할 것 같았는데 정말 모든 걸 충족해주는 제품이네요. 발림성이 엄청 가벼워요. 수분로션 바른 듯한 가볍고 산뜻한 느낌이 들어요. 로션 바르듯 가벼운 사용감때문에 당연히 밀림 없어요. 그리고 개인적으로 눈시림 없다는 점이 정말 마음에 들었어요. 예전에 멋 모르고 선크림 바르고 스노클링하고 올라와서 바닷물에 씻겨 흐른 선크림때문에 눈이 엄청 쓰리고 눈 빠질 것 같은 경험이 있어서 이 부분도 중요했어요. ㅎㅎ 성분도 착해서 아이와 함께 쓸 생각으로 구매했는데 가기 전에 하나 더 구매해야할 것 같아요.
선크림,열어보자마자 바다가 연상되는 시원하고 예쁜 디자인이네요.. 사이즈도 손에 들어오니 딱 좋고.. 백탁현상 전혀 없고.. 촉촉해요.. 약간 은은한 허브향같은데 향도 시원하고 상쾌해요. 넘 좋은제품 만족합니다
선크림,전에 쓰던 케이스가 바뀌어서 찾는데 긴가민가 했어요 그런데 써보니 그제품과 거의 동일하네요
자세밴드,일할때 무의식적으로 자세가 구부정한데 이거 착용하고 일하면 바른 자세를 유지할 수 있어 좋네요
선크림,쿠팡체험단 이벤트로 상품을 무료 제공받아 작성한 리뷰입니다. 2027년 2월 4일까지 사용 가능한 제품으로 배송받았어요 기미 치료후 유지를 위해 썬크림에 관심이 많아 졌는데 평소에 썬크림은 필요성은 느끼지만 끈적함이 싫기도 하고 해서 스틱형도 써보기도 하고 여러 제품들을 써 봤는데 이제품은 그 중에서 정말 제일 마음에 들어요 왜 진작 안써봤을까 싶을 정도에요 체험단으로 받은 제품이지만 정말 추천하고 싶네요 피지오겔이라는 브랜드에 믿음이 있어서 고르게 되었는데 평소에 피지오겔 제춤 로션을 쓰고 있어서 제품 좋은건 알고 있었어요 이 제품은 썬 로션인데 아주 묽어서 전 스킨에 더 가깝다고 느낄 정도에요 다른 회사 로션타입 썬크림보다 훨씬 묽다보니 발림성도 좋고 흡수도 빠르고 끈적임이 전혀 없어요 백탁현상도 당연히 없고 바르면 약간 피부에 광이 날정도로 반짝 거린다고 느껴집니다 페이스 앤 바디에 사용 가능한 제품입니다 꼭 흔들어서 사용하시고 조금의 양으로도 넓은 부위에 빠를수 있어요 다음에는 내돈내산으로 재구매 할 생각입니다
선크림,### 이 브랜드 샴푸에 너무 만족해서 선제품도 구매했는데 박스에 써있는 카피 그대로인 제품력에 감탄합니다. 제품 디자인은 촌스럽지만 심플하게 제품력에 집중한 브랜드네요. # 백탁 진짜 없어요 피부 톤을 살짝 정돈해주는 느낌이고 허옇게 되는 백탁은 1도 없습니다. # 밀림 갠적으로 이거 아주 중요하게 생각하는 부분입니다 선크림 바르고 팩트 두드릴 때 밀리면 최악이에요 그렇게 짜증 날 수가 없어요 그런데 저는 팩트까지 바르는 경우는 좀 드물고 선크림으로 끝내는 경우가 많은데 밀리는지 보려고 팩트 두드려 봤어요. 안 밀려서 만족했네요. # 눈시림 역시 없어요 눈이 편안합니다. # 끈적임 요건 바르기 전 피부 상태가 중요할 듯요. 여름이니 아무래도 쿨링을 충분히 해주고 발라야 끈적임이 없다고 느낄 수 있습니다. # 향 풀향이랑 베이파우더가 섞인? 쌉싸름한 화장품 냄새 나요. 그렇게 좋은 향은 아니에요. ### 제 경우에는 토너랑 에센스 후에 이 제품만 넉넉히 발라 줍니다. 모공이랑 기미가 좀 있는 피부입니다. 개인 피부 상태에 따라 다르겠지만 저는 이것만 발라도 피부톤이 어느 정도 정리가 돼서 팩트나 파운데이션을 쓰지 않고요 눈썹이랑 립만 살짝 해주면 외출 가능이에요. 좋은 제품이라 단종 안 되게 많이 팔리면 좋겠네요 ㅎㅎ 선택에 도움되시길 바라며 솔직한 후기 남깁니다.
선크림,살짝 화장품냄새가 나는 선크림이지만 항상 써왔던것이라 구매했습니다
선크림,"민감피부, 아무거나 못 바르는 편인데 기대하고 구입했으나 바로 오돌오돌하게 올라오네요... 발림성이 로션처럼 묽어서 바르게 편해요"
자세밴드,자세가 너무 안좋아서 어깨도 굽고 거북목도 심한편이에요 일단 이거 쓰면 쫙 펴지는 느씸에 시원하긴 해요 착용하는거 자체는 간단하고 오래 착용하기에도 무난합니다 쓰는동안 시원하고 자세 잡히는 느낌이라 계속 써봐야겠어요
자세밴드,"저는 47kg, 1m60. s사이즈 맞아요. 편리하게 사용할 수 있는거 좋아요. 감사합니다."
자세밴드,사무직이라 구부정한 자세로 계속 있다보니까 허리가 많이 안좋아졌는데 교정밴드 쓰니까 허리랑 목도 잘 잡아주고 바른자세 유지에 도움되요 메쉬소재라 덥지도 않고 착용감 편해서 괜찮은 것 같아요
자세밴드,"정직한닥터 바른 자세 교정 밴드 착용해보니 어깨와 등이 자연스럽게 펴지는 느낌이 확실합니다. 조이지 않고 부드럽게 당겨줘 장시간 착용해도 부담이 적었어요. 어깨 홀더 타입이라 말림을 잡아주고, 남녀공용이라 사이즈 선택도 편리했습니다. 일상생활이나 사무실에서 착용하기 좋고, 자세 인식에도 도움이 돼 꾸준히 사용해볼 만한 제품입니다."
선크림,하루만에 3천원 떨어졌네요. ㅠㅠㅠ 너무해~ 그래서 별 하나 뺐어요
선크림,"아토피가 있어서 피지오겔 로션을 사용하고 있는데, 처음으로 선크림을 구매했어요. 로션처럼 묽고, 바를 때 건조함이 전혀 없어요. 이번 휴가에 함께 왔어요~"
선크림,"이 제품 쓰자마자 바른 부위에 두드러기가 올라왔고, 피부과 전문의에게서 선크림 사용으로 인한 접촉성 피부염이라는 진단을 받았습니다. 그래서 피지오겔 코리아로 1:1 문의를 드렸더니, 쿠팡 쪽으로 문의하라고 하시길래 판매자 문의로 환불 관련해서 말씀을 드렸습니다. 그런데 사진처럼 매크로 답변에 다른 데로 접수하라고 떠넘기시더라구요 엘지생활건강 소비자상담실에서도 제품 환불은 판매자 문의 쪽 일이라고 하셨는데 공식몰 일처리 개 어지러움"
자세밴드,"남편이 요즘 목과 어깨 통증을 자주 호소해서, 도움이 될 만한 제품을 찾아보다가 바른 자세 교정 밴드를 구매하게 되었어요. 오래 앉아 있는 직장 생활 때문에 어깨가 말리고 등이 굽는 습관이 있어 교정이 필요했죠. 2xl사이즈로 주문했는데 잘 맞는 것 같아요. 어깨를 자연스럽게 뒤로 잡아당겨 바른 자세를 유지하게 해주니 처음엔 약간 뻐근했지만, 점점 자세가 곧게 펴지는 느낌이 들고, 통기성 좋은 소재라 장시간 착용해도 덥거나 답답하지 않고, 얇아서 옷 안에 착용해도 티가 잘 나지 않아 외출할 때도 부담이 없다고 해요. 목과 어깨가 한결 편해졌다고 해서 만족한다고 하네요."
선크림,제가 좀 민감한가봐요.. 눈시림에...진짜 예민해서 조금만 시려도 바로 씻어버려야되요 진짜 여태 사서 버린것들ㅠㅠ 천지고... 생각해보니 팔뚝 목에 바를걸ㅠㅠ 그뒤로는 돈아까워서 눈시림 없는 제품만 찾아요~~ 찾다가 요제품.... 눈가발랐더니 너무 근처까지 덕지덕지바르면 좀 따갑기한데 다른 썬크림에비해 반의반도안되는 따가움ㅎㅎ 그래서 요건 눈위로 이마 눈근처 바르구요... 다른건 눈아래로ㅋㅋ 있는건 써야하니까ㅠㅠ 애들도 요걸로 발라줘요ㅎㅎㅎ 요량도 작고 비싸기도 하지만...엄청 빨리소진ㅠㅠ 눈시림없으니 당분간 요걸로쓰려구요~~^^
자세밴드,키 185에 93키로 4XL쓰니깐 잘 맞아요 크게 불편함은 없고 등받이가 단단하게 잘 받쳐줍니다 자세에 도움이 많이 되는 것 같아요
자세밴드,라운드 숄더가 심해서 필라테스 다니고 있는데 일상생활에서도 좀 관리하고 싶어서 구매했는데 정말 어깨가 펴지는 거 같아서 만족해용~
자세밴드,착용감은 괜찮은 편입니다. 사무직이라서 계속 앉아서 업무를 봐야 해서 굽은자세로 있는 시간이 많았는데 매우 만족스럽습니다. 뱃살도 안늘어날 것 같아요 ㅋ
선크림,진짜 좋아요 한 번 구매해보고 좋아서 남자친구도 사주고 언니도 사주고 엄마도 사준 선크림 원래 귀찮아서 후기도 안 쓰는데 오래 팔아주셨음 하는 맘에ㅜㅜ 선크림 바르면 특유의 답답함과 번들거림이 싫어서 안 바르다 이제는 관리 좀 해야겠다 싶어서 샀는데! 이름이 휘황찬란해서 호기심이 생겨서 구매한건데 이렇게 순하고 백탁 전혀 없고 바른듯 안 바른듯 로션같은 선쿠림이라면 평생 바르고다닐수있음 지금 한 한달간 사용중인데 트러블 전혀 없구 목이랑 피부색 비쇼해보 অবিলম্বে 자차도 꽤나 잘되는듯 단종되면 안돼 내 인생 선쿠림~~~
자세밴드,사이즈가 작은되 반품이안되요 포장 풀어버리면 참고하세요
자세밴드,"자세가 구부정하다고 해서. 자세를 잡아주는 방법이 없나 찾다보니 이 제품이 있네요. 2주정도 사용하는데 , 구부정한 자세가 펴지는 느낌이 있네요"
선크림,"얼굴보다는 바디(목, 귀, 손)에 바르고있어요. 물처럼 묽어서 얼굴보다는 몸에 바르니까 조아요."
선크림,다른거 써봐도 이 제품이 가장 나은듯해서 다시 구매했습니다 눈시림도 없고 밀림도 없어요 효과를 의심하게 할 정도로 썬크림 바른 느낌이 안납니다 차단은 잘 되는것 같아요
선크림,약간 묽은 액체? 비슷한 느낌인데 오전에 저거만 바르고 화장하고 나가용 피지오겔 크림 로션 거의 15년 계속 쓰고있는데 편하고 역시 피지오겔 그런느낌 ㅎㅎ 잘쓰고있습니당!
선크림,선크림은 항상 바르는 편인데 백탁현상 없는 선크림 찾다가 상품평이 좋아서 구매했어요 선크림 발라보니 백탁현상도 없고 촉촉하기 까지 발림성도 좋고 흡수도 잘되요 선크림 눈 가까이 바르면 눈이 따끔거리는 선크림도 있는데 이제품은 순해서 눈 가까이 발라도 따끔거리지 않아서 좋아요 향도 은은하니 좋아요
선크림,로션처럼 부드럽게 잘 발리고 약간의 스킨컬러가 있어서 기초후에 이거 하나면 외출할때 좋아요~ 세번째 구매했어요~~사용기한도 넉넉하여 미리 구매해도 좋네요~~
자세밴드,공부하면서 어깨가 굽는것 같아 자세교정용으로 어깨를 좀 피려고 구매했어요 착용감이 생각보다 편해서 놀랐네용~!
자세밴드,하루는 아버지 엄마 티비보시는 모습이 너무 구부정하시더라구요 연세도 있으시고 저녁에 집에 들어오심 너무 피곤하기해서 자세가 심하게 막 흐트러지시더라구요 척추건강 어깨 건강을 위해서 저녁 휴식시간 잠깐이라도 같이 착용하고있어요 첨에는 시원한듯하면서 또 불편하더니 점점 적응이 되네요 아버지는 체구가 좀 있으신편이라 36인치 바지를 입으시는데 2XL 약간타이트하다 싶었는데 허리ㆍ어깨를 당겨 펴시면서 조금씩 사이즈가 맞아 들더라구요 신기하게 ㅎㅎ 처음 착용만 도와주시면 그 다음 착용은 간단해요
자세밴드,몸에 잘 맞아요 짱짱하니 자세를 잘 잡아주고 그렇다고 막 너무 답답하거나 그렇지도 않아요 편안한 감이 있으면서도 아주 딱 자세를 잡아주는 밸런스 진짜 짱이네요
자세밴드,"안녕하세요. ٩(๑❛ᴗ❛๑)۶ 제 리뷰 참고하시어 소비에 도움이 되셨으면 좋겠습니다! 평소에 척추측만증이 있는 30대 여자입니다. 사무직이라 하루 8시간 이상 계속 사무실에 앉아서 컴퓨터를 해서 그런지 어깨가 말리는 기분이 들고, 허리가 점점 더 아파져오더라구요. 그래서 허리도 잡아주고 측만증 교정에도 좋은 제품 찾다가 해당 제품으로 고르게 되었습니다. 먼저 결론부터 말씀드리자면 만족스러워요. 무엇보다 해당 제품 벨크로며 소재며 모두 견고하고 튼튼해서 마음에 듭니다. 허리 지지대가 있는 제품이라 허리가 숙여지거나 어깨가 말린다 싶을때 피려고 하니까 교정에도 도움이 되는 거 같아요. 솔직히 그리고 저같은 경우에는 측만증이 너무 심한 편이라 웨딩촬영 할때.. 한쪽 어깨가 계속 치켜 올라간다고 사진작가님께서 말씀해주시곤 하셨거든요. ㅠㅠ 병원에 가서 상담받았을 때에도 팔을 들고 옆으로 숙였을 때 한쪽은 자연스럽게 숙여지는데 반대편 허리 쪽은 뻐근하고 잘 숙여지지 않더라구요. 그런데 해당 제품 하고 있으니까 남들이 유독 올라간다고 했었던 한쪽 어깨가 기분좋게 뻐근한 느낌이 드네요!! 교정에도 효과가 있는 거 같아요. 제가 하고 있다보니까 허리 뿐만 아니라 말린 어깨나 거북목에도 좋을 거 같아서 남편에게도 해보라고 했었는데 남편도 어깨를 잡아주는 거 같아서 편하다면서 계속 하고 있으려고 하더라구요! 저처럼 측만증 교정이나 어깨 교정하려고 하시는 분들께 제격인 상품인 거 같아요~ 추천드립니다!"
자세밴드,"오래 일하다 보면 뻐근할 때가 늘어나, 자세를 좀 잡아줄 제품을 찾다가 사봤습니다. 생각했던 것보다 재질이 짱짱하고 등을 받쳐주는 부분이 상당히 안정적이어서 확실히 착용하면 편하고 바르게 서는 느낌입니다. 촉감도 부드러운 재질이라 오래 착용하고 있어도 좋아서 자주 손이가게 되네요. 전반적인 봉제나 마감처리도 잘되어 있어서 오래 쓸 수 있을 것 같습니다. 만족해요 ㅎㅎ"
선크림,고등학생때 쓰고 오랜만에 생각이 나서 사서 써보았습니다 조금 끈적하긴 하지만 자연스러운 톤업이 됩니다
자세밴드,"와이프랑 저랑 각각 주문해서 잘 사용하고 있고, 자세가 좋지 않은 조카를 위해 선물로 주문 했습니다. 저희는 6달 정도 착용하고 있는데 아직도 벨크로도 아직 짱짱하고, 편안하게 잘 사용하고 있습니다. *** 저희는 꽤 오랫동안 착용해서 그런지 이제는 30분은 그냥 편안하게 착용하고 있습니다 조카한테도 10분정도부터 천천히 시간을 늘리라고 알려 주었습니다. *** 매일 꾸준히 착용하니 확실히 평소에도 허리랑 어깨도 쫙~~ 펴게 되는 것 같습니다. 착용방법 간단하고, 바른 자세 잡기에 효과도 좋아서 아주 만족합니다."
자세밴드,"남자친구가 대부분 시간을 컴퓨터 앞에 앉아있다보니 곧 거북이될 것 같길래 사줬는데 사용법도 간편하고 탄탄하게 어깨를 잡아줘요! 자주 착용하면 자세 교정도 금방 될 듯 한데 확실히 굽은 등,어깨가 펴지니 키가 5센치는 더 커보이는거같아요ㅋㅋㅋ 사용했을때 불편함도 없고 약국에입점되어 있는 제품이라하니 더 믿고 사용할 수 있을 것 같아요"
자세밴드,저는 매번 허리 통증로 고생해서 자주 사용하는데 너무너무 좋아요ㅋㅋ 덕분에 허리 건강이 좋아졌습니다
선크림,"1. 가격 가격은 조금 비싸다고 생각을 했다. 하지만 내가 여태 너무 싼것만 쓴게 아닌가싶어서 가격은 뒷전으로 미루고 구매 2. 외형 판매사진과 동일하며 특이점은 없고 깔끔하고 맘에든다 3. 활용성 아주 마음에 든다. 무겁지도않고 그렇다고 너무 가볍지도않고 무거움 과 가벼움에서 완전중간도 아니고 가벼움쪽에 조금 더 치우쳐있는 느낌 딱 이정도가 맞는거 같고, 남자라서 화장과 함께하는건 잘 모르겠지만 남자들은 이거 바르면 충분할거같다 맘에 듦 @ 총평 다음에도 이거 사야겠습니다~"
자세밴드,어머님들 키165. 몸무게 65분들 2xl. 시키세요 어깨끈 배쪽으로 돌아 올때 적당합니다
선크림,안끈적거리고 제형이 로션타입처럼 가벼워서 넘 좋네요 온몸에 바르기 좋아요
선크림,친구가 쓰는거보고 주문했어요~~커버랑 톤업이랑 동일상품맞다고 하니 참고하세용 향도 좋으네요^^
자세밴드,요즘 같이 PC를 많이 하거나 핸드폰을 많이 하는 전자기기를 많이 쓰는 시대에 살고 있어서 어깨가 특히 숄더가 말리고 하리가 굽고 등이 굽고 이런 증상들이 많이 일어나서 질병들이 많아요. 하지만 일상생활에서 집에서 특히 TV 보거나 이럴 때 착용하고 있으면 너무너무 좋을 것 같아요. 일단 어깨가 펴지고 허리도 그렇고 안에 심지가 들어 있어서 단단하게 지지할 수 있어서 너무 좋은 것 같아요. 가격도 좋고 좋아요
선크림,계속 구매하는 상품 저는 기초화장후에 이 썬크림 까지만 바르고 색조 하장을 해요 나이가 65세라ㅡ 화운데이션 또는 쿠션까지 바르면 얼굴에 잔주름이 많이 생기더라고요 그래서 살짝 끈기가 있는 썬크림 까징산 바르면 피부가 촉촉한 느낌이거든요
자세밴드,찍찍이가 힘이 없음. 그리고 착용이 번거로움.
선크림,좋은 제품 좋은 가격 빠른 배송 모두 만족합니다.
선크림,"다른 베이비키즈 선크림 썼다가 둘째가 발진올라오고 피부 뒤집어지고ㅠㅠ (남편은 괜찮대서 남편이 바르고 있어요) 그래서 신중하게 고른게 피지오겔 선크림 이었어요. 발진없이 잘 쓰고 있답니다^ ^ 30ml로 사서 괜찮네- 싶어서 똑같은거 큰용량으로 사려다가 선로션 있길래 한번 사봤어요. 이건 100ml라서 부담없이 쓸 수 있을 것 같아요. '로션'으로 나온 제품이라서 굉장히 묽습니다. 일반 로션보다 더 묽어요. 워터로션같은 !!! 그리고 아쉬운 점은 로션이라 그런지 PA+++ 이네요. 그래도 만족합니다~~ 끈적임은 크게 없는 편이긴 하나 안바른 것 처럼은 아니고 로션 발랐을 때의 끈적임이라 해야하나,, 여튼 그정도는 있어요. 그래도 매우 가벼운 제품이라 부드럽게 잘 롤링 됩니다."
선크림,로션을 늘 쓰는 브랜드라 첨 구입했는데 선크림과는 조금 다르게 많이 묽어요~ 눈에 들어가면 따가우니 조심해야 겠어요
선크림,"이자녹스 썬크림은 남편이 장기간 사용하고 있는 썬크림입니다. 몇 개씩 항상 주문해서 사용했었는데, 요즘은 신선하게 쓰고 싶어 두개씩만 구입하고 있어요. 남편이 자외선 차단과 얼굴 톤 정리 목적으로 사용하고 있어요. 바쁜 출근 시간에도 얼굴 톤 정리는 항상 하는 편이라서 남편에게는 없어선 안될 must have item입니다 UV지수도 좋고 발림성도 좋고 품질은 좋아요. 여러 종류의 썬크림이 많지만 그럼에도 바꾸지 않고 계속 즐겨 사용하는 제품입니다. 다 사용하면 또 구입하러 옵니다~"
자세밴드,사이즈도 너무 좋았고요 퀄리티가 아주~ 가격대비 정말 ~ 잘 산거 같습니다 저만 알고 쓰기 아까워서 엄마집에도 보내 드릴라고요^^
자세밴드,"다만, 하고있으면 덥고 좀 자국이 납니다. 그래서 귀찮아서 잘 안하긴하는데 하고있으면 효과가 좋아요. 꾸준히 할 수 있다고 생각하시는 분 추천"
선크림,너무너무 만족스러워요 백탁현상도 없고 밀림도 없고 눈도 전혀 따갑지가 않아서 한여름에 진짜 진가를 발휘할것같아요 전 좀 예민한 편이라 눈주변에만 발라도 눈이 시큰시큰 거려서 성분 안좋은 선크림은 잘 못쓰거든요 ~ 이건 전혀 눈시림이 없네요 그리고 만든 과정을 보니깐 착한 성분에 좋은 재료에 너무 착한 제폼인것 같아요!!
선크림,1. 눈 따가움 전혀 없음 2. 백탁 아예없음 3. 보습효과 오래감 4. 발림성 좋음 5. 재구매의사 있음
자세밴드,라운드 숄더 때문에 할상 허리가 굽어 있는 것 같다는 이야기를 많이 들어요 ㅋㅋㅋ 그래서 보니까 많이 굽어있더라고요 매일 입고 다니고 있는데 좋아요
선크림,햇빛에 팔다리가 타는게 싫어서 구매했습니다. 운전하다보면 양쪽 팔 자외선 받는 상태가 다른데 열심히 발르렵니다.
자세밴드,라운드 숄더가 좀 심하고 어깨도 많이 아픈편이라 착용합니다 장시간 똑같은 자세로 책상에서 일을 하다보면 어께가 너무 아플때가 있는데 그럴때 바로 착용하고 스트레칭도 해주고 착용하고 작업도 하면 어깨통증도 줄고 바른자세도 유지할 후 있어서 좋더라구요~
선크림,아주 좋아요 일단 백탁없는 선크림을 찾고있었어요 다른 선크림들은 얼굴이 하얘지고 둥둥떠서 안하얘지고 자연스러운걸로 찾고있었어요 일단 발라도 얼굴이 안하얘지고 얼굴빛이 자연스럽고 로션바른것처럼 자연스러워서 좋아요 남자들이 사용하기에도 좋은것같아요 하얘지지않아서 좋아요 그리고 끈적거리지않고 산뜻해요 선크림 바르고 답답한거 못참는데 이건 별로 끈적거림도없고 답답한거 없어요 얼굴에 뭐 덕지덕지 바른 그 답답한 느낌이 전혀없고 그냥 산뜻해요 얼굴도 편안하구요 남편이 기름기가 많고 여드름피부인데 남편한테도 잘 맞아서 남편이 가지고다니면서 쓰고있어요 밖에서 있을때 꼭 바르고 덧바르고 목뒤에도 바르고있는데 땀나도 자국 안남아서 좋아요 피부에 자극적이지도않고 편안해요 저는 건성인데 선크림이 적당히 촉촉한게 있어서 얼굴이 크게 당기지도 않고 좋아요 건조함도 약간 잡아주는것 같아서 좋아요 끈적임 없이 촉촉한 느낌이라 아주 잘 쓰고있어요 남편이 가지고다니는 용도가 돼서 하나 더 살려구요 집에다가 두고 써야겠어요
자세밴드,엄마가 허리가 안 좋으셔서 이런거 하나 사달라고 해서 보내드렸더니 가게서 일할때 착용하고 일 하신다네요 편하고 좋다 하시니 다행이긴 합니다ㅠ
선크림,"엘지생활건강에서 만든거라 성분도 비슷하고 좋아요. 썬크림 고를 때 첫번째 성분이 징크옥사이드 인것을 사는데 비욘드 피토가닉 썬크림, 비욘드 키즈에코 썬크림, 비욘드 미라클 포레스트 마일드 선 베이스 쓰다가 (단종될때마다 비슷한 성분 다른거 찾아서 씀) 같은 회사인 엘지 생활건강에서 나온 이자녹스 썬크림 성분을 봤더니 제가 찾던 사이클로펜타실로산이라 구매 후 써보니 끈적임도 없고 화장한거처럼 톤도 보정되고 단종안되면 계속 쓸 예정입니다."
자세밴드,포장과 배송에 모두 신경써서 보내주신게 느껴졌습니다. 정말 퀄리티가 생각 기대 이상이에요^^ 허리 딱 잡아주니 정말 편안해져요
선크림,쿠팡체험단 이벤트로 상품을 무료 제공받아 작성한 리뷰입니다. 화장전에 선크림 바르면 답답한 느낌이 너무 싫거든요ㅠ 그래서 그냥패스할때도 많았는데 피지오겔 선크림은 촉촉해서 발림도 좋고 백태현상도 없고 딱원하던 선크림이예요!! 아이들이랑 같이 쓰기도 좋고 아이들도 맨날 선크림바르면 눈아퍼라고 해서 선크림 엄청 고민하면서 고르는데 피지오겔 선크림은 애들이 눈이안아프다고 좋아해요 땀많이 나는 여름에도 쓰기 좋을거 같아서 완전 강추!!!!합니다 온가족 선크림으로 추천해요♡
선크림,로션처럼 묽은 제형이고 흡수도 잘되긴하는데 땀이나 물에 강하지는 못한것 같네요 등산할때 바르고 갔는데 땀이 많이나서 효과가 떨어지는것같아요 땀이 적으신분은 괜찮을듯합니다
자세밴드,많이 시원하고 2주정도 하루 20분 3번정도씩 했는데 어깨가 결리고 아프던것도 없어지고 어깨와 등이 많이 펴졌어요
자세밴드,컴터를 오래해서 거북목에 굽은 등 심헌데 이거 하고 많이 펴짐
선크림,워터프루프인줄 모르고 선크림 필요해서 가격만보구서 2개 구매함. 받아보니 워터용이구나 하고 반품할까하다가 그냥 사용함. 첫발림은 로션처럼 부드럽다가 점점 비빌수록 찐득해져서 첨에는 이게모냐?했는데 사용하니 땀이 흘러도 지워지지않아서 좋음. 이래서 워터프루프선크림을 쓰는구나 생각함. 사용시 빠르게 발라주는 요령이 생기니 워터프루프 제품이 맘에듬. 이젠 그냥 선크림 바르면 뭔가 허전함. 톤업도 되니 다른거 안바르고 이것만 바르고 그냥 나감. 시간 단축되고 좋음.
선크림,아이어릴때부터 피지오겔 로션이랑 크림을 오랫동안 사용했었어요 아이들 침독이라던지 피부안좋을때 건조할때 소아과갔을때 피지오겔 크림추천해주셔서 쓰기시작했는데 꽤오래전부터 썼었네요 그러다 최근에 초등딸아이 선크림찾다가 피지오겔선크림을 봤어요~ 그래서 페이스용으로 하나사고 바디용도 사고싶어서 용량크고 로션타입인것도 있어서 구매했습니다 우선로션타입이라 많이 묽어요~ 그래서 아주 쓱쓱 바르기 쉽습니다 평상시 학교갈때 아침에 바르고 가는데 확실히 도움이 되는거 같아요! 이지워셔블이라 좋구요 온가족 다사용할수있는 순한선크림이라 마음에 듭니다.
자세밴드,책상에 오래 앉아 있어서 어께쪽이 많이 뭉치고 통증이 있었는데 이 제품 사용하고는 많이 좋아 졌습니다 한번 사용해 보세요
자세밴드,잘펴주고 편함 특히 나 같은 거북목에게 개좋음
자세밴드,어깨가 평소에 굽고 불편해서 바른자세 교정이 가능한 밴드 구매했습니다. S 사이즈 주문했는데 사이즈 잘맞고 남녀 공용 제품이어서 사이즈 고르기 좋고 확실히 밴드로 자세 교정해주니 올바른 자세가 가능하고 약국입점한 제품이라 확실히 믿고 사용하고 약국에서 구매하는것보다 가성비도 좋고 만족합니다.
선크림,늘 사용해오던거라 믿고 씁니다 색감과 미끌거리는정도가 제게 잘 맞습니다
자세밴드,사이즈도 맞추기 힘들고 착용하기 불편하네요
선크림,썬크림 한철쓰고 자주 구매하게 돼는데여 끈적임 없어 좋은거 같구여 피부표현두 가능해서 좋은듯 합니딘
선크림,"피지오겔 데일리 모이스쳐 UV 패밀리 썬 로션 SPF50+ PA+++는 피부 보호와 보습을 동시에 제공하는 제품으로, 특히 민감한 피부를 가진 사람들에게 적합한 선크림입니다. 이 제품은 강력한 자외선 차단 효과를 자랑하며, SPF50+와 PA+++ 등급으로 UVA와 UVB를 효과적으로 차단해줍니다. 피지오겔의 독자적인 DMS(Dermatological Moisturizing System) 기술이 적용되어 있어, 피부 장벽을 강화하고 수분을 유지하는 데 도움을 줍니다. 이로 인해 피부가 건조해지지 않고, 오랜 시간 동안 촉촉함을 유지할 수 있습니다. 또한, 피부 자극을 최소화하기 위해 인공 향료나 색소, 알코올이 첨가되지 않아 민감한 피부에도 안심하고 사용할 수 있습니다. 텍스처는 가볍고 부드러워 피부에 쉽게 흡수되며, 끈적임 없이 산뜻한 마무리를 제공합니다. 바른 후에도 백탁 현상이 거의 없어 자연스러운 피부 톤을 유지할 수 있습니다. 특히, 가족 모두가 사용할 수 있도록 설계되어 있어, 아이부터 어른까지 모두에게 적합한 제품입니다. 피지오겔 데일리 모이스쳐 UV 패밀리 썬 로션은 일상적인 외출은 물론, 야외 활동 시에도 강력한 자외선 차단 효과를 발휘합니다. 수분 공급과 피부 보호를 동시에 원하는 분들에게 강력히 추천드리는 제품입니다."
자세밴드,요즘 앉아 있는 시간이 많다 보니 어깨가 점점 구부정해지고 거북목까지 신경 쓰이더라고요. ㅜㅠ 신랑은 벌써 눈에 띄게 생겼고요 ㅜㅠ 집에서 간단히 교정할 수 있는 방법을 찾다가 교정밴드를 구입했는데 생각보다 효과가 좋아 만족하고 있어요. 착용했을 때 처음엔 약간 낯설었지만 금방 적응되고 어깨가 자연스럽게 펴지면서 자세가 곧게 유지되게 도와주네요. 그동안 나도 모르게 했던 습관을 서서히 고치려고 노력하는데 도움이 됩니다. 밴드 소재가 부담스럽지 않고 착용과 탈착도 간단하고~소파 옆에 두고 틈틈히 사용 중입니다. 거북목과 구부정한 자세 교정이 필요하신 분들께 추천해요~
선크림,며칠을 고민하다 구매했는데 만족입니다 광고 처럼 끈적이지 않고 밀리지 않고 제일 중요한 백탁 없고 눈시림 없네요 용량이 작아 아쉽지만 만족 하며 매일 잘 사용 하겠네요
선크림,친정엄니 추천으로 샀어요. 극찬을하시길래.. 적당히 톤업되고 피부결이좋아보여 잘산것같아요. 유통기한도 길어 만족!!
선크림,"EU에서 적용되는 기준하에 바다friendly하게 제품을 만들고자 한점에서 선택함. 백탁이 전혀 1도 없고 유아용로션인듯이 부드럽게 피부에 스며들고 다시 덧바를시에 밀림이 없는점이 정말 좋음. 바다에 안전한 제품이란점이 확실히 증명(!)이 되는 certi를 받았다면 그것을 좀더 부각하여 홍보하면, 제품자체의 품질이 너무 좋으므로 상당히 도움이 될거 같단 생각이 듦. 에코 프렌들리 & 흡수력이 매우좋아서 끈적인단 느낌이 없는점이 최강점. 이런 중소업체들의 우수한 상품이 널리 많이 알려지길 바람."
자세밴드,자세가 평소에 좀 구부정한 편이긴 했는데 밴드 착용하니까 확실히 알겠더라구여 날개뼈 가운데가 유달리 시리곤 했었는데 자세교정하고 좀 나아진듯 하기두 한달이면 내 자세 완전히 돌아올수 있을까 기대중임다
자세밴드,회사에 오래 앉아있다보니 저도 모르게 자꾸 어깨가 앞으로 굽어서 승모근이 엄청 뭉쳤더라고요 ㅠㅠ 이제라도 바른자세 유지하고 싶어서 교정용으로 구매했어요 ~~
자세밴드,"요즘 자꾸 어깨가 말리고 등이 굽는 느낌이 들어서 자세 교정 밴드를 한번 써보기로 했어요. 너무 과한 거 말고, 가볍게 하루에 몇 시간씩 교정할 수 있는 제품을 찾다가 이걸 골랐어요. ✔ 착용감은 생각보다 편해요. 처음엔 살짝 조이는 느낌이 있는데, 몇 분 지나면 익숙해지고, 자세가 자연스럽게 펴지면서 어깨가 열리는 느낌이 들어요. 너무 과하게 당기지 않아서 일상생활하면서 착용해도 크게 불편하지 않았어요. ✔ M 사이즈는 55~66 여성이나 체형 작은 남성분께 잘 맞는 것 같아요. (제가 키 165에 마른 체형인데 딱 좋았어요) ✔ 티 안 나게 얇은 옷 안에 착용 가능하고, 땀 차거나 가려움도 없었어요. 소재도 부드럽고 신축성도 적당해서 한두 시간씩 매일 착용하기 좋아요. ✔ 착용하고 나면 확실히 자세에 신경 쓰게 되더라고요. 앉아 있을 때 특히 등이 굽지 않게 잡아주는 느낌이 있어서 좋았어요. 강추여~"
선크림,"구매 계기 아이들과 함께하는 야외 활동이 많아지면서, 선크림은 필수더라구요 ✅ 장점 SPF 50+ PA+++의 높은 자외선 차단 지수로, 강한 햇빛에서도 피부를 보호가능 자연스러운 피부 톤 보정 가벼운 베이지 톤의 제형이 피부에 자연스럽게 밀착되어, 메이크업 베이스로도 활용 가능해요~ 촉촉한 보습감 수분감 있는 제형으로 건조함 없이 피부에 촉촉하게 발리며, 편안한 사용감을 제공합니당 단점 가격대가 다소 높음 할인할때 사는걸 추천 향에 민감한 분들에게는 호불호 은은한 향이 있어 향에 민감한 분들에게는 호불호가 갈릴 수 있습니다. 개인적으로 무향을 선호하는데 저는 이정도 향은 괜찮았어요 추천 대상 및 이유 이자녹스 UV 선 프로 365 데일리 커버는 강력한 자외선 차단과 자연스러운 피부 톤 보정을 원하는 분들께 추천해요~ 특히 아이들과 함께하는 야외 활동이 많은 부모님들, 메이크업을 간편하게 하고 싶은 직장인들에게 좋을거 같아요:)"
자세밴드,어깨가 말린 어깨여서 항상 아팠는데 지인이 허리밴드 알려줘서 사용하면서 신세계네요 어깨가 펴지지 확실히 덜 아프고 자세도 고정이 되서 만족하고 쓰고있어요
선크림,썬크림만 발라도 화장을 한 듯 해서 좋으네요 썬크림을 바른 후 화인데이션을 챙겨 바랐는데 썬크림 하나로 화인데션을 바른 것처럼 피부가 환하네요 너무 좋아요
자세밴드,이거 너무 좋습니다 디스크 때문에 자세 교정이 필요해서 구매 했는데 척추 잡아주는 지지대 짱짱하고 삼실에서 일할때 사용하는데 매우좋습니다 하면 자동으로 허리 펴지고 너무 잘샀네요^^^
자세밴드,처음 써봐서 생소한 느낌이긴한데 바른자세가 되도록 잡아주는 느낌 보다는 바른자세가 아닐때 당겨지는 힘과 겨드랑이쪽이 살짝 아파와서 바른자세가 되야 안불편하고 안아프니까 자연스럽게 바르자세를 하게 되네요 배가 좀 나와서 배가 좀 압박이 되지만 자세는 잘 교정이 될거 같네요
선크림,아직 사용해 보기전이라 사용해보고 다시 적을께요
자세밴드,제대로 자세를 잡아주네요 어깨와 등이 쫙 펴져서 시원하네요 몸이 바로서는 그런 느낌이 들어요 꾸준히 사용해서 진짜로 자세 바로 잡아야 겠어요
자세밴드,교정되는 느낌입니다. 밴드 자체의 효과도 있겠지만 이걸 할 정도로 라운드숄더에 평소 신경을 쓰는 생활습관도 중요할 것 같습니다. 불편하지 않고 허리도 받쳐줘서 좋습니다.
자세밴드,평소 거북목 증상이 있었는데 통증이 점점 심해져서 치료 받고 있거든요. 선생님께서 교정밴드 착용하면 좋다고 하셔서 하나 샀는데 어깨 잡아주고 등 부분 펴주니까 효과가 좀 있는 거 같아요. 꾸준히 쓰면 좋을 듯 합니다.
자세밴드,"어머니가 자세가 좋지않아 구매해서 착용까지 해봤어요. 나이드신 어른들, 자세가 늘 걱정인 아이들까지 도움이 많이 될듯합니다. 약국판매 제품이리 믿고 구매했어요. 제품도 만족합니다. 꾸준히 해볼께요."
선크림,쓰던제품입니다~ 베이스 기능 있어서 좋아요~^^
선크림,쿠팡 한정특가떠서 원뿔로 알뜰 구매했어요. 올 해는 요걸로 해결~^^
자세밴드,"거북목 때문에 자세가 계속 안 좋아지고 어깨 말림에 허리 통증까지 심해져서 고민하다가 지인 추천으로 이 제품을 구매하게 되었어요. 집안일을 하면서도 착용하고, 평소에 TV 볼 때도 자세가 자꾸 흐트러졌는데, 이걸 착용하고 나서는 바른 자세가 훨씬 잘 유지돼요. 특히 허리 아픈 게 많이 줄어서 정말 만족스럽습니다. 날씨가 선선해지면 옷이 좀 두꺼워져서 외출할 때도 티 나지 않게 착용할 수 있을 것 같아요. 요즘은 어깨 말림이 없어져서 그런지, 옷을 입어도 자세 덕분에 예쁘다는 말을 자주 듣게 돼 기분이 좋아요. 무엇보다 바른 자세가 필요한 딸아이에게도 좋고, 나이가 들면서 어깨가 자꾸 굽어지시는 엄마께도 꼭 필요한 제품이라 가족 모두에게 추천하고 싶어요. 저처럼 자세 때문에 고민이신 분들께 적극 추천합니다. 강추강추"
선크림,"포장도 꼼꼼하게 해서 보내주셔서 박스 그대로 잘 배송왔어요. 처음에 선크림 짜봤을 때 꾸덕한 제형인거 같아서 너무 두껍게 발리면 어떡하나 싶었었는데, 문지르니까 촉촉하고 얇게 도포가 됐어요. 그리고 늘 선크림을 바르고 화장하는데 백탁현상 있는 제품들은 화장하고나면 얼굴이랑 목이랑 차이나고 팩트를 두껍게 안발랐는데도 부옇게 뜨는거 같아서 늘 마음에 안들었었는데, 이 제품은 백탁현상 1도 없고 바르고 흡수가 바로돼서 끈적거리지도 않았습니다. 다음에도 재구매 의향이 있습니다. 추천!"
자세밴드,집콕에 재택하면서 자세가 안좋은건지 허리가 아파와서 구매해봤습니다. 허리건강에 자세가 가장 중요하니 이 제품 사용해서 허리가 다시 돌아오기를..! 허리를 잘 잡아주고 생각보다 견고하고 마감처리 잘되서 여러 번 쓰고 오래 써도 좋을듯합니다.
선크림,"피부잡티가 넘 많아 썬크림은 사계절 필수템인데요 썬크림도 바르고 파운데이션도 바르고 또 마스크를 써야하니 그 과정이 넘 번거롭더라구요ㅠㅠ 다른제품도 다 써봤는데 만족스럽지않아 웹서핑해보니 이 제품이 괜찮다고해서 바로 주문했네요^^ 톤업이 다른제품보다 훨 잘되는같아 만족스러워요 발리는 제형도 좋구여, 밀착감도 타제품에 비해 월등히 좋은것 같아 추천합니다!!! 요즘은 집근처 다닐때는 화이데이션 아예 생략하고 요것만 바르고 댕겨요ㅎㅎ 저처럼 톤업도 좀 되는 썬크림 원하시면 요제품 써보시면 좋을것 같아요 가격도 비싸지 않으니 강추함돠^^"
선크림,스킨로션처럼 스며들어요.. 발림성이 좋아요... 제품력은 사용해 봐야 알겠지만 기대됩니다..
자세밴드,라운드 숄더도 심하고 바르게 앉아서 허리 펴는게 잘 안되어서 목 어깨 머리두통이 점점 심해지더라구요 교정밴드 사용하면 답답할줄 알았는데 생각보다 통기성도 좋고 착용법도 쉬워서 자주 손이 가네요
자세밴드,매일 컴퓨터 앞에서 오랜 시가을 보내다보니 어쩔 수 없이 어깨가 많이 말리는거 같습니다 앉아서도 좀 자세 교정을 하고 싶어서 구매했습니다.
선크림,끈적임도 없고 냄새도 무난하고 무엇보다 썬크림을 바르면 눈이 따갑거나 피부가 빨개지는 예민한 피부였는데 전혀 그런 것도 없고 흡수도 잘되서 기름져 보이지가 않네요! 가격 대비 너무 좋아서 다른 고가 제품 보다 더 낫네요 앞으로 썬크림은 이걸로 정착하렵니다. 유목민 처럼 이거 저거 다 써봤는데 괜찮네요ㅎㅎ
선크림,원래 사려던게 이젠 안나오는듯해서 이걸로 주문했어요! 이것도 전에 써봤던거라 대충은 알고 샀는데 역시나 조금 묽고 커버도 약해요! 그치만 가격대비 만족스런 제품입니다. 전 이제품에 너무뻑뻑해서 안쓰는BB를 섞어서 쓰고 있어요~ 그럼 커버까지 일석이조가 되요! 집에 안쓰는 BB있으면 섞어서 써보세요~^^
자세밴드,사무직 업무를 하다보니 등이 많이 굽어져있는데 교정밴드로 자세를 교정해주니깐 어깨가 덜아프고 좋은거같아요! 처음에 사용방법이 어려웠는데 쓰다보니 어렵지않게 착용할 수 있어용!
자세밴드,"○ 정직한닥터 약국입점 바른 자세 교정 밴드 어깨 숄더 남녀공용, 1개, S 나이가들어서 그런가 사무실에서 일하다보면 자꾸 목은 거북목이되고 어깨는 움츠러들어서 집에가면 몸이 어깨가 결리고 너무 피곤하더라구요 몸이피로해서 피곤한게 아니라 몸이아파서 피로한느낌이 들어서 검색해보니 자세가 안좋아도 그럴수 있다고해서 사무실에서도 간편하게 착용할수있는 교정밴드를 구매했어요! 밴드가 얇지도 않고 탄탄하게 힘입게 받쳐줘서 자세교정효과가 좋아요 그리고 이걸 입고있음으로써 저자신도 한번씩 더 바로앉게 되고 어깨를 뒤로 당겨줘서 앞으로 몰리지 않아서 착용하니 어깨도 팔도 몸도 한결 가벼워요 날씨가 쌀쌀해져서 밴드착용하고 가디건입으니 아무도 모르시더라구요! 앞으로도 꾸준히 착용할예정이에요"
자세밴드,보통 체형인 키 160 여자인데 사이즈 딱 좋아용!! 평소 거북목이 심해서 교정밴드 찾아보고 있엇는데 착용하니까 몸 무너지는것도 사라지고 목까지 쭉 펴주니까 너무너무 좋아용 ㅎㅎ 체형 고정하는데 최고인 거 같아요.
선크림,✅️ 사용법 : 꼭 사용하기전에 5번 정도 흔들어서 사용해야해요 사용법에도 흔들어서 사용하라고 적혀있네요 ✅️ 발림성 : 로션하고 스킨 중간정도의 농도에요 거의 액체라서 바르는거는 쉽게 발려요 백탁현상도 없는데 좀 번들거리기는 해요 ✅️ 후기 : 남편도 쓰고 저도 써는데 처음에 바를때 부드럽게 발리고 좋은데 나중에 눈이 따끔거려요 눈이 따끔거려서 눈주변에는 바르면 안되네요. 몸에 바르는거나 눈밑까지 바른거 추천드려요 ✅️ 성분 : 성분 보니 주의성분이 제법있네요 선크림이라서 어쩔수없으나 아이들 사용은 자제해야겟어요 마지막 사진 참고해주세요
선크림,가족들 다같이 쓰려고 사써용 히힣 오십이라서 조아요
자세밴드,그냥 조금교정하는정도 구매했으니 적당히 해보고 안좋으면 더좋은상품으로 구매할까생각중 그리고 가격대가 저가라그런지 사진한번보세요 천이뜯어져너덜너덜
자세밴드,평소에 자세가 안좋고 컴퓨터로 작업할일이 많은덕 거북이 목에 새우등자세를 하고있어 어느순간 몸이 많이 아팠어요 찍찍이끈으로 조절잘되고 튼튼하게 잘 받쳐줘서 자세교정이 정말잘되요 꾸준히 해보려구요
자세밴드,요즘 자세교정이 시급한 것 같아서 제품 구매해서 사용해봤어요. 허리랑 어깨가 쫙 펴지는 느낌이라 처음에는 이질감이 있었지만 점점 사용하다보니 적응돼서 편하네요!!
선크림,써보고 제구매했어여 부드럽게 발려서 좋구 피부에 쏙 스며들어여 번들거림없고 밀림이 없네요 눈시림도 없어요 백탁 밀림이 끈적이지 않아서 손이가네요 선물로 또하나 구입해야겠어여
자세밴드,"거북목, 말린어깨, 굽은등이 있어서 자세교정밴드를 구매했어요. 착용법은 아주 간단하구요~ 꽉 조여서 착용하면 자세가 자동으로 펴지네요 ㅋㅋ 당연히 착용했을때 편하진 않지만(평소 자세가 안좋으니) 밴드가 얇은편이라 숨막히거나 답답하진 않아요! 밴드를 착용하고 있으니 편한자세가 안돼서 의식적으로 자세를 바로하게 되네요. 자주 착용해서 바른 자세를 습관화해보겠습니다"
자세밴드,다른 제품 쓰다가 지지대가 좀 약한편이라 그런지 좀 쓰다보니 흐물흐물? 한 느낌이더라고용 이건 알루미늄 지지대가 있다해서 좀 고정력이 오래갈거 같아 사봤는데 확실히 짱짱하니 좋네여 끈으로만 지지해주ㅜ는거랑은 확실히 달라요 편하고 허리 쫙 펴지고 좋습니다
자세밴드,뒤에끝 착용하자 마자 끊어지네요 두 번 다시 안사고 자세 교정도 안되는거 같아요
자세밴드,요새 앉아서 작업을 했더니 자세가 어깨도 구부정해지고 허리도 안펴지고 하네요… 예전에 사용하던게 있었는데.. 탄력이 많이 떨어진거 같아 새로운 걸로 구매해봐요.. 역시 새상품이라 쫀쫀함이 다르네요 ㅋ 복원력도 좋고.. 착용하면 밴드 탄력으로 어깨가 벌어지고 등도 펴지는게 느껴집니다.. 안하다 해서 그런지 좀 불편함이 있는데.. 아마도 그동안 많이 구부정한 자세였나봐요.. 복원력도 좋고 다음에 착용해도 처음과 같이 쨍쨍한 느낌이 있어 교정되고 있는 느낌이 들어 좋네요-
선크림,"이자녹스 UV선 프로 365 데일리 커버 SPF 50+ 리뷰합니다. ---------------------------------------------------------- <구매동기> 이미 오래전에 구매했던 제품이었어요. 귀찮아서 잘 안 바르다가 보니 이미 날짜가 지나서 같은 제품으로 다시 구매하게 되었습니다. 쓰던 제품이 아무래도 무난하니까요. ---------------------------------------------------------- <향> 이자녹스 제품 향은 무던합니다. 너무 강하지 않아서 그냥 쓰기 좋아요. ----------------------------------------------------------- <질감> 너무 되지도 묽지도 않아서 일반적으로 펴바르기 딱 좋습니다. ------------------------------------------------------------ <성능> 얼굴이 타는지 안 타는지 사실 잘 모르겠어요 ㅋ 강한 햇빛아래 있는 건 아니고 일상용으로 쓰니깐요 선크림을 바르면 덜 타겠지 하는 마음으로 꾸준히 바릅니다. =================================== 직접 구매하여 사용해보고, 솔직하게 작성하였습니다. 제 리뷰가 도움이 되셨다면 도움이 돼요를 눌러주세요."
자세밴드,어깨랑 허리가 너무굳고 아파서 일할때 쓰려고 샀네요 착용감 도 편하고 밴딩이부드럽다보니 근육도 긴장이덜되고 허리보호까지해주니 자꾸허리를숙이고어깨도 굽어지는걸잡아주니 굉장히 만족합니다
자세밴드,"별5개 남깁니다. 자세밴드가 필요하던 와중, 가장 저렴하고 무료배송이라서 구매했습니다. 기대 이상으로 편하고 허리가 잘 펴집니다. 하루에 30분~1시간씩 꾸준히 착용중이고 , 일주일 정도 해봤는데 어깨랑 목이 훨씬 시원합니다. 교정 효과가 있는 듯 하네요."
선크림,저도 신랑도 아기도 다 같이 바르고 있어요. 뭉침 없고 로션 바르고 바로 발라도 들뜸이나 뭉침 없어요.
자세밴드,부착력이 거의없음 내 어께힘이 더쌤 반발되는힘때문인지 거북목처럼됨 찍찍이가없어서 계속 떨어지니 바로버림
자세밴드,장시간 착용하면 답답한 느낌이 드는데 휴식시간에 빼고 있음 괜찮아여 라운드숄더때문에 고민했는데 효과 좀 봤음 좋겟어여 상의55입는데 S시키니 맞네요
자세밴드,"평소 어깨가 조금 굽은거 같아 검색하다보니 눈에 띄는 제품이 있어 가격도 저렴하고 그냥 한번 질러 봤는데 너~~~무 좋아요. 착용하고 있는동안 어깨가 쫘~~~~펴지는 느낌! 최고예요, 강추합니다.~~~^^"
선크림,"막 특별하진않고 딱 가격만큼 쓰기좋아요, 데일리."
선크림,뜨거나 밀림 없이 사용 데일리로 사용 가능해요 썬크림만 바르면 시체같은 얼굴인데 요거하나면 커버까지 가능해요^^
선크림,"저는 일단 꾸덕한걸 엄청나게 싫어합니다. 안바르는걸 택하고 차라리 얼굴이 타는걸 선택할 정도로 싫어해요 그래서 로션처럼 잘 발리는 걸 찾고 있었어요 이 로션은 작년에 사서 1년동안 한통 다 비울때까지 싹싹긁어 썼었어요 그래서 얼마나 좋은지 (얼마나 끝까지 참고 쓸 수 있는지 ㅋㅋㅋ) 잘 압니다. 올해도 똑같은 걸 사게 되었어요. 먼세점가격정도로 구매한거 같아요(이번에 특가가 떠서) 잘 발라져서 좋고 잘 씻겨져서 좋습니다. 딱히 물에 빠지실거 아니면... 평상시 데일리로 쓰기엔 이만큼 좋은게 없는 거 같아요 용량은 잘 안보시고 사게 되실텐데 이거 100ml입니다. 엄청 많아요. 이거 하나 사서 저희는 세가족인데 면적큰 남성 1, 여성 1, 아이1 이렇게 다른제품하고 병행하긴 했는데 아침마다 바쁠떄 대충 덜어서 2초만에 발라주고 여름을 나게 해준 제품이에요 자외선 차단 효과도 높은 편이고 용량도 많고 잘 발려서 손이 잘 가는 제품이니 저같은 성향이면 사시면 후회 안하실거에요"
자세밴드,"정직한닥터 바른 자세 교정 밴드는 장시간 앉아 있거나 스마트폰, 컴퓨터 사용으로 어깨가 뭉치고 구부정해진 분들에게 특히 추천되는 제품임. 이 밴드는 착용 시 어깨를 자연스럽게 뒤로 당겨 올바른 자세를 유도해주어, 척추와 어깨에 가해지는 부담을 줄이고 통증 완화에 도움을 줌. 남녀공용 사이즈 조절 가능한 S 사이즈는 체형에 맞게 편안하면서도 탄탄한 착용감을 제공하고, 가벼운 소재 덕분에 장시간 착용해도 불편함이 적음. 통풍이 잘 되는 매쉬 소재라 땀이 차거나 피부 자극이 덜해 무더운 날에도 끈적임 없이 쾌적하게 쓸 수 있음. 실제 사용자 후기에서는 일상 속 자연스러운 자세 교정에 효과적이고, 어깨 통증이 줄어들어 업무 집중력이 향상됐다는 긍정적인 평가가 많음. 착용 방법도 간단하고 눈에 띄지 않는 디자인이라 집, 사무실, 운동할 때 모두 쓸 수 있어 활용도가 높음."
선크림,"이자녹스 UV 선 프로 365 데일리 커버 선크림 사용 후기 요즘 같은 강한 햇빛 아래, 선크림 하나만으로 자외선 차단 + 자연스러운 톤 보정 + 밀림 없는 지속력까지 챙기기란 쉽지 않죠? 하지만! **이자녹스 UV 선 프로 365 데일리 커버 SPF50+ PA+++**는 “톤업 선크림의 끝판왕”이라 해도 될 만큼 기능과 실용성 모두 완벽했어요. 1. 강력한 자외선 차단력! SPF50+ PA+++ ✔️ 자외선 A, B 모두 완벽 차단하는 고지수 선크림 ✔️ 실외 활동 많은 날에도 걱정 없는 생활·야외용 겸용 ✔️ 땀과 유분에도 무너지지 않는 지속력에 감탄! 햇볕 쨍한 날 외출했는데도 피부가 붉게 달아오르지 않아 믿고 쓸 수 있었어요. ✨ 2. 자연스러운 톤업 + 커버 기능까지! ✔️ 하얗게 뜨지 않고 피부 톤을 은은하게 정돈 ✔️ 화장 안 하는 날엔 베이스 대용으로도 가능 ✔️ 모공, 홍조, 칙칙함까지 살짝 커버되는 느낌이 굿! ✔ 특히 화장하기 귀찮은 육아맘, 재택근무족에게 강력 추천! ✔ 파운데이션 따로 바를 필요 없이 이 선크림 하나로 끝나요. 3. 가볍고 산뜻한 발림성 ✔️ 미끌거리지 않고, 뻑뻑하지도 않음 ✔️ 촉촉한 크림 제형이지만 끈적임 거의 無 ✔️ 바르자마자 보송하게 마무리돼서 메이크업 밀림도 없어요 기초 케어 후 바로 발라도 겉돌지 않고 착! 붙는 느낌이라 바쁜 아침 루틴에 딱 맞아요. 4. 넉넉한 70ml 대용량! 데일리용으로 최고 ✔️ 한 손에 딱 잡히는 튜브형, 위생적이고 사용감도 부드러움 ✔️ 데일리로 매일 넉넉하게 써도 오래 가는 용량 ✔️ 가방에 쏙 들어가서 외출용으로도 딱! 휴대성도 좋고, 양도 넉넉해서 가성비 좋다고 느꼈어요. ✅ 총평 ✔ 자외선 차단력 ✔ 톤업 커버력 ✔ 발림성 ✔ 재구매 의사 100% ""화장 안 한 듯 자연스럽고, 피부는 한 톤 더 생기 있게!"" 이자녹스 데일리 커버 선크림, 매일매일 꺼내 쓰게 될 거예요 ☀️"
자세밴드,등이 자꾸 습관적으로 움츠여져서 착용하려고 구매했는데 좀 작아요. 살을 좀 빼고 착용해야될 듯 합니다.
자세밴드,착용감이 별로 입니다. 겨드랑이에 끼여서 활동이 불편해요. 꼭 사고싶으면 겨드랑이 쓸림이 없는 제품을 추천하고 싶네요
자세밴드,"정직한닥터 바른자세 교정밴드 어깨 숄더 남녀공용 중학생 딸이 척추측만증으로 고민이 많은 엄마네요~ 진작에 자세좀 좀더 신경 쓸걸 후회가 되네요~ 필라테스를 하면서 거북목도 발견하고 아주 몸뚱아리 말이 아닙니다. 집에서 그나마 도움이 되겠지 싶어 해보니 어깨가 쫙 펴진다고 하네요~ 어깨, 등, 허리 다 잡아주면서 2중 고탄성 밴드로 어깨를 쫙 펼수 있게 도와주니 축쳐진 어깨라인이 가슴이 쫙 펴지면서 공부하는데 조금이나마 도움이 되겠다 싶어 착용 해보아요~ 자세교정밴드로 건강한 자세 만들어 봐요~"
자세밴드,"코어 힘이 부족해서 허리가 늘 구부정한 편인데 그러면서 어깨도 같이 말리고 결국 만성적인 어깨 통증이 생기더라구요 근데 또 얼마전에 보니 엄마 어깨는 더 심하셔서;; 이참에 둘이 같이 제대로 자세 교정 한번 해보려고요 ㅎㅎ 일단 교정기 소재가 정말 탄탄해요 밴드부분 탄성도 진짜 짱짱해서 쫙~ 땡겨 착용해주니 어깨나 몸을 구부리고 싶어도 진짜 절대 안구부러져요 제품 없이 그냥 의식해서 가슴펼치고 어깨 땡기고 그렇게 자세 교정 해보려고 했을때는 그 의식을 놓는 순간 바로 다시 구부정하게 되는데 이건 착용만 하고 있으면 어떤 순간에도 계속 바른자세가 유지돼서 좋더라구요 착용만 해주면 바로 어깨가 쫙 땡겨지면서 바른 자세가 되고 어깨뿐만 아니라 허리도 같이 펴지는 구조예요 착용할때 양쪽 어깨에 2개, 허리부분 2개 해서 총 4개의 밴드로 고정이 되는 방식이고 밴드 땡겨서 찍찍이(?) 타입으로 붙이는건데 첨에는 이게 고정이 잘 되려나했는데 신기하게 딱 붙어서 안떨어지더라구요 입고 생활하면서 움직이는데도 절대 안떨어져요 제품력 좋고 가격대도 괜찮아서 만족!! 꾸준히 사용하게 될거 같아요~~"
자세밴드,"착용 하고 안하고의 차이가 큽니다. 최근에 허리가 삐끗해서 고생하고 있는데, 이 제품을 착용해보니 허리부터 어깨까지 잡아주기 때문에 부담이 줄어드는게 느껴집니다. 착용방법이 조금 어려웠는데, 해보고 나니 또 나쁘진 않네요"
자세밴드,소재도 좋고 이중으로 당김할수있어서 더욱더 탄탄하게 몸에 착붙되요 이거차고있으니깐 정말자세가 달라져요 허리교정 하시는분들 강추드립니다
선크림,안지워 지고. 오래가긴 하는데. .... 너무 두꺼워서. ..밀리고. ...화장 지울때. 잘 안지워 질 정도. .. 자외선 차단은. 잘되는거. 같아요. 얇게. 펴 발라야. 겠어요.
선크림,기미가 생겨서 화장을 하지 않더라도 데일리로 늘 선크림을 바르고 있는데 데일리로 쓰다보니 화장품 같은 느낌 보다는 기초 화장품 같이 잘 흡수 되고 뜨지 않는 걸 선호하는 편이에요 데일리로 쓰기 좋은 질감이고 순해서 매일 사용해도 부담이 없습니다 자외선 차단 수치도 높아서 자외선 차단도 잘 돼요! 자극적이지 않고 바른듯 안 바른듯 좋아요~
선크림,"마스크도 거의 매일 쓰고 있고 화장하기 귀찮아서 약 1년 넘게 톤업 선크림&선쿠션 다양하게 써보고 있어요. 올영에서도 사고 여기저기서 사서 썼는데 마침 선크림이 필요해서 골라보던 중, 이모가 즐겨 쓰는 선크림이라 들었던 기억이 나서 구매해봤어요. 발림성은 나쁘지 않고 피부톤을 살짝 정리 해주는 느낌의 톤업이 됩니다. 하지만 커버력을 기대하신다면 만족 못하실 거 같아요. 바른 후 번들거리지 않고 피부 표면이 매트해졌어요. 시간이 지나서 유분이 나와도 얼굴은 건조한 느낌이 유지되었고요. (수분 부족 지성 피부) 저는 수분 부족한 지성이라 번들거림은 없어서 좋았는데 상대적으로 건조한 U존 턱라인이 많이 건조하게 느껴졌어요. 아무래도 건성 피부는 기초를 더욱 공들인 후에 사용 해야 할 것 같다고 느꼈습니다. 다른분들 상품평에도 같은 의견이 많네요. 건조함, 여름용 [장점] - 70ml 용량! - 발림성! - 매트한 피부 표현 가능! - 피부결 정리 톤업! - 향긋한 향! [단점] - 건조함 - 커버력이 약함 * 생얼 - 톤업 - 화장 : 이 3단계에서 생얼과 톤업의 중간입니다. 생얼로 나가기 민망 할 때, 커버력 보다는 자연스러운 피부결 보정을원할 때 추천하는 선크림이에요. 더욱 화사한 톤업과 화장에 가까운 커버력을 원한다면 비교한 다른 제품을 추천해요."
선크림,계속 같은 제품을 사용하고 있는데 좋아요 제품에 만족합니다.
자세밴드,뜯어진채왔음 중고인가? 반품 귀찮아서 버림
선크림,쿠팡체험단 이벤트로 상품을 무료 제공받아 작성한 리뷰입니다. *구매동기 아이들과 같이 쓸만한 썬크림을 찾아보다가 구매했어요. *써본 느낌 가끔 백탁이 심하거나 바르는 느낌이 너무 되직하고 뻑뻑해서 별로인 것들이 있는데 이건 아주 부드럽고 산뜻해요. 백탁현상 전혀 없고 묽은 질감이라 스르르 잘 발리더라구요 *장점 아이들과 같이 쓰기 좋게 저자극에 바르기 편한 로션형태예요. *단점 겨울철보단 여름에 쓰기 좋은 제형 같아요. *총평 아이들과 함께 온가족이 산뜻하게 쓰기 좋은 썬크림
선크림,"혹시 이런분 계시나요? 마스크 때문에 화장 잘 안하는데 자외선 차단과 가볍게 톤업되는 선크림을 찾으시는 분, 야외 활동을 자주 하는 편인데 땀과 물에 강하고 지속력 좋은 선크림을 찾으시는 분, 퍽퍽하지 않고 부드럽게 발리는 선크림을 찾으시는 분들이라면 이 제품 정말 추천합니다. 이 제품은 정말 제가 10년은 쓴 것 같아요. 이 제품만 쓰면 피부결이 정말 좋아보여서 주변 사람들이 피부가 좋아보인다고 해요. 저는 피부가 화장을 하게 되면 오히려 텁텁해 보이고 모공과 요철이 부각되는 피부거든요. 그래서 평소 기껏 화장을 하면 다들 화장 안한게 낫다고 말을 많이해요. 그러다 이 제품을 한 번 써본적ㅇ ㅣ있는데 제 피부에 착붙이더라고요. 그래서 정말 오래 사용하고 있는 제품입니다. 메이크업 없이 간편하게 자연스러운 톤업이 가능합니다. 매일 쓰는 선크림에 메이크업 효과를 더해 자외선 차단과 동시에 피부 톤까지 화사하게 케어해 줍니다. 물과 땀에 쉽게 지워지지 않고 오래 지속되어 걱정 없이 야외 활동을 자유롭게 할 수 있는 강한 워터프루프 제품입니다. 피부 진정과 보호 성분인 프랑스 해송 성분을 함유하여 매일 매일 부담 없이 사용 가능한 제품입니다. 텁텁하지 않고 부드럽게 발리는 촉촉한 크림 텍스처로 발림성 정말 좋습니다. 스킨케어 마지막 단계에서 자외선에 노출되기 쉬운 피부에 골고루 발라주시면 좋습니다. 차분한 색상으로 제 피부톤에 정말 찰떡이고 은은하게 광 나는 피부로 만들어 주어 너무 만족하고 잘 쓰고 있네요!"
자세밴드,"남편이 사진찍어주다가 제가 라운드 숄더랑 거북목이 너무 심하다고 해서 사진보니 진짜 더라고요 ㅠㅠ 그래서 자세 교정 밴드 알아보다가 후기가 좋아서 주문했어요. 스마트폰을 자주 사용하다 보니 어깨와 목이 계속 앞으로 말려 부담이 컸는데, M 사이즈로 주문해서 저랑 중학생 아이도 번갈아 착용하고 있습니다. 가족이 같이 착용가능해서 좋아요. 심플하고 깔끔한 디자인이라 집에서도 부담 없이 착용할 수 있고, 아이는 학교갈때 교복 재킷 안에 입었는데 두께가 부담스럽지 않아서 보이지 않아서 좋았다고 합니다. 혹시 오래 차고 있으면 조이는 느낌으로 피부 상할까봐 걱정했는데 부드럽고 신축성이 좋아서 피부 자극이 없더라고요. 눌림은 적은데 자세 교정은 잘되서 좋네요. 조이는 느낌 없이 적당히 잡아주는 탄력이라, 하루 2~3시간 정도 착용해도 어깨나 팔이 저리지 않고 편안합니다. 등이 곧게 펴지고 어깨가 앞으로 말리는 습관이 줄어서 자세가 확실히 달라졌습니다. 아이도 공부할때 착용했더니 착용하는 순간부터 거북목을 하는게 더 불편해서 거북목을 안만들게 되더라고요. 아이 거북목 자세 교정되는거 보면서 만족합니다. 와우 회원이라 배송도 빨라서 바로 사용해볼 수 있었고, 라운드 숄더와 거북목이 고민인 분들께 추천합니다."
선크림,촉촉하고 어느정도 커버도되고 괜찮네요 부드럽게 발라져서 엄마도 세일할때 사드려야겠어요~
선크림,"내돈내산으로 구매해 2주 정도 사용 후 후기 남깁니다. 민감성 피부라 기존에 썼던 선크림은 순한 걸로만 썼고 찐득거리거나 밀리는 건 쓸 수가 없었어요. 화장을 좀 얇게 해볼까 해서 톤업 효과도 있으면서 순한 선크림을 찾았는데 이자녹스 이 제품이 딱 보이더라구요. 반신반의 하면서 주문했는데(안 맞으면 엄마 줄 생각 - 뭐든 잘 맞는 엄마 피부 부럽ㅠ) 막상 써보니 오 괜찮네요. 전 더 얇게 바르려고 스폰지에 먹여서 바르는데 자연스럽게 톤업 되고 좋아요. 화장 밀리는 것도 없고, 컨실러와도 잘 맞아요. 이 가격에 이 정도 퀄이면 비싼 브랜드 제품 쓸 필요 없어요. 이자녹스 선프로 선크림 적극 추천드립니다! 지성 중건성, 여름엔 건성 분들도 잘 맞으실거예요. 제 후기가 도움이 되길 바랍니다"
선크림,"저는 40대 중후반 복합성 피부를 가진 여성입니다 잡티는 요즘들어서 옅은 기미가 아주 살짝 올라와서 썬크림 신경써서 바르고 있어요 예전에는 로레알에서 나오는 매트제품만 썼었는데 아무 색상도 없는 선크림이라 그런지 어느순간 살짝 색이 있는 제품을 써보고 싶어서 이거 다음으로는 같은 계열 로레알 베이지색상 선크림을 썼지요 적당히 촉촉하고 그렇다고 막 끈적이진 않았구요 저는 이거 바르고 위에 파우더 팩트를 아주 살짝 얹어서 피부화장을 마무리합니다 하.지.만 요즘 들어서 로레알베이지색상 선크림만 안나오고 있어서 급하게 주문하게 된 이 제품.. 두 제품을 비교하자면 이 제품은 톤업제품에다가 바를때는 잘 펴발라지지만 요즘 같은 계절에는 살짝 건조한 느낌도 나구요 제 피부톤이 21호 정도되지만 아주 살짝 더 밝은 느낌이... 로레알 베이지색상 선크림은 톤업제품은 아니라서 제 피부색에 찰떡같이 잘 맞고 적당히 촉촉해서 위에 파우더팩트를 살짝 올려도 시간이 지나면 유분기가 살짝 올라오지만 요즘같은 계절엔 건조하지 않아서 좋네요 이왕 샀으니 한통은 열심히 발라보려 합니다 제 글 읽어주셔서 감사합니다 도움되신 내용이 조금이라도 있으셨다면 ""도움이 돼요""한번씩만 클릭 정중히 부탁드립니다!! 항상 도움되는 후기 쓰도록 하겠습니다!!"
자세밴드,"이년정도 사용하던 교정밴드 찍찍이부분이 낡고 찢어져서 보내줬는데 진즉 보내주고 새로 살걸 그랬어요 이거 너무 편하고 고정도 잘돼요 사이즈 고민하다 치수 재보고 M 으로 했는데 잘맞아요 ㅎ 어깨가 항상 말리는데 어깨랑 허리 지지대 잘 잡혀서 자세교정하기 좋네요 평상시 집에 있을때, 설거지할때, 빨래널때 다 착용하고있어요^^"
자세밴드,원래 거북목이 심했는데 이거 쓰고나서 많이 좋아졌어요 이거 하고있어도 불편하지도않고 자세를 바르게 교정해주니까 너무 좋아요
자세밴드,편하고 자세교정 되는 느낌입니다 옷 안에 입고 나가도 별로 표시 안나고 허리아프더니 고관절까지 아파서 갈때까지 갔구나 싶어서 샀는데 많이 도움됩니다
선크림,"끈적이거나유분이 성분이 과하면 트러블이생기는민감성피부인데 성분이 착해서 그런지 트러블도안나고,부드럽게스며들고 산듯하게 촉촉하네요. 그리고하얗게뜨는건 밀리는데 전혀없어요! 화장전에 사용하기너무좋은것같아요."
자세밴드,어머니 허리가 아프다고 하셔서 하나 구매했어요. 정직한닥터 보호대 한번 경험해봤어서 허리랑 무지외반증 교정기도 구매해 봤습니다. 어머님 착용샷인데 만족한다고 하셔서 기쁘네요. 튼튼하게 잘 만들어졌고 그만큼 허리를 잘 잡아줍니다.
자세밴드,추천받아서 구매한 자세교정밴드 처음에는 어색함이랑 불편함 있었지만 며칠 써보니 익숙해지고 편하네요 허리 쫙 잡아줘욤 ㅎㅎ
선크림,자극도 없고. 향도없고. 발림성 좋고
선크림,향.발림.약간의 톤업 다 잘 맞습니다 지금까지 써 본 썬크림 중 제 피부에 제일 잘 맞는듯
선크림,"《 이자녹스 유브이 선 프로 365 데일리 커버 선크림 》 ========================================================== ○ 구매일자 ㅡ 4월 29일 ○ 배송일자 ㅡ 4월 30일 ○ 내용량 ㅡ 70ml ○ 유효기간 ㅡ 28년 2월 24일 ========================================================== 이자녹스 유브이 선 프로 365 데일리 커버 선크림은 저희 남편과 제가 함께 사용하는 선크림으로 예전부터 꾸준히 구매해서 사용중이에요. 이자녹스 365 데일리 선크림은 메이크업 베이스 성분이 함유된 톤업 선크림이에요. 자연스런 톤업으로 남편과 함께 사용해도 좋더라구요~~~~ 또, 워터프루프 기능도 있어서 땀이나 물에 지워지지 않아 좋아요. 여름에는 땀 때문에 눈이 따갑고 하는데 이제품은 그런게 없어서 사용하기 좋다고 남편이 좋아하더라구요. 자외선 차단 지수도 SPF50+으로 지속시간도 길어서 마음에 들어요. 부드러운 제형으로 살짝 촉촉한 타입의 선크림이에요. =========================================================="
선크림,"살짝 톤업두 되구, 발림성두 좋네요 워터프루프제품이라 세안에 신경써야할듯~"
자세밴드,"요즘 핸드폰이랑 노트북 볼 일이 많아지니까 어느 순간부터 어깨 말리고 목이 앞으로 나오는 느낌이 너무 심해져서… 자세 교정용으로 구매했어요. 처음엔 이런 밴드 불편할까 봐 고민했는데, 막상 착용해보니까 생각보다 가볍고 답답하지 않았어요. M 사이즈로 했는데 체형에 맞게 조절도 잘 되고, 옷 안에 입어도 티 많이 안 나요. 착용하면 어깨가 자연스럽게 뒤로 펴지면서 아 지금 자세 안 좋구나..!! 하고 인식되게 해줘서 좋아요. 억지로 확 잡아당기는 느낌이 아니라, 굽으려고 하면 바로 느낌 와서 스스로 자세 고치게 되네요!. 집에서 일할 때나 핸드폰 오래 볼 때, 짧게 1~2시간 착용하니까 어깨 뻐근함이 확실히 덜해졌어요.ㅎㅎ 허리 아픈 것도 줄어들어서 넘 됴하요ㅎㅎ 총평 ✔️ 남녀공용이라 사이즈 조절 쉬움 ✔️ 가볍고 착용감 괜찮음 ✔️ 옷 안에 입기 가능 ✔️ 자세 인식용으로 도움 됨"
자세밴드,배송이 정말 빨라요!!!! 어제 점심쯤 주문해서 오늘 받았어요 등에 받쳐주는 지지대가 짱짱해요 가격도 저렴하고 허리를 잘 펴주네요!!
선크림,제가 딱 원히던 선크림이예요 바른듯 안바른듯 햇빛차단은 우수하고 뿌옇게 뜨는거없구요 화장후에 눈이시리거나 눈물나지않아요! 썬크림바르고 바로 팩트쳐도 화장 잘먹어요 사이즈 미니헤서 들고다니기도 아주좋네요!
자세밴드,"아무런 의미도 가치도 효과도 없는 쓰레기. 아무런 압박감도, 지지감도 아무것도 없는 쓰레기. 돈이 썩어 넘쳐서 버리고 싶으시다면 추천합니다."
자세밴드,"근무할 때 , 운동할 때 착용중인데 자세교정 밴드를 착용하니 확실히 자세가 발라져요. 통기성이 좋아서 장시간 착용해도 답답함이 없어요. 알루미늄 지지대가 허리를 받쳐주고 2중 스트랩으로 고정해주니 아주 든든해요."
자세밴드,1.입기가불편합니다. 2.허리밴드와 어깨밴드에 탄력성이 없어 자꾸위로 올라가져서 효과가 없어집니다. 3.일본제품과 비교해보세요. 그리고 모든밴드에 고무줄같은 탄력성이 있어 꽉 잡아주며 허리밴드가 위로 밀려가지도 않습니다 상표를 뜯어서 반품 못하여 쓰레기 처분했습니다. 별을 한개도 안줫는데 잘못터치해서 수정이 안되네요
선크림,썬크림을 자꾸 까먹고 안바를때가 있어요. 요즘 날씨가 더워지면서 자외선이 강해지는것을 느껴서 재빠르게 구매했어요. 로션처럼 살짝 흐르는 느낌이라 넓은 부위에 바르기 좋고 바르고 나면 살짝 광이 도네요. 살짝 무겁게 느껴지고 진득한 느낌도 있어요. 향이 진하지 않아서 좋아요. 저의 피부는 복합성인것 같은데 피부의 컨디션에 따라 자극이 조금 느껴지긴했어요. 저는 대부분의 썬크림이 그렇기 때문에 트러블이 나지 않는이상 그냥 씁니다. 용량이 커서 몸에도 바를수 있어서 좋아요.
선크림,코로나 이후 선크림 정말 오랜만이네요 화장도 잘 안하고 나가기도했고 민낯에 마스크를 주로 끼다보니 그랬나봐요 화장을 하더라도 연하게 하니까 자칫 두꺼워질까 파운데이션 얇게만 살짝 바르고 하다가 아무래도 날씨도 더워지고 이젠 썬크림은 발라야겠다 싶어 주문했어요 모든피부에 가능하고 자외선 차단기능이 있고 자외선 차단지수가 SPF50+ 사용기한은 25년 8월15일 *자연스럽게 자외선 차단도 되면서 가벼운 톤업까지 되는 선크림 *야외활동이 땀 물에 강하고 지속력 좋은 선크림 *부드럽고 매끈하게 발리는 선크림 *피부 진정에 도움이되고 하나만 발라도 메이크업 효과가 나며 물에 강한 워터프루프까지 발라보니 다르네요 하얀색이 아니라 연핑크 비슷한 피부톤과 비슷해서 화사하고 밝게 톤업이 되네요 번들거리지도않고 부드럽게 발림성이 기분좋게 하네요 이자녹스 제품 클리어 점보 선 스틱을 써본적이 있어서 이자녹스 제품 좋은건 알고있답니다 앞으로도 화장을 할때나 민낯일때나 매일 발라야 되겠어요 자외선은 노화의 원인이잖아요 놓치지마세요 우리 피부는 소중하니까요~~^^♡
선크림,쿠팡체험단 이벤트로 상품을 무료 제공받아 작성한 리뷰입니다. 썬로션! 이제 곧 봄이 오니까 자와선 차단할 일이 많을 것 같아서 구비해봤습니닿ㅎㅎ 일단 발림성도 너무 좋고 물처럼 연해서 몸에 바르기에도 부담스럽지 읺을 것 같아요 그리고 바르고 나니 흡수력도 꽤나 좋아서 저 같이 빠르게빠르게 움직이는 사람들한테도 엄청 좋은 것 같어요
자세밴드,처음엔 작은건가 했는데 차다보니 이정도는 압박해야 자세교정이 될 듯 함. 적당한 텐션감으로 등을 받쳐줘서 자연스럽게 자세가 개선됨. 가볍고 휴대성이 좋아 어디든 가지고 다님. 꽤나 자세가 바르게 되는 중.
선크림,남편이 다른 제품도 썼었는데 눈이 따갑다고해서 다시 요걸로 쓰고 있는데 만족해합니다. 한달에 몇개를 쓰는건지 할인이 더 되면 좋겠네요..
자세밴드,맨살에 하면 살짝 아파요 옷입고 하는걸추천 어깨잡는거 오래해봐야 할것같아여~~ 근데 허리는 좀 잡아주는것같네여~~
선크림,피지오겔 잘 맞는 아이들인데 선크림제품 이것저것 사용해봤는데 예민한피부니나 쓰고 버리는게 많았거든요. 근데 오프라인에서 보고 아이들이 잘 맞는 피지오겔제품이리 믿고 먼저 구입해서 써봤는데 역시나 트러블없이 잘맞아서 다쓰고나서 주문했어요. 용량 작은건 페이스말고 팔다리까지 바르니 너무 금방써서 큰걸로 주문했는데 약간 질감이 더 묽은데 부드럽게 발리고 역시나 잘 맞고 괜찮아요~~ 꾸준히 쓸꺼 같아요~
자세밴드,집에 있을 때 맨날 의자에 구부정 하게 앉아가지고 가끔 유리에 비치는 저를 볼땐 충격과 공포 그 자체입니다.. 집에 있을 때만이라도 바른 자세 유지해보려고 샀습니다! 제 남친이 보고 탐내네요 자기도 이거 사고 싶었다고... 그래서 번갈아가면서 쓰기로 했어요 첨엔 착용 방법 헷갈렸는데 처음만 깨달으면 두번째부턴 아주 쉽게 착용 가능합니다! 밸크로 형식이라 제가 사이즈를 조절할 수 있어서 좋아요 !! 허리랑 등이 쫙쫙 펴집니다! 운동할때도 너무 좋을 거 같아요! 런닝 할때 한 번 착용해보려고 합니다 약국 입점템이라 믿음이 가서 선택해봤는데 생각보다 편하고 기능도 짱짱해서 만족!
선크림,후기보고 주문하네요 잠깐 외출시에 바르려고 주문합니다 자연쓰럽고 좋아요.. 잘 쓸께요 후기- 정말 자연쓰럽고 얇게 발라지고 얼굴이 생기가 도네요 적당해서 이쁘네요.. 더 써보고 또 주문할께요 후기- 눈쪽이 건조하면서 불편하네요 눈 다크서클있어 살짝 발랐는데.. 시간 지나니 눈이 아프네요;;
자세밴드,매일 사무실에서 거북목인 상태로 일을 하다보니 몸이 어느샌가 이렇게 굳어버리는거 같더라구요ㅜ 이러다 정말 거북이가 될듯하여..^^ 체형 교정 위해서 시켜봤어요~ 재질이 통기성이 좋아서 생각보다 불편하지도 않아 좋더라구요. 처음엔 약간 어색한가 싶었는데 금세 적응돼서 몸이 곳게 교정되는게 느껴지네요~ 확실히 거북목이나 말린어깨에 교정이 잘되는거같아서 만족하면서 쓰고있어요. 저처럼 거북목 심하신 분들께 강추드립니다 :)
자세밴드,"저는 일단 허리가 진짜 ㆍ안좋아요 장시간 같은자세 오래 있으면 자세도. 안그래도 삐뚤은데 더 삐뚤어지는것같고 뻐근하고 평소에도 통증이 아주 심해서 이것저거 알아보다가 이 제품이 눈에 들어와서 구매하였어요 평소처럼 장시간 있어보고 이 제품을 착용해봤는데 받침대역할을 해주니 허리에 신경도 덜 가고 , 통증이 생각안나는게 신기했어요 ㅋㅋㅋ 바른자세 하고있으라고 경고주는 느낌이에요ㅋㅋㅋㄱㅋㅋㅋㅋㅋㅋㅠ 사이즈는 마른체형이라 s 했는데 딱 조여줬어요 쿠팡에서 제일 잘산듯 단점아닌 단점 끈끈이부분이 많이/과격하게 뜯다보면 해질거같아요 ㅜㅜㅜㅜ 소중히 다뤄야겠어요 ㅜㅜㅜ. ㅇㄴ이것마저 중국산이라니 자세교정해주는 느낌이라 꾸준히 사용하면 좋아질것같은 느낌"
선크림,"지금까지 썬크림만 사놓은게 한 트럭은 될듯.. ""눈 시러움 없어요""하는 멘트에 댓글에 속아 너무 많은 썬크림을 사봤지만 다 하나같이 눈시렵고 따갑고 안구가 튀어나올정도의 고통이었는데 이 썬크림은 전혀 없어요. 번들거리지않고 무겁지않고 밀리지 않아서 재구매 의사있어요"
자세밴드,"하루종일 사무실에서 컴퓨터만 보니 어깨랑 등이 굽어서 주문한건데 억지로라도 어깨랑 등을 피고할 수 있어서 좋다. 허리부터 어때, 등까지 쫙~~~ 처음에는 좀 힘들지만 건강을 위해서 자세교정을 하면서 착용 하고 있다. 나름 만족스럽게 사용 중.."
선크림,15년? 그때부터 이자녹스 썬크림만썼어요 피부가 얇고 모세혈관 확장증 때문에 실핏줄이 다 보이고 붉은얼굴... 일명 술톤을 가지고있는 피부입니다... 40대 중반이구요 30대때부터 이자녹스만 쭉 쓰다가 단종!!! 이제품으로 리뉴얼 된거 같드라구요... 썬크림!!! 자외선 가리는 용도와 얼굴에 붉은끼를 잡아주는 베이지색... 저에게 딱입니다... 기미 주근깨... 낚시와 캠핑을 자주하다보니 그래도 이거 바르면 촉촉하고 붉은끼 잡아주고 잘쓰고있어요...
자세밴드,생각했던것보다 더 자세가 잘 잡히더라고요. 아이가 쓰게하려고 구매했는데 어떤지 궁금해서 제가 먼저 해봤는데 조절만 잘하면 힘들이지않고 자세가 잘 잡아지니깐 꽤 괜찮은거 같아요. 닿는면도 까슬거리지않아서 잘 쓸거 같네요!
자세밴드,생각보다 부드러운 소재로 되어 있어서 피부에 자극 없이 착용할 수 있더라구요~ 너무 조이는 느낌 없이 적당한 압박감이 있어서 불편하지 않았어요~ 처음 착용하고 나니 확실히 어깨가 펴지고 자세가 바르게 잡히는 느낌이 들었어요~ 벨크로 방식이라 본인 몸에 맞게 조절이 가능해서 편리하네요 ㅎㅎ
자세밴드,처음 배송 온대로 착용 했는데 헐렁하더라구요. 내가 잘못 시켰나 했는데 허리로 둘러서 조이니까 딱 맞네요. 교정 잘 되고 잘 쓰고 있습니다.
선크림,썬크림 바른후 햐얗게 흔적이 조금만 남고 시간지나면 표시가 조금밖에 안나서 좋네요
자세밴드,너무너무 만족합니다 하루종일 휴대폰 달고 살아서 거북이목에 목디스크가 왔네요 ㅜㅜ 자세교정을 위해 구입했는데 딱이네요 손목 저림과 목아픔이 훨씬 수월해졌네요 진작살껄 이리 좋구 편한데 주변에도 권해야겠어요 적극추천합니다
자세밴드,재택근무라 앉아서 일을 많이하는데 항상 자세가 풀어지더라구요..아무래도 혼자일하다보니..ㅎ 이거 착용하니까 자세가 꼿꼿하게 서네요
자세밴드,"제가 허리+ 목 , 어깨 통증으로 추나를 받다가... 개인적인 사정으로 쉼이 필요해 퇴사하고나서 추나가 생각보다 부담이되 대안을 찾던중 발견한 상품입니다. 기본적으로 제가 자세도 많이 불량했고 거의 목디스크 초기전 까지 갓더라구요. 그래서 자세교정차 구매 하였습니다. 처음에 착용할때 허리가 많이 굽어서 겨드랑이와 팔쪽이 굉장히 아프고 갑갑한데요 조금만 적응되고 펴지면 그 아픈 시기가 없고 걸을때든 평상시 자세가 꼿꼿하게 바르게 되더라구요 사이즈도 m, l을 고민했는데 남자기준 100, L사이즈 입으신분들도 m사이즈 넉넉하진않지만 정사이즈로 착용하실수 있습니다. 자세교정이나 목디스크 허리통증등 고민하시는분들께 추천드립니다."
자세밴드,몸이 곧게 펴지는 느낌이네요 제품이 양품이고 자세에 효과가 있습니다
자세밴드,사무직이라 매일 앉아서 일하다 보니깐 자세가 점점 안좋아져서 그런지 허리도 아프고 불편해서 자세교정 밴드 한번 구매해봤는데 이거 신세계네요.. 진작 구매해서 사용할껄.. 자세를 똑바로 잡아줘서 허리를 굽히거나 거북목에 효과있는거 같아요 매일 일할때 착용하고 일하는데 너무 편하고 좋아요 몸에 긴장감을 줘서 자세를 교정할 수 있고 사이즈도 딱이고 입었을때 불편함없이 딱 잘맞아서 잘산거 같아요
자세밴드,허리윗부분부터 어깨까지 늘 아팠어요 누가 내 허리와 어깨잡고 쫙쫙 펴주면 좋겠다 생각하고 신랑이 퇴근하고 한번씩 스트레칭 해줄때의 개운함이 너무 좋더라구요 자세교정해볼려고 샀어요
선크림,피부톤업이 되고 묽기는 보통에서 묽은 듯 한데 바르면 피부에 촥 붙는 느낌이에요. 끈적임 없고 지속력도 좋은 것 같아 맘에 들어요!
선크림,자외선 차단 효과가 있으면서도 바를 때 무겁지 않아서 추천합니다
선크림,스킨 로션을 발라도 세계평화를 염려하여 늘 눈물이 주루룩 흘렀는데 이제품은 그러지 않아서 정말 좋네요 처음 바르니 화~한 시원한 느낌이라 에고 이것도 눈이 시그러울 나나부다 했는데 웬걸? 눈물이 나지 않아 신기 했습니다 재구매로 이어질거 같아요 번창하십시요
자세밴드,욕나올정도로 불편 허술 다른거사세요 정신건강에 해로움
자세밴드,바른자세로 교정하기 정말 좋은 제품인거같아요! 제 몸에 맞게 조절하기도 쉽고 괜찮더라고요~ 가격도 괜찮고 배송도 빨랐어서 마음에 들었어요!
선크림,엄마가 선크림 다쓰셨다고 해서 찾아보다가 새로운거 발견하고 구매해봤어요 제일맘에드는 문구가 눈시림없는거였는데 엄마도 받아서 써보시니 눈시림도없고 바르는순간 흡수도 잘된다고 하세요 엄마는 매일선크림 바르시는데 밀림없어서 너무너무 좋다고 하시네요 완전 만족하셔서 저도 좋으네요~^^
자세밴드,마사지샵 원장님이 아들이 척추 측만증이 좀 있는거 같다 하셔서 소개로 구매했어요 사용한아들말로는 효과가 있는듯 하답니다.
자세밴드,남편이 거북목도 심하고 자세가 구부정해서 자세 교정하라고 선물해 줬는데 입고 있으니까 불편하긴 한데 확실히 자세 교정이 된다고 하네요! 어깨를 쫙 펴주니까 어깨랑 목 통증이 있었던 것도 사라졌다고 해서 저도 사려고요!
자세밴드,100짜리 라지를 시켯는데 아예 안감기네요 완젼 쓰레기 대체 이런 쓰레기에 좋은댓글 쓰는것들은 중국 알바 인가??????? 사지 마세요 저처럼 돈 버리지 마시고 그냥 아예 시키길 마세요 허리 32 인데 100짜린 초등학생 용이예요 그리고 무엇보다 엄청 허접해요
자세밴드,▶️주요 장점 ✔️약국입점 제품으로 검증된 안전성과 신뢰성 ✔️어깨와 숄더 라인을 바르게 잡아주는 효과적인 교정 ✔️남녀공용 디자인으로 누구나 편리하게 사용 ✔️정직한닥터 브랜드의 전문성과 품질 정말 만족스러운 제품이어요! 실제로 착용하니까 어깨가 자연스럽게 뒤로 당겨지면서 바른 자세가 유지되어서 효과가 확실해요 어깨라인을 정확하게 잡아줘서 굽었던 등이 펴지면서 가슴도 자연스럽게 열리는 느낌이 들어서 호흡도 편해지고 전체적인 자세가 정말 좋아져요. 처음에는 조금 불편하긴 한데 하고 있으니까 생각보다 적응이 되더라고요??ㅎㅎ 남녀공용이라서 디자인도 심플하고 옷 안에 입어도 티가 안 나서 일상생활에서 부담 없이 착용할 수 있어요 ✨ 저는 일할때 유니폼 안에 입고 하는데 티도 안나요 ㅎㅎㅎㅎ M 사이즈가 제 체형에 딱 맞아서 너무 꽉 끼지도 헐렁하지도 않고 적당한 압박감으로 교정 효과를 주면서도 불편하지 않아서 장시간 착용해도 괜찮아요. 정직한닥터 브랜드답게 소재도 좋고 내구성도 뛰어나서 매일 사용해도 변형 없이 잘 유지되고 있어요. 약국입점 제품의 신뢰성과 확실한 자세 교정 효과로 정말 만족스러운 밴드예요
자세밴드,다른 브랜드 제품 사서 썼다가 겨드랑이가 너무 껴서 불편해서 이제품으로 샀는데 불편하지도 않고 딱 좋아요 포장도 꼼꼼하게 잘 왔습니다 ㅎㅎ
자세밴드,여태 샀던 자세 교정 밴드 중에 제일 괜찮은 것 같아요ㅎㅎㅎ 견고해서 고장도 잘 안날 듯 하네요
선크림,시슨드시 제품이 전체적으로 순하고 좋아서 요즘 애용하고 있어요. 평소 눈이 예민한 편이라 눈시림이 없고 피부가 답답하지 않은 선크림을 찾다가 시슨드시 선크림 구매했는데 로션처럼 얇게 발려서 피부가 편안해요. 백탁현상도 없고 끈적임도 없어서 남녀노소 부담없이 사용할 수 있는 선크림이에요. 유기자차 + 무기자차 장점을 합친 제품이라 좋고 순한데 자외선 차단지수 높은 제품 쉽지 않은데 착한 성분으로 피부가 편안해서 좋아요. 요즘 기초 제품들 거의 시슨드시 제품으로 바꿨는데 촉촉하고 메이크업 전에 발라도 밀리지 않고 좋아요.
선크림,피부가 민감한 편이라 썬크림 사는게 고민이였는데 이젠 걱정없네요 눈물이 나지않는게 특히 좋아요 강추드립니다
선크림,너무너무 순하고 촉촉한 썬크림입니다!! 직접 사용해보니 정말 촉촉하고 백탁이 없어 너무 좋아요 끈적임 또한 없어서 진짜 강추하고 싶은 선크림입니다 향은 거의 없고 빛깔은 살짝 하얀색의 순한 썬크림으로 문질러보니 엄청 촉촉하고 부드러워요 끈적임도 없고 백탁도 없고.. 진짜 온가족이 사용하기에 충분한 순한썬크림이더라구요~ 발랐는지 안발랐는지 티도 안나고 무향이라서 저는 더욱더 좋았습니다 용량50ml나 되고 가격도 괜찮습니다 눈에 들어가도 따끔거리지 않는거보니 정말 순합니다 발림도좋고 백탁도없고 재구매 하겠습니다!!
자세밴드,자세가 너무 좋지 않은 것 같아서 주문 했는데 딱! 착용하자마자 느낌 점은... 내가 이렇게 자세가 좋지 않았나.... 처음 착용하니 평소에 구부정하게 있어서 그런지 힘들었어요. 지금 착용한지 3주 다 되어 가는데 이제는 확실히 좋다는 느낌이 들어요. 자세교정밴드 착용하지 않을 때도 최대한 바른 자세를 유지하려고 노력하고 있어요. 지금은 30분 정도 착용해도 괜찮을 만큼 좋아진 것 같아요. 자세교정 하는데는 정말 좋은 것 같아요. 아주 좋아요!
자세밴드,"하루 종일 앉아있는 직업이라 어깨가 굽고 자세가 무너지는 것이 느껴져 구매했습니다. 정직한닥터 자세 교정 밴드는 착용감이 매우 만족스럽습니다. 복잡한 구조 없이 단순하게 어깨와 등을 잡아주는데, 그 압박감이 너무 강하지 않으면서도 자세를 바르게 유지하도록 지속적으로 인지시켜 줍니다. 밴드 폭이 넓어 어깨에 부담이 덜하고, 통기성 좋은 소재 덕분에 장시간 착용해도 땀이 차지 않아 좋습니다. 특히 앉아 있을 때 등 부분이 곧게 펴지면서 집중력까지 향상되는 느낌입니다. 꾸준히 착용하니 어깨 결림이 줄어드는 효과를 보고 있습니다. 2XL 사이즈를 구매했는데, 남녀 공용이라 가족 모두 활용할 수 있어 실용적입니다. 자세 개선을 위한 첫걸음으로 강력 추천합니다."
자세밴드,"요즘 따라 허리를 계속 펴고 있는 게 힘이 많이 들더라구요. 밴드 있으면 힘을 조금 덜 줘도 될 것 같아서 주문했는데, 싸이즈도 조절할 수 있어서 너무 편하고 등이랑 어깨도 탄탄하게 잘 잡아줘서 자세 교정 하는 사람들한테 너무 좋을 것 같습니다. 집에 있을 때 편하게 착용 하고 있어요.ㅎ"
선크림,"■ 시슨드시 백탁없는 눈시림없는 끈적임없는 성분이좋은 썬크림 ■ SPF50+ PA++++ ,50g,1개 ● 사용해본 썬크림중 가장 맘에 드네요~~ 다른 썬크림.썬팩트.썬세럼 다 사용해 봤지만~ 눈이 하루종일 시리거나 번질거리거나 하얂게 들뜨거나 해서 사용못하고 있었는데 대신 썬모자등을 사용하다가~ 그정도로는 반사되는 자외선도 심하고 광알러지도 심해서 늘 끍느라 목덜미.팔등이 자극이 되서~ 시슨드시 썬크림 두번째 재구입 합니다~~ 발림성 번질거리지않고 ~ 백탁현상도 없고~제일 중요한건 눈시림이 없다는거네요~~ 앞으로도 썬크림은 시슨드시로 정했네요~ 아~~!! 용량이 작기는 하네요~"
자세밴드,옷안에 입어도 티안나고 좋아서 잘쓰고 있어요 겨울철이라 옷 안에 입고 있는데 통기성도 좋은편이라 여름에도 답답하지 않게 쓸거 같아요 ㅎ 까만색이라 때타는건 잘 안보이겠지만 ㅎ 손빨래정도는 가능할거 같아요 신축성도 좋고 오래 착용해도 불편한거 없어요 만족합니다
선크림,배송도 빠르고 가격을 싸게잘샀습니다 끈적임도 없고 밀림도 없습니다! 진짜 썬크림 끈적여서 쓰기싫은데 이 제품 그런거 하나없고 고루펴발라집니다 겨울에도 선크림필수인데 잘바를게용
자세밴드,바르자세로 바꿔준다고해서 밴드를 착용하고있어요 옷안에 입어도 티도 안내고 효관 대박 ㅎㅎ 바른자세를 위해서 자주 착용하려구요
자세밴드,"♡정직한닥터 약국입점 바른 자세 교정 밴드 어깨 숄더 남녀공용,♡ 아이낳고 아이키우면서 자세가 안좋아지기 시작해서 집에서 집안일할때라도 밴드를 차고있을까해서 주문했어요 잘못된 자세만 바로 잡아도 키가커질수있을꺼라 생각해요 ✌️ 근육 움직임에 맞춘 어깨+등+허리 서포트해주고 2중고탄성밴드로 어깨를 짝! 펼쳐주는 안정적인 360도 고정 바른 자세를 유지해주고 남녀공용으로 착용이 가능하니 더좋은거같아요 ☆☆☆ 얇은두께로 옷속에 입어도 OK 가볍게 제작하여 겉옷과 착용해도 불편함이 없을꺼같아요"
자세밴드,이거 쓰고 난뒤로 키가 커졌어요 (재봤음) 허리도 지지를 잘해주고 거북목이랑 승모근 치솟아 올라가는걸 막아줘서 좋습니다. 근데 전혀 불편하지 않아용^^
자세밴드,제가 항상 자세가 이상해서 좀 이상하게 걷는다고 하더라고요 그걸 개선하고 싶어서 구매를 했어요 그냥 안에 티 위에 매일 집에서 입어주는데 괜찮네요
자세밴드,사무직이다 보니 계속 앉아서 컴퓨터 하다보면 어깨나 허리가 뻐근할 때가 많은데 그럴 때 착용하면 바른 자세 유지하도록 도와주니까 통증 완화에도 도움이 되는 거 같아요. 꾸준히 써보고 효과 좋으면 부모님 선물로도 하나 사드릴까 생각중이에요.
자세밴드,사무실에서 오래 앉아있는 사무직이다보니 점점 자세가 거북목이 되고 허리는 굽고 어깨는 말려드는 것 같아서 자세를 바르게 해야겠다는 생각이 들었습니다. 솔직히 오랜시간 앉아있다 보면 점점 일에 집중해서 자세가 무너지는지도 모르는 상태로 어느새 정신을 차리면 모니터를 자세히 본다고 머리는 쭉 빼고 키보드에 손을 올리다보니 어깨는 말리고 그러다보니 허리도 새우등처럼 굽어버리는 아주 안 좋은 자세가 되어버립니다. 그렇다고 또 너무 답답한거는 제가 견딜 수가 없어서 자세교정 밴드에서 좀 넉넉한 사이즈를 구매했습니다. 물론 딱 맞는 것을 사는게 제일 좋지만 이제 곧 여름이 될 텐데 너무 딱 맞으면 더울 것 같았기 때문 입니다. 검정색이라서 검정색 셔츠를 자주 입는 저로서는 별로 티가 안 나서 좋았습니다. 허리 쪽에는 탄탄한 지지대가 있어서 허리가 굽는 것을 막아 주고 앞쪽으로 고정을 하면서 어깨 끈을 지나 뒤로 다시 한 번 고정하니 말리는 어깨도 좀 펴집니다. 바른자세 해야하는 건 알지만 어느새 몸이 바르지 않은 자세를 찾아 가게 되는데 교정을 해주니까 의식적으로 펴지 않아도 허리가 펴지니 좋았습니다. 남녀공용이라 사용해보고 좋으면 아빠에게도 선물하려고 합니다. 이상 바른자세 밴드 리뷰를 마치겠습니다.
선크림,아이들이 스티형은 두껍게 발려서 얼굴이 갑갑하다고 하고 어떤 썬크림은 뻑뻑하고 백탁현상이 심해서 썬크림을 매번 사놔도 잘 안바르더라구요 제가 발라줘도 짜증내고.. 이번에는 조금 부드럽게 발리는 제품을 사고싶어서 선택했어요 뚜껑이 스크류형태로 돌려서 여는 건 조금 불편했는데 제형이 로션같이 묽어서 부드럽게 발리는게 좋았어요 아이들이 평소에도 어디 놀러갈때로 편하게 바르기 좋을 것 같아요.
선크림,"원래 유기자차 바르면 뒤집어지고 난리인데, 이건 안뒤집어짐. ( 아주 보수적으로 조금씩 발라서 그런가..? 아무튼ㅇㅇ ) 유명해져서 계속 팔아주세요.. 사쟝님.. 글구 역시 유기자차가 화장할때 편함ㅠㅠㅠ 후"
자세밴드,습관때문에 몸이 굳어버려서인지 이번에 거북목이랑 어깨가 말린걸 인지하고 신경써가며 앉아있는데도 자세가 좀처럼 잘 안잡히는 것 같아서 교정좀 해보려고 주문 했어요 이게 후기가 좋길래 여기서 주문해 봤는데 착용방법도 간단하고 탄탄하게 잡아주는게 좋네요 에스사이즈로 주문해 봤는데 사이즈도 딱 맞고 마음에 들어요 요즘 공부할 때 잠깐잠깐씩 착용하고 있는데 자세도 잘 잡히고 허리랑 어깨에도 부담이 덜 가는 것 같아 만족합니다 이거 진짜 마음에 들어요
선크림,"피지오겔 데일리 모이스쳐 UV 패밀리 썬 로션 SPF50+ PA+++, 100ml, 1개 실사용 후기 요즘 날씨가 슬슬 강해져서 가족용으로 구매했어요 피부 민감한 편인데도 트러블 없이 잘 발리더라고요ㅎㅎ 끈적임 거의 없고 바르면 금방 흡수돼서 외출 전 바르기 편해요! 백탁 현상 있나요? → 거의 없고 자연스럽게 스며들어요 자외선 차단은 잘 되나요? → SPF50+라서 야외에서도 든든했어요 향은 자극적인가요? → 무향에 가까워서 부담 없어요 ✅ 민감 피부에도 무난하게 사용할 수 있었어요 ✅ 가볍게 펴 발리고 흡수도 빨라서 데일리로 좋아요 ✅ 대용량이라 온 가족이 같이 쓰기에도 충분해요 ✅ 휴대용 사이즈는 아니지만 욕실에 두고 쓰기 좋네요 민감 피부용으로 찾는다면 이 제품 추천해요! 아이랑 어른 모두 무난하게 사용할 수 있어요 ▼구매 결정에 도움될 정보▼ 설치 난이도: 해당 없음 디자인: ⭐⭐⭐⭐☆ (심플&기능적) 가성비: ⭐⭐⭐⭐☆ (대용량 기준 적절) 사용 목적: 가족용 자외선 차단"
자세밴드,거북목이 심해서 고쳐보려고 구매했습니다. 좋다는 운동들도 따라하고 있는데 관성 때문인지 신경 안 쓰면 금세 구부정하게 되더라고요. 생각보다 끼거나 불편한 거 없이 탄탄하게 몸을 잡아줘서 집에서 하고 있긴 너무 좋아요. 확실히 등이 쫙 펴져서 운동 효과를 더 잘 보는 것 같습니다. 처음 받아봤을 때는 좀 냄새가 나서 밖에서 하루 이틀 정도. 환기 시켰더니 훨씬 나아졌습니다. 비닐에 들어가 있어서 좀 냄새가 응축됐었나봐요. 키는 170센치미터 중 후반이고 사이즈는 투 엑스 라이즈 선택했는데 알맞았어요. 사이즈 표 보고 구매하시는 것을 추천드립니다.
자세밴드,구부정하던 남편 어깨 등이 쭉 곧게 펴졌어요 숨어있던 1센치 키도 늘어난거 같고 사람이 자세가 좋아지니 더 멋져 보이네요
자세밴드,겨드랑이 많이 압박당해요. 첨부터 큰사이즈 살껄 그냥 쓸랍니다. 그리고 접착력이 떨어져요.
선크림,완전부드럽고 미끌거리거나 끈적임 없음 자외선 차단은 잘되것죠^^
선크림,"썬크림 유목민이었는데, 잘맞는 썬크림을 발견. 유기자차를 썼더니 눈이 따끔거리고 시려서 눈물이 줄줄. 일상생활이 넘 불편해 검색하다가 쿠팡에서 여러 리뷰를 보고 반신반의로 써보게 되었는데, 대만족~!! 크리미한 텍스처로 쉽게 흡수되고 끈적임없이 잘 발리고 눈도 멀쩡~! 썬크림은 너로 선택했다~!!"
자세밴드,"실제로 사용해보니 만족스럽습니다 ✔ 구매 이유 최근 어깨가 자주 결리고 뻐근해서 원인이 자세 때문 아닐까 싶어 구매했습니다. 거북목 교정도 필요했고, 나이가 들수록 배도 조금씩 나오는 느낌이라 전반적인 자세 교정용으로 선택했습니다. ✔ 사이즈 참고 (체형 비슷하신 분들 참고하세요) 키 170cm / 몸무게 65kg ➡ 2XL 구매 L사이즈가 없지만 2XL가 대략 L 느낌입니다. 사이즈 선택에 고민이 있었는데 결과적으로 잘 맞습니다. ✔ 1주일 실사용 후기 컴퓨터 할 때, 소파에서 TV 볼 때 주로 사용 중입니다. 착용 중에는 확실히 자세가 바로 잡히는 느낌이 들어요. 목, 어깨 부담이 확실히 줄어드는 게 느껴집니다. 처음에는 살짝 어색했는데 며칠 쓰다 보니 적응되고 크게 불편함 없습니다. 마감도 괜찮고, 하자 없이 잘 만들어졌습니다. ✔ 아쉬운 점 (솔직히 적어봅니다) 아무래도 착용 중에만 교정 효과가 유지됩니다. 벗고 시간이 지나면 어느새 다시 구부정해지는 건 어쩔 수 없더라구요. 이건 제품 한계보다는 제 의지 문제 같기도 합니다. 겨울철 외투 안에 입고 나가는 건 무난할 것 같은데, 여름철 야외에서는 착용이 조금 부담스러울 수 있습니다. ✔ 총평 비슷한 고가 제품들과 비교해도 가격 대비 기능이 충분히 만족스럽습니다. 무조건 이 제품이 기적처럼 알아서 교정해주는 건 아니지만, 내가 신경 쓰고 교정하려는 의지에 확실히 도움이 됩니다. 계속 사용하면서 더 변화가 있으면 추가로 업데이트해보겠습니다."
자세밴드,허리가 오래 앉아잇으면 아팟는데 이거 사용하면서 허리도 잡아주고 어깨도 잡아줘서 허리 아픔도 많이 개선됏어요 자세를 바르게 잡아줘서 좋습니다
자세밴드,병원에서 일자목이라고 해서 자세교정밴드라도 하고 있으려고 샀어요.사이즈표 참고해서 구매했더니 잘맞네요~ 자세를 반듯하게 잡아주니 시원하고 아주 좋아요 꾸준히 써볼께요
자세밴드,통기성이 좋아서 착용해도 땀 안차서 좋았어요 착용하고 나면 바른자세 유지도 잘 되고 답답하거나 쪼임 없어서 착용감 괜찮아서 일상생활할때도 불편함 없이 잘 쓰고 있습니다
자세밴드,아버지 드리려고 2xl 샀는데 170에 80kg이신데 배가 나온 전형적인 아저씨 체형이십니다 어꺠 찍찍이가 허리까지 오지가 않아서 한 5kg 빠질떄까지는 보관해둬야할 것 같습니다... 이미지는 보디빌더 덩치 큰 사람이 착용샷이있어서 너무 크면 어떡하지 했는데 그분은 배가 안나와서 착용이 가능했나봅니다 남성 복무 비만 체형은 2xl도 작을 수 있습니다~
자세밴드,웬만하면 평가 안하는데 찍찍이부분이 너무 약하네요 제가 실밥으로 다시 꿰매서 사용중..
선크림,향기도 거의없고 발림성도 좋고 흡수가 빨라서 화장 진행속도가 더불어 빨라요.
자세밴드,구매이유__ 거북목에 라운드 숄더를 교정하고 싶다는 남편이사용 하려고 구매한 제품이예요~ 자세가 틀어져 있으니 어깨뭉침 뒷목 당김 두통이 엄청 심하게 온다고 병원에 다녀봐도 두통이 계속 있다고 해서..바른 자세를 유지하는 습관을 들이는게 좋을꺼 같아서 자세 교정밴드 제품들을 알아보던 중에 정직한닥터 바른 자세 교정 밴드 어깨 숄더 남녀공용 사이즈가 남편한테 적합하게 잘 맞을꺼 같아서 구매하게 되었습니다. 에어메쉬 소재라서 덥지고 계속 착용하구 있어도 불편하지 않다고 하네요~ 근육 움직임에 맞춰서 어깨 등 허리까지 다 잡아주니까 확실히 굽은어깨도 잘 펴지고 좋네요~ 꾸준히 착용해서 바른 자세로 유지 해 보려구 합니다!
자세밴드,"평소 어깨가 안으로 말리고 거북목이 심해 목과 어깨가 항상 뻐근했는데, 착용 후 확실히 등이 펴지고 어깨가 뒤로 자연스럽게 가는 느낌이 듭니다. 강하게 조여주지 않아도 무리 없이 교정해주고, 옷 안에 입어도 크게 티가 나지 않아 출근할 때도 부담 없이 착용 가능합니다. 사이즈도 딱 맞아서 장시간 착용해도 불편하지 않으며, 벗고 나서도 잠시 어깨가 펴진 자세가 유지되는 것이 마음에 듭니다. 하루에 2~3시간 정도 꾸준히 사용하니 몸이 점점 바른 자세로 기억해가는 느낌이 들어서 만족스럽습니다. 다만 처음에는 어깨가 살짝 당기는 느낌이 있었는데 이틀 정도 착용하니 적응되었습니다. 자세 교정이 필요하신 분들께 추천할 만한 제품입니다."
자세밴드,"물류센터 일할때 사용하려고 구매해서 사용하는데, 전보다 확실히 허리라던지 어깨라던지 덜 아프다고 생각이드네요. 벨크로도 넓게 분포가 되어있어서 사이즈 맞게 착용하면 되니 좋네요."
자세밴드,배송 엄청 빨랐습니다 옆자리 직장동료가 사용하는 것 보고 탐나서 저도 사봤습니다 ㅎ
선크림,정말좋아요 눈시림없구요 백탁현상없구요 눈물안나구요 눈 충혈없어요 부드럽게 잘발리고요 좋아요
선크림,"꾸준히 사용하고 있는 제품입니다. 현재 대학생 딸과 함께 사용하고 있고 우리가족 피부엔 맞는지 아들, 딸, 남편 . 가족 모두 사용해봤는데 자극없이 편안하게 잘 사용 했었어요. 전 기초화장 후에 항상 바르는데 톤업도 되고 메이크업베이스 기능과 선크림대신에 사용을 하니 좋더라구요. 끈적임도 거의 없고 얼굴이 좀더 환해보이는 것 같아 만족하며 바르고 있어요. 발림성도 좋고 얼굴 들뜬현상도 없어 색조화장을 안하는 날에도 기초화장 후엔 꼭 이제품 까지는 바릅니다. 예전부터 현재까지 만족하며 사용하는 제품이고 맘에드는 다른 제품을 발견하지 않는 한 앞으로도 계속 재구매해서 사용할 생각입니다.^^"
자세밴드,좋아요 지지대가 허리를 잘 지지해주네요 사무실용으로 매일 착용해요!
선크림,톤업은 그리 많이 되지는 않네요...일반 썬크림과 비슷합니다.
자세밴드,하루 종일 사무실에 앉아 있다 보니 어깨가 항상 뻐근하고 아팠는데 지인 추천으로 교정기를 사서 착용해 봤어요 사실 처음엔 조금 어색하고 불편했는데 하루~이틀 지나니깐 주변에서 키 켜졌냐고 물어보네요~ 자세만 똑바로 잡았는데도 키가 커 보이고 어깨 통증이 사라졌어요~ 강추 합니다.~!
자세밴드,"배송 및 포장 로켓배송이라 하루 만에 도착했어요. 포장도 깔끔하고 손상 없이 잘 왔습니다. ‍♂️ 착용감 2XL 사이즈를 구매했는데, 어깨와 등까지 전체적으로 잘 감싸주는 느낌이었어요. 조임 강도 조절도 가능해서 본인 체형에 맞게 조절하기 좋아요. 다만 처음 착용할 땐 어깨가 좀 조이는 느낌이 있어서 적응 기간이 필요해요. ‍♂️ 자세 교정 효과 사용한 지 1주일 정도 되었는데, 상체가 확실히 덜 굽는 느낌이 있어요. 특히 책상에 오래 앉아 있는 분들에게 도움이 될 것 같아요. 단시간 착용보다는 하루 30분~1시간씩 꾸준히 사용하는 걸 추천드려요. 너무 오래 착용하면 오히려 불편함이 생길 수 있어요. 디자인 및 편의성 얇은 옷엔 표시가 날 수 있어요. 집에서 사용하시는 분들에겐 괜찮지만, 외출용으로는 조금 불편할 수 있어요. 디자인은 무난한 편이고, 착용과 탈의가 간단한 건 장점입니다. 내구성 지금까지는 밴드나 벨크로 모두 튼튼하게 잘 붙어 있어요. 하루 한두 시간씩 사용했을 때 늘어짐 없이 괜찮습니다. 가성비 비슷한 제품들보다 가격대는 평균 수준인데, 효과나 착용감 등을 감안했을 때 가성비는 나쁘지 않다고 생각합니다. 총평 장시간 앉아있는 직장인이나 학생분들에게 꽤 유용한 제품이에요. 단기간에 눈에 띄는 교정 효과는 없지만, 자세에 대한 인식을 도와주고, 허리를 곧게 펴는 데 도움이 됩니다. 가볍게 시작해보고 싶은 분들께 추천드립니다. ✅ 추천 대상: 자세 교정이 필요한 직장인, 학생, 또는 허리가 자주 아픈 분들 ⚠️ 비추천 대상: 하루 종일 착용을 원하거나 겉옷 안에 티 안 나는 제품을 원하는 분"
선크림,"패키징: 50g 용량의 튜브 2개 세트로 포장이 깔끔하고 위생적이에요. 튜브 형태라서 사용하기 편리하고, 양 조절이 쉬워서 좋아요. 휴대하기에도 편리한 사이즈입니다. 성분: 성분이 굉장히 좋아서 민감한 피부에도 잘 맞아요. 자극 없이 부드럽게 발리고, 자연 유래 성분이 많이 포함되어 있어서 피부에 부담이 적습니다. 성분에 신경 쓴 제품이라 안심하고 사용할 수 있네요. 사용감: 백탁 없음: 바르고 나서 백탁 현상이 전혀 없어요. 피부에 자연스럽게 흡수되어 피부 톤이 고르게 변해요. 밀림 없음: 발림성이 좋고 밀림 없이 부드럽게 발려요. 얼굴에 잘 스며들어서 불편한 밀림이 전혀 없습니다. 눈 시림 없음: 눈 주위에 발라도 전혀 자극적이지 않아요. 눈 시림이 없어 안심하고 사용할 수 있네요. 끈적임 없음: 끈적임 없이 가볍게 마무리되며, 하루 종일 편안하게 착용할 수 있어요. 제형과 마무리: 제형은 부드럽고 산뜻해요. 발림성이 좋고, 피부에 자연스럽게 흡수됩니다. 화장이 잘 밀리지 않고, 메이크업 베이스로도 좋습니다. 매트한 마무리감 덕분에 기름지지 않고 깔끔하게 유지됩니다. 지속력: 지속력도 뛰어나서 하루 종일 자주 덧바를 필요가 없어요. 외출 시에도 걱정 없이 사용 가능하고, 자외선 차단 효과가 뛰어나서 만족스러워요. 전체적인 만족도: 이 선크림은 성분이 좋고 사용감이 매우 우수해요. 백탁, 밀림, 눈 시림, 끈적임이 없어서 편안하게 사용할 수 있고, 자외선 차단 효과도 훌륭해요. 2개 세트로 가성비도 좋고, 앞으로도 꾸준히 사용할 생각이에요. 강력히 추천합니다!"
자세밴드,"하루 종일 앉아서 업무를 하다 보니 어깨가 말리고 허리가 구부정해지는 게 고민이었는데, 이 제품을 사용하고 나서 자세가 눈에 띄게 교정되었습니다. 착용하면 어깨가 자연스럽게 뒤로 젖혀지고, 등과 허리가 곧게 펴져 바른 자세가 유지됩니다. 특히 39cm의 긴 탄성 지지대가 등 전체를 안정적으로 받쳐주어, 장시간 착용해도 구부정해지지 않는 점이 마음에 듭니다. 에어메쉬 소재 덕분에 통기성이 뛰어나 여름에도 답답함이 없고, 땀 배출이 잘 되어 쾌적합니다. 밴드의 탄력과 고정력이 우수해 움직임에도 밀착감을 유지하며, 사이즈 조절이 가능해 남녀 모두 편안하게 착용할 수 있습니다. 가격 대비 품질이 훌륭해 장시간 컴퓨터 작업이나 공부를 하는 분들에게 특히 추천드립니다. 바른 자세를 습관화하고 싶은 분들에게 정말 도움이 되는 제품입니다.✨✨"
자세밴드,많이 휜편이라 2시간 이상을 못한다고 하네요.. 그래도 만족하니~^^잘사용하겠다고 하네요!
자세밴드,아들이 허리가 항상 구부정해서 키도 작아보이고 자신감도 없어보여서 마음에 안들었는데 이거 해주니 어깨가 쫙 펴지는게 자세 바로잡는데 최고네요 교정 잘됩니다!!!
자세밴드,계속 컴퓨터작업 하다보니 어깨도 라운드가 되고 목도 아프고 허리도 굽는거 같더라고요 이게 자세도 문제지만 밤이되니 아프다고 하고요ㅠ 자세교정해서 아픈거라도 좀 줄여볼 생각으로 동생 사줬네요 이 자세교정밴드는 어깨쪽 끈을 확 땡겨서 허리 쪽 찍찍이에 붙이는 형태에요 이렇게 확 땡겨주니깐 허리가 펴진대요 힘 줘도 쉽게 원래대로 돌아오지 않으니깐 좋다네요 사이즈는 보통 성인 체격이면 이게 딱 맞네요 신축성도 좋고 답답한 두께도 아니라서 착용했을 때 불편함도 없대요 집에서 열심히 착용하고 있는거보니 사준게 뿌듯해요
자세밴드,제품 포장부터 재질까지 모두 마음에 듭니다! 평소 오래 앉아있어서 걱정이었는데 잘 쓰겠습니다 감사합니다^^
선크림,쿠팡체험단 이벤트로 상품을 무료 제공받아 작성한 리뷰입니다. 평상시에 피지오겔 ai 크림과 ai 로션을 쓴지 4-5년 됐는데 좋은기회에 선크림도 써보게되서 리뷰 작성합니다! 장단점 중심을 빠르게 갑니다 장점 -피부가 매우 예민한 편인데 발진이나 따끔거림이 없다 -제형이 가벼워 전체 도포시 골고루 잘 발린다 -가향된 향이 강하지않아 어린아이도 부담없이 쓸수있다 -그립감이 좋은 통 형태라 사용시 편하다 -1시간뒤에도 촉촉하게 피주에 남아있었다 -바르고 10여분 뒤에는 은은한 약한 꽃향이 낫다 -백탁현상이 없는 제품이다 단점 -몸에 바를땐 도포하기 편한 제형이지만 얼굴에 바를때는 줄줄흘러 빨리빨리 발라야 손실이 없다 -용량대비 키가 큰 형태의 선크림 통이라 휴대는 다소 어렵다
자세밴드,내가 쿠팡을 사용하면서 이렇게 후기를 남긴 거는 처음이다. . 후기가 좋아서 한번 구매해 봤는데 18 이것도 진짜 제품이라고 만들었나? 중국산
선크림,눈이 시리지 않아 좋아요 백탁현상 없어 좋아요 끈적이지않아 좋아요
선크림,칼로 잘라냈는데 구멍이커서 많이 않이 나옹 ㅋㅋㅋ 흡수는잘되요 만족합니다
선크림,"쿠팡체험단 이벤트로 상품을 무료 제공받아 작성한 리뷰입니다. 새대주와 14개월 아기랑 같이 사는 3인가족의 트러블없이 촉촉한 성크림 사용 후기 입니다 어른과 아이가 사용하기에 적합한 제품으로 이미 로션과 크림으로 피지오겔을 사용중입니다 피지오겔 선크림 용량 100ml + SPF 지수 50+ + PA+++ 크림타입의 제형이 아닌 묽은 로션같은 제형으로 발림이나 스며드는 촉감이 촉척해서 사계절 사용하기 좋은듯 개인적으로 향이 강한 것을 좋아하지 않는데요, 거의 무향에 가까운 타입으로 어른아이 누구나 사용가능한 클린한 제품같아요 남자들이 너무 싫어하는 백탁현상은 전혀없습니다 자외선차단, 주름개선, 미백개선이 가능하다는 3중 기능성케어 제품으로 ㅋㅋ 이것만 사용해도 이뻐질것 같은 기분 뭔줄 아시잖아요 아기랑 같이 발라도 트러블하나도 없구요 참, 사용전엔 5회정도 흔들어서 사용하세요 [ 장점 ] / 광범위한 보호: UVA 및 UVB 자외선으로부터 피부를 보호합니다. / 민감한 피부용_예민하고 자극받기 쉬운 피부에 적합합니다. / 가벼운 질감_피부에 쉽게 바르고 빠르게 흡수됩니다. / 모이스처라이징_피부를 보습하고 건강하게 유지하는 성분이 포함되어 있습니다. / 내수성_수영이나 땀을 흘려도 보호 기능을 유지합니다. [ 피지오겔 선크림의 사용법 ] / 피부 건조 시 15-20분 전에 바르세요. / 충분한 양을 바르고 얼굴, 목, 손 등 노출된 모든 부위에 펴 발라주세요. / 2시간마다 또는 수영이나 땀을 흘린 후에는 재도포하세요. [ 선크림 선택 시 고려 사항 ] 선크림을 선택할 때 고려해야 할 중요한 사항은 다음과 같습니다. / SPF 등급: SPF50 이상을 선택하세요. / 광범위한 보호_UVA 및 UVB 자외선 모두를 차단하는 제품을 선택하세요. / 피부 유형_민감한 피부나 지성 피부와 같은 피부 유형에 맞는 제품을 선택하세요. / 내수성_수영이나 땀을 흘려도 보호 기능을 유지하는 제품을 선택하세요."
자세밴드,허리쫙 어깨쫙 자세쫙 자세교정잘되네요!
자세밴드,운동하면서 요즘 어깨교정이 필요하단 얘기를 듣고 구매햇어요 오우 쫙펴지는게 확실히 느낌이다릅니다 불편함도 못느끼겟구요 퀄리티도 좋습니다 가성비도 좋네요
자세밴드,배와 어깨 짱짱하게 잘 잡아줍니다 빠른 배송 덕에 바로 착용했네요 번창하세요~
자세밴드,허리가 너무 아파서 주문했어요 바로 도착해서 사용중인데 확실히 착용하고 안하고 차이가 있어요 이거 하고 허리도 많이 편안해지고 통증도 많이 좋아졌어요 꾸준히 잘 착용해서 건강한 허리 만들어볼게요 많이파세요 ^^
선크림,엄마가 쓰시던 제품인데 업그레이드되었네요. 엄마는 포장도 마음에 들고 괜찮데요
자세밴드,"✅ 제품 선택 이유 오랜 시간 컴퓨터 앞에 앉아있다 보니 자꾸 허리가 굽고 거북목이 생겨서 자세교정용 밴드를 찾다가 약국에서도 판매한다는 신뢰감에 샀어요. ✅ 제품 장점 착용감이 생각보다 편하고 조절도 쉬워서 처음 사용하는 사람도 부담 없이 사용할 수 있어요. 어깨를 자연스럽게 뒤로 잡아줘서 구부정한 자세가 교정되는 느낌이 확실히 들어요. 특히 얇고 가벼워서 하루에 조금씩만 착용해도 효과가 느껴져요. ✅ 총평 의자에 오래 앉아있는 직장인이나 학생분들께 정말 추천드려요!!!!! 간단하게 착용하고 자세도 바로잡을 수 있어서 만족합니다, 꾸준히 착용하면 자세 교정에 도움이 될 것 같아요!!!"
선크림,"워터프루프 썬크림으론 이게 젤 좋아요^^ 제 개인적 의견입니다만, 민감한 피부인 제게도 트러블 한번 없이 잘 사용중인 썬크림입니당~ 저는 365일 이 제품만 써요~ 5년째 쓰구있구요~ 주변에 추천도 많이한답니당~ 번창하세요~♡"
자세밴드,"컴퓨터 작업을많이하다보니 목도아프고 굽은등이 되는거 같아서 저도,아이도 같이 쓰려고 구입했어요 확실히 어깨말린게 잡아지면서 등허리도 펴지는거 같아서 너무 좋은거 같아요 열심히 사용해보려고요 개선이 많ㅇㅣ될거같아서 기대기대해봅니다 집에오자마자 착용하고 생활해보려고 합니다 아이들은 더 효과가 있은거 같은던 열심히 해보라고 시켜봐야겠어요 등허리 굽는거,,,어깨말리는거 열심히 잡아야지ㅠ 한번 망가진 자세는 고치는게 넘 힘드네요ㅠ"
자세밴드,착용해보니 자세는 교정이 되는데 와이셔츠 입고 이걸 걸치니 어색합니다. 보기에 좋지 않습니다 그리고 착용하면서 활동하다보면 자꾸 위로 올라와요. 재구매는 하지 않을듯
선크림,발림성도 괜찮은편...인데 번들거림과 끈적거림이 있어요.. 내피부가 건조한편인지 시간이 조금 지나니 피부가 당기는 느낌이 있어서 잠깐 외출할때만 쓰고 일찍 나갈땐 수분감 있는 제품으로 다시 구매했어요ㅠㅠ
자세밴드,"어깨가 자꾸 안으로 말리고 자세가 구부정해서 구매했는데, 처음 착용했을 때부터 등이 펴지는 느낌이 확실했어요. 강제로 잡아주는 느낌이 아니라 자연스럽게 자세를 교정해줘서 답답하지 않고 편하더라고요. 하루 1~2시간씩만 착용해도 거북목이 조금씩 완화되는 게 느껴져요. 무엇보다 티 안 나게 얇아서 옷 속에 입기 좋고, 혼자서도 쉽게 착용할 수 있어서 정말 간편해요. 사이즈도 다양해서 체형에 맞게 고를 수 있었고, 장시간 착용해도 어깨나 겨드랑이 쓸림이 거의 없었어요. 가격 대비 만족도가 정말 높습니다. 꾸준히 써보면 더 큰 효과가 있을 것 같아요!"
자세밴드,정직한닥터 약국입점 바른 자세 교정 밴드 어깨 숄더 남녀공용 사무실에 있으면 자세가 나도 모르게 굽는거 같아서 자세 교정 밴드를 사서 착용해 봤는데 확실히 자세를 잡아줘서 그런지 등이 펴지는 느낌이 들어서 사무실에서 계속 사용하면서 일하고 있는데 편하고 좋네요.
자세밴드,컴퓨터로 재택근무 중인데 자세가 너무 나빠서 구매했어요. 확실히 밴드가 자세를 잘 잡아주니까 한결 편한 것 같아요. 남편 것도 하나 더 주문하려고요~
자세밴드,"평소에 헬스를 꾸준히 하고 있고 자세에도 신경을 많이 쓰는 편이라, 조금 더 도움을 받아보고자 바른 자세 교정 밴드를 구매해봤습니다. 처음에는 약간 어색하고 어깨에 힘이 들어가는 느낌이 있었지만, 몇 번 착용해보니 점점 익숙해졌어요. 특히 운동 후 스트레칭할 때 같이 착용하면 어깨를 펴는 데 도움이 되는 것 같고, 평소 앉아 있을 때도 자연스럽게 등을 펴게 만들어줘요. 옷 안에 착용해도 부피감이 크지 않아서 일상생활에서도 부담 없이 사용할 수 있었고, 정자세를 오래 유지하는 데 확실히 도움이 됩니다. 평소 자세에 신경 쓰는 분이라면 보조 도구로써 충분히 만족하실 거예요. 앞으로도 꾸준히 사용해볼 생각입니다."
자세밴드,어제 배송받고 금일 1회착용후 느낌이 이상하여 봤더니 저렇게 뜯어져있네요 제품 마감상태 굉장히 불량합니다
자세밴드,"라운드 숄더가 엄청 심해서 꾸준히 운동을 해도 큰 호전이 없더라구요 그러다 이 제품이 있다는 걸 알게되고 구매를 했습니다 일단 효과는 매우 좋습니다!! 찍찍이 형태로 되어있어서 줄 늘리고 줄이기도 편하고 똥배랑 승모근도 같이 잡아주는 느낌이에요 착용하고 있으면 나도 모르게 바른자세로 하게 되어서 거북목도 좀 나아지는 느낌이고요 착용방법은 뒤에 끈 넣는 곳 있는데 거기에 끈을 넣으면 크로스 형태로 되고요 그 상태에서 가방 매는 것 처럼 매고 자기한테 맞게 끈조절 하심 됩니다 저도 어떻게 착용하는지 모르겠어서 좀 헤맸어요 ㅎㅎ 158cm, 45키로 s사이즈 잘 맞습니다"
선크림,얼굴이 환하게 발려져서 파운데이션 따로 없이도 사용하기 좋아요
자세밴드,자세 교정에 좋아요 사무실에서 일할 때 데일리로 쓰는데 입고 오래동안 다녀도 무리가지 않고 좋습니다.
자세밴드,지인분이 알려주셔서 바로 구매 했습니다 사이즈도 적당하고 자세 교정에 도움 많이 될거 같아요 가격도 저렴하게 잘샀네요
자세밴드,"남편 어깨랑 등이랑 계속 굽는 것 같아서 주문 했어요♡ 전에 사용하던 건 회사에 두고 착용하고 있고, 집에서도 하면 좋을 것 같아서 하나 더 주문했네요. 착용하면 신기하게 어깨랑 등이랑 자연스럽게 쫙~~~ 펴지니까 착용했을 때 크게 부담이 없어요. 아무래도 착용했을 때 불편하면 잔소리 해도 착용하지 않을텐데 편안해서 그런지 알아서 잘 착용하고 있어요. 스스로 자세교정할 수 있으면 더 좋지만 그게 힘드니까 보조기라도 착용해서 자세 바르게 할 수 있으니까 다행인 것 같아요. 잘 선택했어요♡"
자세밴드,탄탄하게 어깨랑 등을 잘 잡아줘서 자세교정에 좋네요 체구가 좀 작은편이라 스몰 사이즈로 했더니 작지 않고 딱 맞게 착용하고 있어요 품질 좋네요
선크림,쿠팡체험단 이벤트로 상품을 무료 제공받아 작성한 리뷰입니다. 제 피부는 수부지에 얇고 자극에 민감한 민감성 끝판왕 피부를 가지고 있습니다 ㅎㅎ 온도차에도 반응해서 알레르기가 올라오고 조금만 습해도 뾰루지가 나는데요 ㅎㅎ 이런 피부에도 잘 맞는 로션이 피지오겔 이었어요ㅜㅜㅜ 그런데 피지오겔 썬로션!! 안써볼수 없었어요 역시나 예상 했던대로 자극 전혀 없고 끈적임 기름짐 무너짐 백탁 들뜸 전혀 없고 100점 짜리 선크림이 될..뻔 했으나 향이 너무 별로 였어요ㅠㅠㅠ 차라리 로션처럼 무향 이었으면 좋았을텐데 요상한 향기가 나요ㅜㅜ 저는 불호..ㅜㅜ 토할뻔 했어요 하지만 너무 기능이 좋은 썬로션이라 포기 할수없네요. 그냥 숨 안쉬고 쓰겠습니다 향기 빼고 진짜 100점 !! 끈적임과 두껍게 발리는 무거운 느낌이 아니라 너무 좋았고 오후 돼서 개기름도 없이 아주 좋았어요 향기는 물론 저의 개인 취향이라 좋아하시는 분도 계시겠지만 전 별로 였어요 ㅎㅎ 나머진 100점~~~
자세밴드,남편 자세교정용으로 구매한건데 사이즈도 적당하고 맘에드네요! 사무실에서 일하다보니 늘 구부정하게 있어서 거북목 소견도 보이고 어깨도 좀 굽어지고해서 일할때 자세교정목적으로 착용중인데 확실히 착용하고나니 자세도 좀 나아지고 퇴근길 목아픔 어깨아픔이 덜 하다고 하네요~ 첫날은 좀 불편했는데 며칠써보니 괜찮다해요! 자세교정밴드 효과가 좋네요!
선크림,"벌써 몇 번째 재구매인지 모르는 제품~~~!! 예뻐보이는 효과가 있는 ^^ 메이크업효과를 보여주는 365 데일리 커버 썬크림이에요!! 왜 그럴때 있잖아요. 메이크업 다 지웠는데..... 갑자기 누가 오거나 나가야 할때...... 그럴때 이거 하나만 바르면 끝!!!이에요^^ * 강력한 자외선 차단력과 * 물과 땀에도 강한 워터프루프!! 게다가 피부 진정과 보호 성분이 들어있어서 부담없이 바를 수 있어서 좋아요. 저희 친정 어머니도 이 제품으로 사용하시는데, 먼저 엄마가 구매해서 사용하시던걸 제가 놀러가서 발라봤는데 너무 좋아서 그 뒤로 계속 구매해서 쓰고 있거든요 ㅎㅎㅎ 텍스쳐도 너무 물처럼 흐르지도 무겁지도 않고 부드럽게 잘 발려요. 원래 선크림이 대부분 색상이 하얀색인데 이거는 피부톤에 비슷한 색상이라서 그런지 화장한듯한 효과도 주면서 뭐랄까.... 톤업이 되는 그런 느낌도 있어서 너무 좋아요!!! 선크림은 1년 365일 바르는거 아시죵?ㅎㅎ 게다가 지금 이 제품 할인해요...!!! 저렴할때 미리미리 구매해두세요~~^^ 제 후기가 조금이나마 도움이 되었길 바랍니다. 감사합니다!"
자세밴드,요즘 자세가 자꾸 등이 굽고 거북목이어서 하나 장만해봤는데 효과 제대로 보고 있어요!! 이거 덕분에 점점 자세 습관이 좋아지더니 이제 거북목도 좋아졌네요!! 자세 고치고싶으신 분들 강추!!
선크림,포장이 엉망이네요~ 상품 받으면 포장 상태가 엉망이면 내용물까지 의심스러워져요~ 포장에 신경써주세요
자세밴드,숄더 말린 부분 바르게 자세 교정하는데 정말 도움이 많이 됩니다. 사무직이라서 늘 컴퓨터 하고 있어 팔이 앞쪽으로만 쏠리니 통등 오고 불편했는데 곧은 자세로 유지하게 해줘서 통증도 줄어들고 착용감도 너무너무 편해요
선크림,썬크림 바르면 얼굴에 자꾸 밀려서 바르질 못했는데 안바르니 자꾸 얼굴이 상해서 구매했는데 배송 오자마자 출근할때 화장 했는데 진짜 하나도 안밀리고 백탁현상도 없고 너무너무 좋아요!!! 진짜 가볍고 끈적임도 하나도 없어요!! 피부가 엄청 예민한데 하나도 자극적이지가 않아요 진짜 데일리로 정말 딱이에요 꼭 써보세요!!!!
자세밴드,평소 컴퓨터로 일을 많이 해서 그런지 견갑골이이랑 목이 뻐근하고 너무 불펀했었어요 그래서 스트레칭도 열심히 했는데 전혀 변화가 없어서 지인추천으로 구매했습니다. 사무실에서 일하면서 착용했는데 어깨를 쫙 펴줘서 등쪽이 너무나 시원하면서 자세를 딱 잡아주더라고요~착용도 편하고 메쉬소재로 덥지도 않고 진짜 좋습니다!
선크림,요즘 시슨드시바디로션을 너무 잘 바르고있는데 재주문하면서 마침 선크림이 떨어져 같이 주문했어요. 로션제형이라 되직하지않아 얇게 펴바르기 좋고 끈적임없이 아주 촉촉해요. 얼굴땡기지않고 눈시림없어 아주 좋아요.^^
자세밴드,엄마가 어깨가 너무 굽어서 어깨도 말림도 심해서 어깨교정밴드 찾아보다가 구매 했어요. 택배 오자마자 엄마가 먼저 하셨는데 하시고 나서 착용 하기도 편하고 어깨 교정도 되는 거 같다고 좋아 하시네요
자세밴드,어깨 밴드 아주 굿입니다 스몰사이즈 구매했는데 딱이에요! 아빠한테도 하나 사드리려구요
선크림,"평소에 여드름도 있고 기름이 많은 피부여서 다른 선크림 바를 때마다 너무 끈적이고 여드름이 점점 늘어나서 너무 슬펐었는데 이 선크림은 끈적임도 없고 레몬같이 상큼한 향도 나고 그냥 로션 바르는 느낌이라서 대박대박 하면서 발랐어요 이제 처음 바르는 거라 여드름에 좋은지 안 좋은지는 확실히 모르지만 다른 선크림이랑 확실히 다르게 느껴지네요 기름 많고 지성이시고 얼굴 하얗게 되는 거, 끈적이는 거 싫어하시는 분들은 이거 꼭 쓰세요!! 눈도 안 시려요"
자세밴드,"자세가 안 좋아서 진짜 바른자세로 있음 더 아프고 불편하거든요. 근데 이거 지금 안 고치면 완전 굳어진다고 해서 큰맘먹고 서있는 자세, 앉아있는 자세 고쳐볼라고 매일 착용중이네요. 몇일만 견디면 적응은 되니 버티시길.."
자세밴드,"회사에서 하루 종일 컴퓨터 앞에 앉아 있다 보니 어깨가 안쪽으로 말리고 등이 굽는 게 느껴져서 구매했어요. 배송은 하루 만에 왔고 포장도 깔끔했습니다. 착용감은 생각보다 편했어요. 처음엔 살짝 뻐근했는데 10분 정도 지나니까 어깨가 자연스럽게 펴지는 느낌이 들더라고요. 밴드가 부드럽고 통기성 있는 소재라 여름에도 땀 차는 느낌 없이 착용 가능할 것 같아요. 길이 조절이 쉬워서 남녀 모두 사용하기 좋고, 안에 얇은 티 입고 착용해도 티가 많이 안 나요. 출근할 때 1~2시간 정도 착용하고 있는데, 확실히 자세가 바로 잡히는 느낌이에요. 어깨 결림도 줄었고, 거북목 교정에도 도움이 되는 것 같아요. 가격 대비 퀄리티 좋고, 꾸준히 착용하면 효과 더 볼 수 있을 듯합니다."
자세밴드,큰 기대 안하고 주문한건데 착용감도 편하고 자세를 잘 잡아줘서 대만족 사이즈도 잘 맞고 편하고 좋습니다 거북목 완화에도 좋은듯
자세밴드,"자꾸 구부정해지는 어깨 자세를 탈피하고자 추천템에 나와있는 이 벨트를 보고서는 이거다! 싶어서 구매를 했습니다!! 큰 기대 안하고 샀어요,,, 요즘 자세가 너무 안좋은것 같아서 교정할 겸 그냥 한번 사봤는데 기대를 안해서 그런지는 몰라도 교정 잘돼요!! 자세가 안좋았는지 몰랐는데 이거 하고나면 아실거예요!! 어깨가 확 펴집니다 처음에는 불편한데요 반팔정도의 길이 티를 입으시고 착용하시면 괜찮으실거예요 조절하기도 쉬워서 자기 어깨 사이즈 맞춰서 사용하기 좋아요 확싱히 리뷰처럼 15분정도 하더 있으면 어깨가 시원해요! 이거 한다고말렸던 어깨가 바로 펴지진 않겠지만 자세교정은 진짜 잘될거 같네요!!"
자세밴드,오늘 하루 종일 착용했더니 등과 어깨에 힘이 많이 덜 들었다 하부 등의 지지가 좋지 않다 185 90kg 2xl OK
선크림,이자녹스 UV 선 프로 365 데일리 커버 SPF 50+ PA+++ 70ml 구매했어요. 한 10년째 이 제품만 사용하고 있습니다.
자세밴드,"어깨가 워낙 굽고 말린 편인데 요거 완전 좋아요! 배 부분에 2겹으로 고정시켜줘서 고정력도 좋고, 무엇보다 너무 시원한 느낌이에요 ㅋㅋ 어깨가 쫙 펴지면서 자세가 올곧게 쫙 펴지는데 오래 착용하고 있어도 불편하지도 않고 좋네요. 티비보면서나 집에서 잘 쓰고 다니는 중 이에요^^ 사이즈도 각자 체형에 맞게 조절해서 쓰면 돼서 저랑 남편이랑 같이쓰고 있는 중입니다~ 잘쓸게요 만족!"
선크림,살짝 흔들어 외출전 얼굴 .목. 손등 묽은 제형에 백탁 없어 사용감이 좋아요.
자세밴드,평소 자세가 안 좋아 자세교정을 위해 구매했습니다. 운전직을 하다보니 거북목이 있는 편인데 거북목 교정도 확실히 되는 것 같아요! 자세가 좋아지니 허리통증도 많이 줄어드네요. 꾸준히 사용해서 자세가 좋아졌으면 좋겠네요~
선크림,워터프루프 기능이 없다고해서 프리다이빙 마치고 보트 오면 물로 헹구고 바로 발라주었어요! 원래 그때 많이 타거든요~ 그래도 물이 묻으면 또르르 굴러가는 정도로 코팅은되더라구요 풀냄새도 좋고~스킨케어 제품처럼 발림성이 좋아서 온 몸에 듬뿍 듬뿍 바르고 다이빙 내내 아주 잘 썼습니다~ 백탁도 없어서 막 발라도 걱정없었어요^^
선크림,훈련병으로 간 아들 얼굴말고 목이나 팔에 사용할려고 준비했어요. 끈적이지 않고 좋네요.
자세밴드,"요즘 데일리로 이거 착욕하고 있습니다 제가 정말 라운드숄더가 ,심해서 그냥 평소에 티위에 입고 있어요 이거 착용하면 훨씬더 자세가 교정이 잘됩니다 이런거 도움 받기 좋음 효과가 있어서 너무 추천합니다 조금더 의식적으로 자세를 바르게 하기 좋아요"
자세밴드,오빠가 요새 허리랑 어깨가 통증이 있다길래 사봤어요 생각보다 사이즈가 여유 있어서 좀 더 타이트하게 감아도 될 것 같아요 일단 처음에 냄새가 좀 나서 하루 베란다에 두고 잤더니 냄새는 다 빠지더라구요 자주 착용해줘서 자세교정에 도움이 됐음 좋겠어요
자세밴드,어깨가 쓰라려 사진올림니다 그제 일하다 난 상처이고 하루쉬니 좋아짐. 이 현상이 계속된 반복으로 문의함니다 어깨끈 접착 부분이 자꾸 떨어짐. 운동이나 활동적인 일할때는 신중히 결정해야 하겠네요
자세밴드,사이즈도 딱이고 완전 잘산거같아요 자세가 넘 안좋은거같아서 샀는데 확실히 고정도 잘 되고 편하네요 가격도 괜찮게 잘 산거같아요 ㅎㅎ
선크림,선크림은 항상 매장에서 이자녹스 제품을 구입해썼는데 이번에 처음 쿠팡서 구매했어요. 용기가 바뀐건지 전에 쓰던것과는 좀 다르더라구요(리뉴얼된것같아요) 내용물도 다르면 어쩌나 했는데 다행히 차이를 잘 모르겠어요. 이제품은 메이크업 베이스가 함유된것이니 처음 피부에 바르면 하얗게 보입니다. 하지만 잘 펴바르고 시간이 좀 지나면 본인 피부와 잘 어우러져 자연스러워집니다. 재구매 계속 합니다.
자세밴드,거북목 때문에 목이나 어깨통증이 굉장히 심해져서 지인추천으로 구매해서 사용중인데 고정력도 좋고 자세도 올바르게 잘 잡아줘서 도움이 되고 있습니다ㅎㅎ 자세가 바르면 키도 늘어난다고 하니 꾸준히 한번 사용을 해볼예정입니다ㅎㅎ 확실히 어깨말림이나 거북목은 자세가 고정되다보니 개선되어지고 있습니다!! ㅎㅎ
자세밴드,어깨부터 허리라인까지 진짜 올바르게 쫙 펴주네요 너무 좋아요 그냥 옷안에 입고있어도 생각보다 불편하지않고 좋아요 아주잘샀습니다
선크림,"쿠팡체험단 이벤트로 상품을 무료 제공받아 작성한 리뷰입니다. ■ 구매이유 평소 기초단계에서 챙겨바르는 썬크림이에요. 어렸을때부터 썬크림 바르기 습관화 되어있어서 이제는 썬크림 없이는 못살아요ㅋㅋ 썬크림 여러종류 써봤지만 피지오겔 데일리 모이스쳐 썬크림 다시 정착하게 됩니다. ■ 장점 흘러내리는 워터리한 묽은 제형으로 가볍다 바르면 촉촉하고 에센스처럼 흡수력이 좋다 백탁현상 없다 아토피 있는 아이들도 쓰기 좋다 수분이 가득해서 페이스, 바디용 모두 사용 가능하다 자외선차단, 주름개선, 미백 3종 기능이 합쳐진 제품 뾰족하고 얇은 토출구라 양조절 가능함 대용량이라 온가족 모두 사용하기 좋다 ■ 단점 잘 흔들어주지 않으면 수분과 선크림이 제대로 섞이지 않음 5회정도 흔들어 준 뒤 사용 제 리뷰가 도움 되셨다면 ""도움이 돼요"" 부탁해요♡"
선크림,상품은 70ml로 되어있는데 50ml가오네요.. 이건먼지..기분이 안좋네요~
자세밴드,어깨 굽혀진 상태로 오래 지내다보니 자세도 구부정하니 힘이 없어 보이는 것도 그렇고 키도 줄어든 느낌이 들고 자세교정이 필요해보여서 구매했습니다~ 일단 사용법 자체는 간단하고 벨크로에 붙여서 고정만 해두면 되는 스타일이라서 누구나 편하게 쓰기 좋을것 같아요~ 착용한 상태로 바르게 앉아서 티비를 보기도 하고 꼿꼿하게 서서 집안일도 하고 수시로 착용하고 일상생활을 하다보니 바른 자세를 유지하는게 습관화 되는거 같아요~ 너무 오래 착용하면서 밴드에 의지하기보다는 허리와 어깨를 피는 자세에 익숙해지게끔 만들다보면 자연스럽게 교정이 될거라고 기대하고 있어요~ 좋아요~
자세밴드,"요즘 컴퓨터 앞에 오래 앉아있다 보니 점점 어깨가 말리고 자세가 흐트러지는 게 느껴지더라고요~ 자세 교정에 도움이 되는 제품을 찾다가 자세 교정 밴드 어깨 숄더를 알게 되었어요! 가격도 부담 없고, 평소에 쉽게 착용할 수 있을 것 같아서 바로 구매하게 되었답니다ㅎㅎ 평소 거북목과 어깨 통증이 심해서 교정이 필요했거든요! 처음 착용했을 때는 약간 어색하고 어깨가 쫙 펴지는 느낌이 강해서 신기했어요~ 집에서 일할 때나 공부할 때 꾸준히 착용하니 점점 어깨가 펴지는 게 느껴졌답니다! 특히 밴드가 너무 조이지 않고 적당히 잡아줘서 불편함 없이 착용할 수 있었어요ㅎㅎ 두꺼운 옷 위에도 잘 착용되고, 여름에는 티셔츠 안에도 숨겨서 입을 수 있어서 좋았어요! 장시간 착용하면 자세가 자연스럽게 바르게 유지되어 만족스러웠답니다~"
선크림,촉촉하고 발림성은 좋은데 성분에 후추열매 들어가서 그런지 향이 적응이 안되네요 ㅠㅠ
자세밴드,어깨 너무 라운드 숄더여서 그런지 이제 어깨도 목도 머리도 좀 아파서 바른 자세 유지해보려고 주문하게 되었어요 ㅠ 꾸준히 사용하면 도움 될 거 같아요 ㅠ
자세밴드,바른 자세하기 편안한 것 같아요 제가 라운도 숄더가 좀 있는 편이라서 고치고 싶더라고요 가격도 저렴하고 입고 다니기도 좋아서 매번 착용하고 살고 있어요
선크림,와 드디어 눈시림 없는 선크림을 발견함. 그동안 족히 열종류 넘게 실패하고 반신반의하며 써봤는데 정말 눈이 안시려서 감격중.
선크림,"✔️이 상품을 구매하게 된 이유는? 저는 따로 쓰는 브랜드가 있어서 그걸로 계속 썬크림을 사용하고 있지만 남편은 주기적으로 올리브영에서 사거나 쿠팡으로 구매를 하거나 하거든요 이번에는 쿠팡으로 피지오겔 제품을 구매하게 되었어요 ✔️이 제품의 특징은? 1. 수분 보충 선케어 바르는 순간 촉촉 터지는 워터 타입이며, 수분, 보습 및 수렴 성분이 함유되어 있어요 그리고 피부를 촉촉하고 부드럽게 케어해주는 온가족용 수분보충 선케어에요 2. 3중 기능성 케어 자외선으로 푸석해진 피부에 촉촉하게 윤기를 주어 건강하게 케어를 하며 얼굴 전체에 발라주면 자외선 차단 뿐만 아니라, 주름 개선과 미백까지 피부 고민을 케어해줘요 3. 바이오미믹&UV프로텍션 피지오겔 바이오미믹 테크놀로지 적용 포뮬라에 자외선 차단 기능을 더해 진정 및 보습에 도움을 주고 자외선으로부터 피부를 보호해줘요 4. UV 밀착보호 텍스처 흔들어쓰는 워터 타입의 가볍고 촉촉한 텍스처로 피부에 부드럽게 밀착되어 자외선으로부터 피부를 밀착보호해요 그리고 페이스 및 바디 모두 사용이 가능해요 ✔️사용하고 난 후 느낀점? 부드럽고 산뜻한 로션타입으로 되어 있고 수분가득한 선케어에요 저도 한번 손등에 발라 보았는데 촉촉하니 부드러워서 잘 발라지더라고요 얼굴 말고도 바디에도 바를 수 있어서 좋은 거 같아요!! 그리고 미백, 주름개선, 자외선차단 등의 3중 기능성 케어가 가능해서 사용하는데에도 좋아요 리뷰에 도움이 되셨다면 ""도움이 돼요"" 부탁 드릴게요^^ 제 리뷰를 읽어주셔서 감사합니다!"
선크림,쿠팡체험단 이벤트로 상품을 무료 제공받아 작성한 리뷰입니다. 피지오겔 로션도 쓰고 있어서 썬 로션이 있길래 써 보았어요. 제형 - 묽어서 흘러내리는 제형입니다 수분감 많아서 피부가 촉촉해져요 흡수력 - 흡수력이 좋아요 몇번 문지르지도 않았는데 금방 흡수되네요 아침에 급하게 바르고 나갈 때나 야외활동할 때 추가적으로 바를 때도 금방 흡수되어서 편할듯합니다 용량 - 100ml가 듬뿍 바르기 좋네요 후기 - 바르고 피부 자극도 없어서 얼굴뿐 아니라 전신에 다 바를 수 있네요 살짝 광택?도 있긴한데 눈에 띌 정도는 아닙니다 향은 미세하게 나는데 튀는 향은 아니라서 크게 거북하지는 않습니다 사용감이 좋아서 여름에 쓰기에 좋을 것같네요
선크림,브랜드도 맘에 들고 제품도 무난하고 괜찮아요 ᆢ 양도 많아서 맘에 들어요 ㅎㅎ
자세밴드,요거 기존에 자세교정차 잘 쓰고있는 제품인데 아빠도 하나 있으면 좋겠다하셔서 같은 제품으로 사이즈만 다르게 주문해 드렸어요 요거 가방메듯이 착용하고 허리만 조여주면되어서 착용도 편하고 불편함 없이 탄탄하게 잘 잡아주더라고요 저도 이거 꾸준히하고 효과 많이 봐서 주문해 드렸습니다 사이즈 잘 맞는다고 하시네용 ㅎㅎ
선크림,우리집 딸랑구가 썬크림을 너무 많이 발라서 사용량이 감당이 안되서 용량큰제품을 찾다가 발견한제품입니다. 솔직히 향이 좀.....제취향이 아니지만 약간 숨참고 바르고 발림성이라던지 SPF 지수라던지 양은 딱 제취향입니다. 워터타입 선크림이라 백탁은 전혀없고 가벼움 바람성이 정말 장난이 아닙니다. 약간 물광느낌에 피부표현이 되서 좋은거같아요. SPF50+ PA+++ 인 제품이라 지속력이나 시간도 걱정안 하셔도됩니다. 가벼워서 살짝 화장후 올려줄수도 있다고 보시면됩니다.
