rating,text
5,"허리디스크 수술이후 거북목까지 와서 매번 고생중이였고 힘안들이고 자세 유지할수있는 방법이 필요했어요. 허리지지하면서 자연스럽게 거북목 완화에 도움되는 자세교정밴드나 허리보호대 찾고있었다가 딱맞는 제품 찾았네요. 가성비가좋아서 산건데, 신경 안 써도 허리가 서 있는 느낌 단단하게 조이는 느낌이 아니라, 어깨와 견갑을 살짝 뒤로 잡아주며 등허리 라인을 자연스럽게 세워줘서 불편하지않게 자세를 잡아주네요, 하루 종일 앉아 있는 시간에도 허리와 목의 묵직한 통증이 확실히 줄었습니다:) 착용감 편안하고, 옷안에 입어도 불편함이없어서 착용하고 일상생활 가능합니다. 가을이라서 옷안쪽에입고 위에 아우터착용해도 티안나서 넘 좋아요ㅋㅋ 스트랩 길이 조절만 맞춰두면 움직임 제약도 크지 않고, 장시간 착용해도 어깨 압박이 과하지 않구요. 착용전에 설명서 한번보면 헷갈리지않을것같아요 good 암튼 착용하고 한달 후에 괜찮으면 허리보호대까지 질러보려고합니다 ~ 감사합니당!"
5,어깨 밴드 착용했는데 효과가 좋았어요 효과가 있으니까 더 착용하게 되더라고요 착용하고 있으면 허리랑 어깨가 쫙 펴지니까 훨씬 안정감 있어요
5,확실히 바른자세에 도움 되더라고요 효과없을줄 알앗는데.. 너무 효과보고있음 ㅎ
5,어깨말림이 좀 심했었는데 어깨통증도 생기고 거북목도 되려고 해서 이렇게는 안될 거 같아 구매했습니당! 깁스한 느낌으로 불편하지 않을까 했는데 전혀 그렇지 않았어요~ 어깨 등 허리를 단단히 지지해줘서 편해요~ 스스로 펴기에는 역부족인 거 같아 자세교정반드의 도움을 구해보려구요! 꾸준히 착용하면 효과가 있지 않을까 싶습니다 며칠 착용해봤는데 어깨통증도 덜 한 느낌입니다
1,고딩딸이 허리가 아프다혀서 구매해달라 해서 리뷰좋은애로 구매했는데.. 생각보다 고정 해주는게 별루인듯~ 반품 보내기 구찮아서 그냥 짱박어놓음
5,하루종일 앉아서 공부만 하는 수험생이였는데 이제보니 어깨가 많이 굽어있더라구요 그래서 사줬는데 요즘 시험도 끝났겟따 집에 있으면서 잘 사용하고 있네요~
5,종일 앉아서 근무하는 사람은 알거 같아요 어느날 제 자세가 ㅠㅠ 이건 아니지 싶어 구입한 어깨 밴드입니다. 착용하고 근무하는데 도움도 되고 불편함도 없어요 하루에 기본으로 2-3시간씩 착용하면서 늘려 나가려구요 ㅎㅎ
5,허리가 너무 아파서 주문했어요 바로 도착해서 사용중인데 확실히 착용하고 안하고 차이가 있어요 이거 하고 허리도 많이 편안해지고 통증도 많이 좋아졌어요 꾸준히 잘 착용해서 건강한 허리 만들어볼게요 많이파세요 ^^
5,운동할때도 그렇고 어깨피시고~를 많이 들었어요 자세를 잘 잡을려고 해도 다시 돌아가더라구요 그래서 밴드 사용했더니 어깨도 펴지고 운동할때도 잘 했어요 밴드가 잘 잡아줘요~
5,요즘 자세 좋아 보인다는 얘기 종종 듣고 있어서 기분 좋아서 사진 올려봅니댜. 주로 집에서 착용하긴 하는데요. 습관이 되니 밴드 착용안하고 나가도 좀 꼿꼿한 자세를 유지하게 되는것 같아요. ^^ 밴드 헤져서 넝마가 될때까지 계속 착용하려고요. ㅋㅋ
5,어렸을 때부터 자세가 안 좋다는 이야기를 많이 들어왔어요 처음에는 대수롭지 않게 생각했는데 시간이 지날수록 어깨와 등이 점점 구부정해지고 거북목도 되고 오래 앉아 있으면 허리도 쉽게 아프더라구요…한번씩 허리를 못펼정도로 너무 아파서 병원을 간적도 있을 정도 였어요 ….ㅠㅠ 그러다보니 디스크가 생길까 걱정도 됐어요… 자세를 교정을 하고 싶어서 자세 교정 벨트를 착용하게 되었는데 생각보다 착용감이 편안하고 허리를 단단하게 잡아줘서 자연스럽게 등이 펴지는 느낌이 들어서 허리도 같이 펴지겠구나 싶었어요 꾸준히 착용하면 예전보다 허리가 펴지고 건강한 자세로 바뀔 것 같아 앞으로도 계속 착용해 보려고 합니다^^
5,"자꾸 등이 굽어 보이는 자세 때문에 스트레스였는데, 제품을 사용하면서 조금씩 교정되는 느낌이 있어 만족스럽습니다. 어깨를 안으로 말아 넣는 습관을 잡아주는 데 큰 도움이 되었고, 가벼워서 착용한 듯 안 한 듯 편안해요."
5,의자생활하다보니 허리가 망가질수밖에 없더라구요 ! 착용하고 일상생활해도 불편함이 없어서 편하다는게 참 좋습니당 ! 업무 특성상 오래 앉아있어야하는데 이거 착용하고 있으니 훨씬 낫네요 !
5,거북목이 갈수록 심각해서 자세교정을 알아보다가~ 가격이 부담스러워서 홈케어로 사본 자세교정밴드~ 일단 착용법이 간단하고 신체 체크하고 사이즈 고르면 될꺼같아요 착용하고 있으면 불편할꺼라 생각했는데~ 오히려 반듯한 자세로 일을 하니 어깨 통증이 없어지고~ 목이 서서히 제대로 펴지는 기분~ 허리 밴드부터 팔 까지 조절 하면 될꺼같고~ 쏠리거나 결리는 불편감도 없어서 좋아요 매쉬소재라 4계절쓰기 편하고~ 요즘 집에서 업무볼때는 꼭 착용하고 있어요
5,"평소 허리랑 어깨 통증이 자주 있어서 자세 교정용으로 찾다가 후기 보고 이 제품으로 선택했어요. 포장도 깔끔하고 고급스러워서 선물용으로 딱 좋았고, 착용감도 생각보다 편하다고 하네요. 처음엔 약간 조이는 느낌이 있지만 하루 이틀 착용하니 확실히 자세가 펴지는 게 느껴진대요. 특히 장시간 운전하거나 컴퓨터 앞에 앉아 있을 때 허리가 덜 뻐근하다고 해서 만족했어요. 디자인도 티 안 나서 출근할 때도 착용 가능해요. 선물용으로 추천합니다!"
1,진짜 왠만하면 안좋은후기 안남기는데 추천사이즈로 삿고 해도 위아래 기장은 허리쪽을 다 감싸주지도못하고 뒤에는 벌써 드드득거시면서 찢어질랴거하고 접착력은 얼마나 안좋은지 바로 풀려버리고 자국은 옷위에 걸쳐입어도 자국 개심하게 남네요 대체 뭘 보고좋은평점이 나오는지 모르겠슴니다
5,저쓰고 감동받아 가족들 선물해주고 추천했네요. 이 한마디면 끝. 배조이면서 등받혀줘서 저는 거의 하루종일 착용하고 일상생활해요. 정말 좋아요. 찍찍이라 세탁기 빨지 안기를 추천합니다. 저는 그래서 연결부위에 고리달아서 쓰네요.
5,❌️찐 구매 후기❌️ 허리가 많이 안좋은 편이고 약간의 측만이 있어서 항상 업무할 때 자세가 너무 안좋았어요 많은 제품들 서칭해보고 제일 괜찮아 보이는 제품을 구매해봤어요. 일단 한마디로 정리하자면 #앞으론 이거 착용 안하고는 업무 절대 못해요.# 제 어깨와 허리를 쫙 펴주고 굽은 등을 펴주어서 몸건강이 매우 좋아졌어요. 제가 느끼던 통증도 사라졌구요 무엇보다 어깨가 펴지고 등이 펴지니 체형교정이 되어 그런가 신기하게도 뱃살도 좀 들어가고 몸매가 예뻐지는거같아요^^ 착용법도 쉽고 편해서 아주 좋아요 쿠팡비닐안에 상자로 깔끔하게 포장되어 오는것도 마음에 들었고 주위 지인들한테 간단한 선물하기도 좋은거같아요 오늘 부모님것도 2개 더 구매했어요. 많이 써서 닳으면 또 구매할거에요 품절 절대 안돼요!! 계속 팔아주세요
5,"✅ 등과 어깨가 자연스럽게 펴져요 ✅ 뻐근했던 어깨가 진짜 가벼워졌어요 ✅ 두껍지 않아 이너 안에 착용 가능해요 하루 종일 컴퓨터 앞에 앉아서 일하다 보니 자세가 점점 구부정해져서 고민하다가 리뷰 괜찮은 이 제품 한번 써보자 하고 구매했어요. 생각보다 착용감이 훨씬 편해서 놀랐어요. 2XL로 했더니 어깨도 답답하지 않고, 벨크로로 조절 가능해서 체형에 맞게 조절이 되더라고요. 처음엔 살짝 어색한 느낌이 있었는데 5분만 지나면 어깨가 쫙 펴진 느낌이 들면서 등이랑 허리까지 반듯하게 세워져요. 앉아 있을 때나 걷거나 서 있을 때 모두 도움 됐어요. 어깨가 안쪽으로 말리는 걸 방지해 주니까 자세 교정에도 좋고, 무엇보다 어깨 피로가 확 줄었어요. 예전엔 저녁만 되면 어깨랑 목이 뻐근했는데 요즘은 확실히 통증이 덜해서 만족하고 있어요. 티셔츠 안에 입어도 티가 거의 안 나서 출근할 때도 이너처럼 착용하고 다닐 수 있었어요. 두껍지 않고 소재도 부드러워서 피부에 자극 없고요. 꾸준히 써보려고 하고 있는데, 벌써부터 자세가 조금 더 나아진 느낌이라 가성비 진짜 괜찮은 제품 같아요. 자세 때문에 고민하셨다면 한 번 써보셔도 후회 없을 듯!"
5,"정직한닥터 바른 자세 교정 밴드는 장시간 앉아 있거나 스마트폰, 컴퓨터 사용으로 어깨가 뭉치고 구부정해진 분들에게 특히 추천되는 제품임. 이 밴드는 착용 시 어깨를 자연스럽게 뒤로 당겨 올바른 자세를 유도해주어, 척추와 어깨에 가해지는 부담을 줄이고 통증 완화에 도움을 줌. 남녀공용 사이즈 조절 가능한 S 사이즈는 체형에 맞게 편안하면서도 탄탄한 착용감을 제공하고, 가벼운 소재 덕분에 장시간 착용해도 불편함이 적음. 통풍이 잘 되는 매쉬 소재라 땀이 차거나 피부 자극이 덜해 무더운 날에도 끈적임 없이 쾌적하게 쓸 수 있음. 실제 사용자 후기에서는 일상 속 자연스러운 자세 교정에 효과적이고, 어깨 통증이 줄어들어 업무 집중력이 향상됐다는 긍정적인 평가가 많음. 착용 방법도 간단하고 눈에 띄지 않는 디자인이라 집, 사무실, 운동할 때 모두 쓸 수 있어 활용도가 높음."
5,하루 종일 컴퓨터 앞에서 일하다 보니 거북목이 심했어요. 그래서 구매해보았습니다. 중국 알위에서도 해보고 했었는데 한번 쓰고 안맞아서 버렸어요. 착용감이 생각보다 편하고 회사에서 오래 앉아있어도 불편함 없이 잘 사용하고 있습니다. 남편도 하나 사줄까 생각하고 있어요.. 두루다루 학생이나 직장인들에게 추천할 만한 딱 내스타일 상품 같아요. 굿입니다. 굿....
5,병원에서 일자목이라고 해서 자세교정밴드라도 하고 있으려고 샀어요.사이즈표 참고해서 구매했더니 잘맞네요~ 자세를 반듯하게 잡아주니 시원하고 아주 좋아요 꾸준히 써볼께요
5,어깨가 평소에 굽고 불편해서 바른자세 교정이 가능한 밴드 구매했습니다. S 사이즈 주문했는데 사이즈 잘맞고 남녀 공용 제품이어서 사이즈 고르기 좋고 확실히 밴드로 자세 교정해주니 올바른 자세가 가능하고 약국입점한 제품이라 확실히 믿고 사용하고 약국에서 구매하는것보다 가성비도 좋고 만족합니다.
4,"라운드 어깨와 미술로 뭉친 허리고동인 딸, 어께뭉친 엄마아빠 온가족이 같이 쓰네요"
5,바른자세를 위한 자세교정밴드 입니다 하루종일 책상앞에서 공부하더니 어깨 통증은 물론이고 거북목까지 있네요 착용하자마자 어깨쫙 허리딱 교정이 됩니다 어깨는 당겨주고 등은 펴주고 허리는 반듯하게 펴주네요 통기성이 좋아서 더운날에도 오래도록 착용해도 무리가 없어요
5,운동할 때 자세 잡는 용으로 샀어요. 특히 스쿼트할 때 허리 지지대가 안정적으로 받쳐주고 어깨를 펴주니까 좋더라고요~ 밴드 탄성도 짱짱하고 옷 위에 입어도 불편하지 않아 만족스럽습니다^^
5,늘 잘 사용 중입니다^^ 사진찍어보면 등이 맨날 굽어있었는데 이 밴드 착용해보니까 등이 엄청 굽게 생활하고 있었더라구요... 바른자세 잘 유지하겠습니다
3,라운더숄더 및 굽은등 자세 교정에는 도움이 되는것 같습니다. 착용할때는 불편하지만 그만큼 제 자세가 많이 좋지않다는거니까요.ㅠㅠ 불편한만큼 자세에 신경쓰게되고 이가격이 이 기능이면 별 5개감이지만... 찍찍이는 3번사용하니 부착력이 너무 떨어지네요. 부착력 때문에 반품하고 싶을 정도네요ㅠㅠ
5,오 완전 좋습니다 기대 이상 이네요 ~ 어깨 펴지는 느낌도 확실히 들고 어깨 끈 부분이 걸리거나 그렇지도 않고요 ~ 타이트하게 잘 잡아주네요 ~ 소재로 시원하고 아주 좋아요 ~
4,허리 찍찍이는 넉넉한데 등에서 허리 로오는 찍찍이가 짧아요
5,편하고 자세교정 되는 느낌입니다 옷 안에 입고 나가도 별로 표시 안나고 허리아프더니 고관절까지 아파서 갈때까지 갔구나 싶어서 샀는데 많이 도움됩니다
5,요즘 자세교정이 시급한 것 같아서 제품 구매해서 사용해봤어요. 허리랑 어깨가 쫙 펴지는 느낌이라 처음에는 이질감이 있었지만 점점 사용하다보니 적응돼서 편하네요!!
5,신랑도 나도 핸드폰과 컴퓨터를 많이 하다보니 어깨가 뭉치고 아파서 정형외과갔더니...자세가 좋지 않아 어깨가 말려서 어깨도 팔도 아픈거라고...ㅠㅠ 도스치료 물리치료등 받고 스트레칭을 해도 잘 낫질 않아 구매하게 되었어요. 여자인 내가 하면 넉넉히~신랑이 하면 꽉 쪼이듯... 잘 맞아요~ 착용해보니 정말 말린 어깨가 쫙펴지면서 자세가 교정이 되더라구요~ 하루정도 차고 컴퓨터 앞에 앉아서 지내 봤는데...첨엔 불편하고 부자연스러웠는데~ 시간이 지날수록 괜찮아 졌어요~ 틈틈히 계속 착용하면 자세 교정도 되고 어깨나 팔도 나아질거 같아 꾸준히 착용하려구요~
5,"제가 이 자세 교정 밴드를 쓰고 있는데 남편은 큰사이즈로 하나 사줬습니다. 저는 이거 착용히고 자세 교정에 도움을 받았기 때문이에요ㅎㅎ 제품이 참 튼튼하고 착용감도 편해서 너무 만족스러워요 자세교정밴드 샀으나 불편하고 구매 실패 하신 분들 계시다면, 이거 구매 하신다면 그런 생각 안하실듯 합니다~~ 꼭 한번 써보세요! 자세를 잡아주니 구부정 했던 어깨도 싹 펴집니다!!"
5,딱 달라 붙는 반팔 옷 처럼 된 보정 복도 입어 봤는데 그건 너무 고가에 답답하기도 해서 이걸 구매했어요! 당연히 보정력은 덜 하지만 간편해서 일상에서는 이게 더 좋네요. 완벽하게 어깨를 펴주는 보정은 불가능 하더라도 입고 있는 것만 으로도 자주 의식해서 전보다 바른 자세 유지중이에요ㅎㅎ 너무 과하게 조이지 않는게 더 오래 착용할 수 있는거 같아요!
5,찍찍이로 조절 가능한게 너무 편리하고 좋더라고요! 저한테 맞게 조절하기 쉬운 상품이네요 ㅎㅎ 가성비도 좋고 잘 차면 교정이 잘될거 같습니다
5,허리가 결리고 자세가 바르지않아서 바른자세에 좋다고 해서 구입했네요 어깨랑 허리 밴드 s 사이즈로 샀는데 허리가 편안하네요 ㅋㅋ
4,배 나온 분에게는 작은듯. 큰사이즈인데 어깨벨트가 양쪽으로 10cm 씩 더 있었으면 합니다.
3,아기 씻을때 착용해봤는데 허리에 전혀 도움이 안되네요..
5,"너무 좋은데요? 디스크까진 아닌데 자세가 안좋아 관리 하려고 구매했어요 일단 자세교정밴드 하면 어깨가 확 펴지고, 착용한게 티가 안나 밴드 착용후 옷입었는데 티가 안나고 아주 좋습니다 착용해보면 제가 한번이 어떤건지 알꺼예요~ 진짜 좋음"
5,포장 잘돼서 배송 잘 받았고요. 필요해서 여기저기 보다가 구입했는데 품질 좋고 아주 만족스럽네요. 잘 사용할게요
5,짱짱하게 잘 잡아주니 편하고 좋네요~ 사이즈도 있고..딱 잡아주니까 허리가 펴지고 힘이 빠져도 바른 자세 유지가 되니 좋은듯해요. 굿굿
5,허리가 너무 약해졌는지 너무 아프더라고요 친구가 사용하고 있는 제품인데 괜찮다고 해서 주문했어요 바른자세로 앉을 수 있게 도움을 주니까 딱 좋네요~ 잘 구매했습니다.
5,튼튼하고 자세를 잘 잡아주는 밴드 허리디스크 판정을 받았어요 병원에서 파는 거는 너무 비싸 엄두가 안나 바른자세밴드로 저렴한 걸로 일단 구매해봤는데 웬걸 착용하니 훨씬 편하고 좋습니다 어깨부분도 도톰하고 결리는 거 없고 허리랑 어깨를 편하게 잘 잡아줘서 훨씬 든든하고 지탱해줍니다 사용법도 잘 나와있어서 쉽게 입었습니다 감사합니다
5,"자세가 너무 바르지 못해서 항상 허리가 아파서 자세 교정 밴드 구매해봤어요 보통 허리만 잡아주는 그런 밴드가 많은데 이건 어깨부터 다 잡아주니까 훨씬 편하고 좋네요 중앙에 지지대가 있어서 확실히 잡아주고, 소재도 메쉬소재라 답답한 느낌도 덜해요~ 생각보다 얇아서 상세페이지 처럼 맨투맨같은거 입고 속에 착용해도 티가 안날거같아요 착용법은 처음에는 조금 헷갈리는데 착용전에 어깨끈을 차례대로 허리벨트 끈에 넣어주고 시작하는게 중요해요~ 그렇게 한 후에 백팩메듯이 어깨 끈을 어깨에 걸쳐서 착용한후 하단의 허리밴드가 허리에 잘 밀착될수 있도록 양옆으로 당겨서 찍찍이에 붙여줍니다 이때 최대한 힘껏 조여줘야, 자세가 더 바른자세하는데 도움이 되는거 같더라구요 ~ 그리고 마지막으로 어깨끈을 허리벨크로에 잘 밀착되도록 다시한번 잘떙겨서 붙여줍니다 처음에는 5분이상 하지 말고 천천히 시간을 늘려나가는게 좋다고 하네요 남편도 라운더숄더라서 항상 어깨가 말려있는데 이거하고 조금 펴지는거 같다고 해요~ 꾸준히 사용해보면 좋을거같아요!"
5,바른자세로 어깨도 펴고 곧게 생활하려고 어꺠 허리 밴드 도움을 받고있어요 굽었떤 어깨가 쭉 펴진 느낌이에요 ㅎㅎ
5,엄마가 허리가 아프셔서 자세도 약간 구부정해서 보내드렸어요~ 처음엔 뭘 이런걸 하냐고 하시더니... 착용해 보시더니 너무 좋다고 하시네요. 착용후 구부정한 허리가 많이 펴졌어요. 그리고 밴드가 넓어서 사용하기 편하다고 합니다. 엄마가 완전 좋더고 하세요^^
5,"컴퓨터 앞에서 일을 하다보니 나도 모르게 거북목+라운드숄더가 되더라구요 ㅠㅠ 신경쓰고 자세 잘 잡아보려고해도 무의식적으로 다시 구부정해지고 퇴근하면 어깨아프고ㅠㅠ 무한반복이여서 구매했어요 ㅎㅎ 어깨보정밴드 효과는 정말 최고예요 진짜 바로 어깨가 쫙 펴져요!! 아무래도 밴드가 인위적으로 고정시키는거라 불편하진 않을까 걱정했는데 오히려 어깨가 더 편안해지더라구요 확실히 퇴근하고나서 승모근, 어깨통증 많이 줄었어요 마음에 듭니다"
5,"스마트폰을 자주 보면서 어깨가 자꾸 굽고 거북목처럼 되는 게 고민이었는데, 이 제품을 착용하고 나서 확실히 차이가 있네요. 처음 착용할 때는 허리랑 어깨가 꽉 잡아주는 느낌 때문에 조금 어색했는데, 몇 번 사용하다 보니 점점 익숙해지고 자세가 자연스럽게 펴지더라고요. 특히 허리 부분까지 잡아주는 구조라 단순히 어깨만 교정되는 게 아니라 상체 전체가 안정적으로 바로 서는 느낌이 있습니다. 오랫동안 잘못된 자세로 앉아 있어서 허리가 자주 뻐근했는데, 착용 후에는 훨씬 덜 뻐근하고 바른 자세를 유지하는 데 도움이 많이 되고 있습니다. 소재도 생각보다 두껍지 않고 통풍이 잘돼서 여름철에도 크게 덥지 않았습니다. 운동복 안에 입어도 티가 많이 나지 않고, 조이는 부분도 조절이 가능해서 체형에 맞게 착용할 수 있는 점이 좋습니다. 남녀 공용이라 가족끼리도 사이즈만 맞으면 같이 사용할 수 있겠더라고요. 무엇보다 오래 앉아 있을 때 자꾸 등이 말리면서 구부정해지는 습관을 잡아주니, 의식하지 않아도 몸이 바르게 펴지는 게 큰 장점입니다. 하루에 1~2시간씩만 착용해도 효과가 있고, 착용하고 있을 때는 자연스럽게 가슴을 펴고 호흡도 편안해지는 느낌이 들어 만족스럽습니다."
5,힝.. 허리디스크가 있어서 그런지 몰라도 이거만 하고 다니면 허리가 좀 아파여 ㅠ 근데 제 몸이 문제인걸지도 모르니 별점은 5점 드릴게여 근데 저는 불편함 ㅠ
5,"자세만 교정해도 키도 크고 몸매도 더 좋아보여요 일하면서, 운동하면서 휴식할 때 특히 오늘같이 주말에 하루종일 차고 있는데 괜찮네요오오"
5,"착용을 딱 하면 어깨끝이 뒤에서 잡아당기는 느낌..... 이게 어깨를 확실히 펴주는것 같아요 밴딩에 벨크로라 내 몸에 맞게 압박 정도를 쉽게 맞출수 있어요 !! 이렇게 쭉 착용하면 자연스럽게 어깨가 뒤로 젖혀지면서 등까지 곧게 펴지는 느낌이 들고, 오래 앉아 있거나 컴퓨터 작업할 때 허리와 어깨 피로가 확실히 덜해요. 밴드가 부드럽고 통기성 있는 소재라 장시간 착용해도 답답하지 않고 땀 차지 않아 편안해용 .."
5,평소에 침대밑에 앉는게 습관이라 허리도 구부정하고 거북목도 심했거든요. 친구가 어느날 제 등이 휜거 같다고 자세 좀 잘 잡으라고 얘기하는데 충격 먹어서 자세교정 해보려고 구매하게 됬어요. 착용법도 간편하고 사이즈도 다행히 잘 맞네요 착용해보니 쫀쫀하게 몸을 지탱해주니까 확실히 교정이 되서 제 맘대로 구부정한 자세를 못 취하게 되더라구요 꾸준히 착용해서 거북목도 탈출하고 굽은목이랑 등이랑 교정 확실히 해보려구해요
5,아들도 착용해 보고 엄마인 저도 착용해 보니 완전 등을 꽉 잡아주네요. 등 전체가 편하네요. 공부할때 컴푸터할때 한 두 시간씩 하고 있어요. 꾸준히 하고 나면 등이 곱게 펴지겠어요.
5,배송도 빠르고 제품도 좋아요 등을 야무지게 잡아주네요 허리 잡아주는 부분도 짱짱하고 자세도 잘 잡아줍니다 어깨가 많이 굽었는데 매일 꾸준히 하니 확실히 많이 펴지네요
5,"정직한닥터 약국입점 바른 자세 밴드 어깨 숄더 남녀공용, S 어께가 넝수 구부정해서 구입한제품입니다 첨에 시착하는데 조금 복잡한듯 했는데사용하다보니 이젠 금방착용하네요 확실히 하는거랑 안하는게 확차이나는데 중간기둥이 플라스틱이라 금방 부러질 느낌이에요 조금만 더 단단했음 해요 가격대비 괜찮은것 같아요 마른 66사쥬인데 s도 크긴하네요 사이즈 확인하고 구입하세요"
5,"정말 만족한 제품입니다 남편이 사달라고 해서 샀는데 아주 좋아합니다 사무실에서 오래 앉아 있는 만큼 자세가 별로 안 좋았는데, 이걸 착용하고 나서 자세가 좋아지고 등도 짝 펴져서 허리도 덜 아프다고 합니다. 앞으로 쭉 하고 다닐 예정입니다."
5,컴퓨터로 재택근무 중인데 자세가 너무 나빠서 구매했어요. 확실히 밴드가 자세를 잘 잡아주니까 한결 편한 것 같아요. 남편 것도 하나 더 주문하려고요~
5,옷 66사쥬 입어서 M으로 해뜨니 맞게 산것 같아여~! 허리가 굽었다는 얘기를 하도 들어서 집에 있는 내내 착용하고 있답니다 잠깐 가까운데 나갈때도 그냥 착용하고 나가네여 밴드의 일상화 ㅎㅎ
5,제품 포장부터 재질까지 모두 마음에 듭니다! 평소 오래 앉아있어서 걱정이었는데 잘 쓰겠습니다 감사합니다^^
5,"효과적인 자세 교정 장시간 앉아 있거나 구부정한 자세로 생활하는 분들에게 꼭 필요한 아이템입니다. 어깨를 자연스럽게 펴주어 바른 자세를 유지하도록 도와주며, 목·어깨 피로 완화에도 효과적이에요. 편안한 착용감 2XL 사이즈로 체형에 맞게 착용 가능하며, 조절식 밴드라 본인 몸에 딱 맞춰 사용할 수 있습니다. 부드러운 소재로 마찰이 적어 오래 착용해도 불편하지 않아요. 남녀공용 활용도 남녀 모두 착용할 수 있는 디자인으로, 학생, 직장인, 컴퓨터 작업이 많은 분들에게 적합합니다. 일상생활이나 운동 시에도 부담 없이 사용할 수 있어 활용도가 높습니다. 총평 정직한닥터 바른 자세 교정 밴드는 자세 교정, 편안한 착용감, 높은 활용도 세 가지를 모두 갖춘 실속 있는 제품입니다. 꾸준히 착용하면 자세 습관 개선은 물론, 목과 어깨 건강 관리에도 큰 도움이 됩니다. 학생부터 직장인까지 누구에게나 추천할 수 있는 실용적인 건강 아이템이예요ㅎㅎ 강추드립니다^^♡"
5,"배도 나오고 체격이 좋은 남성분에게 딱 맞는 사이즈입니다. 어깨가 좀 굽은편이라 이걸로 자세교정하고 있는데 허리, 어깨가 강제로 쫙~~ 펴지는 느낌이에요. 처음에는 좀 힘들지만 이제 좀 적응이 되어 갑니다. 제품도 튼튼하고 어째, 허리, 등을 확실히 고정시켜 주니 좋네요."
5,자세가 너무 좋지 않은 것 같아서 주문 했는데 딱! 착용하자마자 느낌 점은... 내가 이렇게 자세가 좋지 않았나.... 처음 착용하니 평소에 구부정하게 있어서 그런지 힘들었어요. 지금 착용한지 3주 다 되어 가는데 이제는 확실히 좋다는 느낌이 들어요. 자세교정밴드 착용하지 않을 때도 최대한 바른 자세를 유지하려고 노력하고 있어요. 지금은 30분 정도 착용해도 괜찮을 만큼 좋아진 것 같아요. 자세교정 하는데는 정말 좋은 것 같아요. 아주 좋아요!
5,어깨가 말려 있고 척추 측만도 조금 있어서 교정하려고 구매했어요 배송도 빠르게 잘 왔고 받아서 착용해보니까 사이즈도 잘 맞고 좋아요 꾸준히 착용하고 교정 잘 되었으면 좋겠네요
5,요거 장착하고 있으니까 어깨도 더 넓어보이고 자세도 좋아지는 것 같아 좋아요
4,평소 허리 어깨 목이 안좋아 부항이나 침을 맞았는데 앉을때 웅크리고 어깨가 앞으로 기울어져 이러다 꼬부랑 할머니 될까봐 자세교정을 검색한 결과 요 제품이 리뷰도 좋고 약국입점이라 일단 구매했어요 답답하거나 불편한것 없이 착용하니 허리와 어깨가 구부러지지 않게 자세를 잡아주네요 허리도 시원하고 내 체형에 맞게 어깨 벨트를 조절하니 활동도 불편하지 않아요
5,"하루 종일 앉아있는 직업이라 어깨가 굽고 자세가 무너지는 것이 느껴져 구매했습니다. 정직한닥터 자세 교정 밴드는 착용감이 매우 만족스럽습니다. 복잡한 구조 없이 단순하게 어깨와 등을 잡아주는데, 그 압박감이 너무 강하지 않으면서도 자세를 바르게 유지하도록 지속적으로 인지시켜 줍니다. 밴드 폭이 넓어 어깨에 부담이 덜하고, 통기성 좋은 소재 덕분에 장시간 착용해도 땀이 차지 않아 좋습니다. 특히 앉아 있을 때 등 부분이 곧게 펴지면서 집중력까지 향상되는 느낌입니다. 꾸준히 착용하니 어깨 결림이 줄어드는 효과를 보고 있습니다. 2XL 사이즈를 구매했는데, 남녀 공용이라 가족 모두 활용할 수 있어 실용적입니다. 자세 개선을 위한 첫걸음으로 강력 추천합니다."
5,어머니가 허리에 척추협착증이 있으신데 집에서 사용하고 계신지 1주일 정도 되었는데 허리가 많이 펴지는 느낌이 들고 허리를 딱 받쳐 잡아주는 느낌이 들어서 일상생활에 허리에 무리가 덜 간다고 하시더라구요 혹여나 허리나 목쪽에 질병이 있으신 분은 한 번 사용해보는것도 좋을 것 같다는 생각이 듭니당 ㅎㅎ
5,이거 너무 좋습니다 디스크 때문에 자세 교정이 필요해서 구매 했는데 척추 잡아주는 지지대 짱짱하고 삼실에서 일할때 사용하는데 매우좋습니다 하면 자동으로 허리 펴지고 너무 잘샀네요^^^
4,제대로 착용을 한다고 해도 미묘하게 균형이 언 멎는 거 같어 확인해 보니 지지대의 길이가 한쪽이 심하게 쩗네요;;; 이미 사용한 거라 교환 벋기도 그렇고...
2,오자마자 상품 봉투를 다 찢어서 반송을 못보내요 마감이 터져 와서 기분이 나쁠뿐 사용감은 좋은듯요
5,"착용법이 간단해 아침 출근 전 10초면 장착 끝입니다. 어깨가 뒤로 살짝 열리며 상체 중심이 바로 서는 느낌이라 장시간 앉아 있어도 승모근 뭉침이 덜해요. 스트랩 조절 폭이 넓어 얇은 옷 후드 위에도 호환이 좋고, 가장자리 봉제가 깔끔해 피부 쓸림이 거의 없었습니다. 거울 보정만으로 유지가 어려운 분께 루틴 보조용으로 추천할 만한 만족스러운 보조밴드예요."
4,어깨끈이 부드러운 스판으로 되어있다면좋을텐데 너무 딱딱해서 오래착용하지 옷하겠어요 그래도이제품이 평이젤좋은거보면 이만한제품이 없다는거겠죠
5,"✅ 어깨 등 허리 서포트 근육 움직임에 맞춰서 체형에 맞게 서포트 해줘요. ✅ 2중 고탄성 밴드 2중으로 들어간 고탄성 밴드로 어깨를 쫙 펴줘서 자세 교정에 도움을 줘요. ✅ 남녀노소 누구나 착용가능 어르신, 어린아이 누구나 사용가능하고 어르신의 굽어진 등과 어린아이의 자세교정에 탁월해요. ✅ 믿을만한 제품 약국에서 판매할 만큼 믿을만한 제품이라 안심하고 사용할 수 있어요. ❤️구매이유 저희 첫째가 초등학생인데 항상 어깨랑 등이 굽어 있어서 어린아이라 어릴때 자세를 잡아야 될 거 같아 구매하게 되었어요. ❤️구매후기 첫째아이 자세교정을 위해 구매했는데 진짜 만족했어요. 아이가 처음에는 등이랑 허리를 필려니 힘들어 했는데 밴드가 잡아주니 확실히 편해 하더라고요. 평소에 항상 등펴라 어깨펴라 했느데 그때뿐이라 고민했는데 이런제품으로 하니 엄청 도움도 많이 되고 아이도 등과 허리가 엄청 펴졌어요. 자세만 교정해도 키가 3cm나 커지니 아이들에겐 필수인거 같아요. 약국에서 판매할 정도로 믿을만한 제품이니 꾸준히 아이에게 사용해도 될 거 같아요~~^^"
3,좋아요 근데 옷 안에 입고 외출은 진짜 쉽지 않음..
5,상품평 잘 안쓰는 사람인데 이건 남겨봅니다 크게 기대안했는데 기대 이상으로 자세 교정ㅈ되네요 툭하면 허리 휘어서 힘들었는데 꾸준히 착용하면 좋을거 같아 매일 착용하다싶이 합니다 걷기할때도 일할때도 꽤 괜찮은 상품이네요 자세 교정에 적극추천합니다
5,자꾸만 허리랑 어깨가 굽어지는 느낌이라 써보고 있어요 수시로 시간날 때마다 하니까 확실히 자세 교정이 되는 것 같아요
5,야근에 어깨랑 허리가 너무 아파서 구매했눈데 효고ㅏ 좋아요! 어깨 쫙 펴쥬니 편하고 한결 안 아프네요 뀨준히 착용 할 려구요!!
5,2XL 사이즈라 혹시 너무 크거나 헐렁할까 봐 걱정했는데 체격이 있는 편인 저에게도 압박감 없이 편안하게 잘 맞아서 정말 다행이에요. 착용하자마자 어깨를 뒤로 가볍게 당겨주니까 굽어있던 자세가 자연스럽게 펴지는 게 느껴집니다. 확실히 소재가 유연해서 일상생활 중에 착용해도 크게 불편하지 않아요. 옷 안에 입어도 티가 많이 나지 않아 사무실에서도 꾸준히 사용하고 있습니다. 그리고 중요한 게 장시간 착용해도 겨드랑이 쪽이 아프지 않고 자세를 의식적으로 바로잡게 도와주니 거북목 예방에도 도움이 될 것 같아서 좋네요! 좀 더 써봐야겠지만 지금까지 만족입니다!
2,글에서는 어깨가 쫙 펴지는듯 해놓았지만 허리는 펴지는데 어깨는 덜펴지는 느낌이드네요
1,교정기 많이 구입해봐도 어깨 연결 안되엇고 꽉쪼아주지않은건 처음 솔직히 별하나도 아까움
5,삼실에서 데일리로 차는데 강하게 잘 잡아주네요 제품 퀄리티 마감상태도 좋습니다
5,제 자세 괜찮은가요 ㅎㅎ 원래 아빠다리 하고 앉으면 허리가 완전 굽어서 이상한 자세가 되는데 어깨허리밴드 착용하고 앉으면 꼿꼿하게 앉게 되네요 라운드숄더 때문에 교정ㅂ받으려다 셀프로 먼저 밴드 사서 하는중인데 현재까지는 만족스러워요
5,허리아파서 당장 샀는데 와 이거 확실히 허리랑 어깨 딱 받쳐주니 허리도 덜아푸고 어깨 결림도 덜하네요 역시 자세가 문제였군요 ㅎ 매일하니 좋아지네요
5,자세 고정 하기엔 최고입니다 저 혼자만 사용하고 있었는데 자세 잡기가 너무 좋은거 같더라고요 그래서 몇 개 더 구매했어요 집에 남편 것도 샀고요 엄마집 에도 보내드렸습니다
1,"183cm 70kg 남자인데 바른자세로 공부하고싶어서 구매했는데 꽉 조이지않으면 고정도 안되고 그렇다고 꽉조이면 가슴부분, 명치부분이 조여져서 숨이 안쉬어지네요..."
5,배송 엄청 빨랐습니다 옆자리 직장동료가 사용하는 것 보고 탐나서 저도 사봤습니다 ㅎ
5,제대로 자세를 잡아주네요 어깨와 등이 쫙 펴져서 시원하네요 몸이 바로서는 그런 느낌이 들어요 꾸준히 사용해서 진짜로 자세 바로 잡아야 겠어요
5,헬스장에서 운동 할 때 착용 중인데 좋아요 바른 자세를 딱 잡고 운동을 하니 더 잘 됩니다 ㅎㅎ 착용한 느낌이 편안하고 바람도 잘 통하니까 운동을 해도 불편함이 1도 없네요 너무너무 마음에 듭니다!!
5,짱짱하니 아주 튼튼하게 받쳐주고 아주 좋아요 자세가 제대로 나오네요 이렇게 교정이 되나봅니다 자세 바르게 펴져요
5,뒤에 엑스자로 끼우고 허리밴드꽉조여붙힌뒤에 엑스자붙히면 허리가 쫙펴지고 특히 등이나 허리어깨 통증있으신분들이 착용하면 좋을듯요 저희신랑미디움하니 딱좋아요 키178에 몸무게72입니다 참고하세요
5,보통 체형인 키 160 여자인데 사이즈 딱 좋아용!! 평소 거북목이 심해서 교정밴드 찾아보고 있엇는데 착용하니까 몸 무너지는것도 사라지고 목까지 쭉 펴주니까 너무너무 좋아용 ㅎㅎ 체형 고정하는데 최고인 거 같아요.
5,"책상에 앉아 구부정하게 일을 하다보니 점점 등이 구부정해지고 목고 어깨가 아파서 구매하게됐어요. 착용 방법은 사용설명서도 있어서 전혀 어렵지 않아요. 처음 착용했을 때 어색한감이 있었지만 등을 자연스럽게 펴게 되더라구요. 어깨가 조금 조이는 느낌이 있어 더 자세를 바르게 펴고있게되는듯요. 적응 시간을 좀 가질수있게 착용시간은 점점 늘리는게 좋을것같습니다. 실내에서 일할 때나 집에서 간단히 착용하기에 부담 없고, 옷 안에 착용해도 티가 거의 안 나서 실용적입니다. 하루 몇 시간씩 꾸준히 착용하니 자세에 조금씩 변화가 느껴져요. 단시간에 극적인 효과를 기대하기보다는, 꾸준한 사용과 스트레칭을 병행해야 효과가 클 것 같아요. 퀄리티 대비 가격도 괜찮고, 처음 자세교정 제품을 써보는 분께는 무난한 선택이라고 생각합니다"
5,매번 사무실에서는 컴퓨터를 하고 밖에서는 핸드폰을 하고 티비를 보니까 점점 어깨와 목이 굽는 듯한 느낌이에요 그래서 티비볼 때만이라도 조금씩 굽은 어깨를 펴줘야겠다는 생각이 들더라구요 그래서 자세를 교정할 수 있는 이 제품을 찾아서 집에서 착용하고 있어요! 처음에는 어색했는데 이제 착용하고 나면 어깨가 펴지면서 시원하기까지 하네요 착용법이 어렵지도 않고 점점 적응하니까 더 잘 사용하고 있어요~~
5,등이랑 어깨가 자주 뻐근했는데 이 제품 착용하고 나서 바른 자세 유지할 수 있어서 좋았어요 바른 자세 유지하려고 신경 쓰다보니까 덜 아프고 괜찮은 것 같아요 일상생활 할 때 불편함도 없고 잘 쓰고 있습니다.
5,"굿...... 목디, 허디 다 가지고 있습니다. 이제서야 자세교정을 하네요.. 필라테스 요가 등등 자세교정 시도 했으나, 저한테 잘 맞지 않고 잘 가지도 않더라구요.... ㅋ 병원에서는 교정기를 해라 하는데 너무 비싸서 엄두가 안나더라구요.. 처음 착용 할 때는 착용법이 헷갈렸는데, 한번 하고 나니깐 엄청 쉽습니다. 어깨로 매고 허리에 붙이고 어깨끈으로 다시한번 몸에 맞게끔 잡아서 붙여주면 됩니다. 말로 풀어쓰니깐 길어보이는데 행동으로 하면 정말 5초컷.ㅋ 첫날은 잘 몰랐는데, 둘쩃날 부터 확실히 몸이 편해지면서 펴지는 느낌이 들었어요 했을때랑 안했을때 통증의 강도가 틀려요 제품도 튼튼하고 자세도 잘 잡아주고 이 가격이 너무 좋은 제품인 듯 합니다"
4,하체보다 상체가 긴 사람에게는 허리 지지대가 좀 짧다... 다르건 비교적 다 마음에 들지만..의자에 앉아서 글씨 쓰거나 하면 겨드랑이가 아프다 자세가 앞으로 쏠린 사람이나 거북목인 사람에게는 좋다고는 못하겠다...
5,요즘 들어 허리가 자주 아피서 병원에 갔더니 자세 교정이 필요할거 같다 그러시더라구요ㅠㅠ 그래서 급한 마음에 허리밴드를 구매해서 쓰고 있어요 ㅎㅎ 피부쓸림 현상이나 불편함없이 잘 사용하고 있어요! 허리를 잘 잡아주니 너무 좋더라구요 ㅎㅎ 뭔가 느낌에 자세도 올곧아지는 느낌이랄까 ㅋㅋ 잘 사용하고 있습니다!
5,허리쫙 어깨쫙 자세쫙 자세교정잘되네요!
5,오래 서있기도 하지만 많이 걷기도 해서 구매햇는데. 처음에 잠깐 이상하다 싶었는데 걸을때 자세교정이 되는거 같아 금방 적응되고. 편해지네요. 만족해요~
5,처음 착용했을 때는 허리가 쫙 펴져서 좀 적응이 안되고 신기했는데 몇 시간 정도 착용해 보니 어느 정도 적응이 되더군요 일주일 정도 꾸준히 착용하니 자세를 바르게 유지하려는 의식이 생깁니다 어깨가 자꾸 앞으로 말리는 걸 의식하게 되고 허리를 펴고 앉으려고 노력하게 됐어요 덕분에 자세가 많이 좋아진 느낌이기도 하고요 꾸준히 착용하면 더 효과적일 것 같네요
5,최고에요 운동할떄 꼭 필요했던거라 급하게 구매햇습니다 배송도 빠르지만~~물건 진짜 좋더라고요 ^^
5,판매처 사용법을 보지 않으면 사용하기 어려울 정도로 착용법이 어려워요. 직장인이다 보니 착용법이 간단했으면 빠르고 쉽게 자주 착용할 수 있어서 좋을것 같은데 그 점이 아쉽네요. 그리고 찍찍이라고 부르는 벨크로 부분이 몇군데 있어서 오래 사용 못할것 같은 느낌이 드는데..일단 사용해 보고 난 후에 후기 더 올릴게요. 별은 일단 다섯개 드려요.
5,새로와서 뜯었는데냄새도 안나고 괜찮네요 마감도 깔끔하고 예쁩니다... 아무데나 다 티 안나게 입게 되요...
1,뒤에끝 착용하자 마자 끊어지네요 두 번 다시 안사고 자세 교정도 안되는거 같아요
5,거북목이 심해서 저한테는 필수아이템이에요 이거 착용하니 자세교정이 되니까 자신감도 생기고 허리도 안아픈거같아요 원래 리뷰잘안쓰는데 이건 너무 강추해요
5,"식구모두가 컴퓨터를 좋아하고 스마트폰없이는 못살다보니, 거북목에 말린어깨가 생활화 되어있더라구요! 그래서 친구가 추천해준 자세교정밴드를 구매했어요! 와... 진짜 너무 시원해요. 생각보다 어깨가 진짜 많이 말려있더라구요. 교정해야지하고 하는게 아니라 마사지받듯이 등이 쫙펴지는게 너무 시원해서 계속하게 되네요. 최고에요 ㅋㅋ"
2,요약.. 아니 문제점 사진상으로는 생각보다 길어 보여서 구매했지만 막상 착용시 짧음 제일 큰 사이즈를 샀지만 제일 작은 사이즈와 등 (세로)길이는 똑같음 단순 예로 키 150과 키 180의 티셔츠 총장이 똑같은셈 키가 크고 덩치가 클수록 점점 불편해질거라고 생각합니다.
5,매일 사무실에서 거북목인 상태로 일을 하다보니 몸이 어느샌가 이렇게 굳어버리는거 같더라구요ㅜ 이러다 정말 거북이가 될듯하여..^^ 체형 교정 위해서 시켜봤어요~ 재질이 통기성이 좋아서 생각보다 불편하지도 않아 좋더라구요. 처음엔 약간 어색한가 싶었는데 금세 적응돼서 몸이 곳게 교정되는게 느껴지네요~ 확실히 거북목이나 말린어깨에 교정이 잘되는거같아서 만족하면서 쓰고있어요. 저처럼 거북목 심하신 분들께 강추드립니다 :)
5,아들이 자세가 구부정해 고민하다 이걸 찾게 되었어요 요즘 애들이 폰이나 패드를 자주 보다보니 거북목인 애들도 많은거같고 걱정이네요ㅠ 착용방법은 쉽네요 지금 초6이고. 166 72키로 되는데 2Xl 하니까 사이즈 괜찮은거 같아요 우선 착용하고 쪼여주니 등과 어깨가 펴지네요 이거 착용하고 있으면 자연스레. 자세가 잡히겠어요 자세가 바르니 키가 좀더 커보이네요 게임할때만 하고 있어도 자세교정에 도움은 될꺼같아요 완전한 치료는 되지않더라도 가슴. 어깨가 펴지니 거북목도 괜찮아질꺼 같고 어느정도는 교정이 될꺼같아요
5,아들이 허리가 항상 구부정해서 키도 작아보이고 자신감도 없어보여서 마음에 안들었는데 이거 해주니 어깨가 쫙 펴지는게 자세 바로잡는데 최고네요 교정 잘됩니다!!!
5,"오랜 습관때문에 어깨가 말리고 앞으로 수그러지는 동작을 많이 해 항상 상체가 피곤했어요. 의식적으로 어깨를 피는것이 쉽지 않아 밴드의 도움을 받고 있습니다^^ 확실히 자세교정하는데 도움이 되요. 밴드가 상체를 잡아주니까 나도모르게 등을 구부리지 않게 되네요. 답답하지 않고 불편함 없이 쪼끼입듯 착용하니 밴드를 입고 있는지 말하지 않으면 모릅니다. 등과 허리를 잡아주니 상체가 한결 편해졌어요. 통기성이 좋아 여름에도 착용가능하고, 습관적으로 착용하면 바른자세가 자연스럽게 될거같아 기대됩니다."
5,와 확실히 결박느낌 불편하네요... 어깨가 부분 살짝 불편 아픈느낌
5,허리를 펴고 앉게되네요 어깨를 펴게 만드네요
5,운동할 때 쓰려고 구입했습니다 어깨를 펴줄정도로 당기면 겨드랑이쪽 통증이 있어서 적당히 조여주는 스킬이 필요합니다 공기도 잘 통해서 여름에도 잘 쓸 것 같아요
5,남자친구가 회사에서 무거운 걸 갑자기 들게되면서 자세가 안펴치고 구부정하고 허리가 너무 아프다고 구부정해있어서 검색해서 구매했어요~하루써보거니 남자친구가 허리가 안아프다며 엄청 좋아하네요~착용감도 가볍고 따로 착용한거같지않데 편하다고 좋다고합니다~통기성도 좋아 덥지도않고 구부정했던 상체가 펴지니 자연스레 허리통증도 못느낀다고하니 선물한 저도 기분이 좋아요~이제는 벗고있는거 보다 하고있는데 상체가 편하다며...하나더 사줘야겠어요~번갈아 쓰라구요~
5,사이즈 찰떡이네요 딱 맞아요 자꾸 자세가 꾸부정하게되서 집에잇을때만이라도 교정좀 하려고샀습니다 밴드하고 티비도보고 집안일도하고 다하고있어요 불편하지않아서 좋네요
5,재택근무하면서 거북목+굽은 어깨 심해져서 병원 가기 전에 교정밴드부터 써보자 싶어서 샀는데 돈 아깝지 않아요. M 사이즈(가슴 둘레 80~95cm 정도) 딱 맞게 잘 잡아줌 처음엔 살짝 조이는 느낌 있지만 10분만 지나면 몸이 자연스럽게 펴져요 밴드가 얇고 통기성 좋아서 여름에도 땀 차지 않고 겨울엔 옷 안에 잘 들어갑니다 검정색이라 티셔츠 위에 입어도 거의 안 보여요 ✔️효과 하루 2~3시간씩 한 달 써보니 어깨가 저절로 뒤로 가고 가슴이 펴지는 게 느껴짐 재택할 때 모니터 앞에서 4시간씩 써도 어깨 결림이 확 줄었어요 ✔️사용 팁 처음엔 20분씩 짧게 시작해서 점점 시간 늘리는 게 좋아요 세탁망에 넣고 세탁기 돌려도 변형 전혀 없음 (이미 5번 빨았음) 솔직히 처음엔 이게 진짜 효과 있나싶었는데 이제는 출근할 때도 입고 나가고 집에 오면 바로 착용해요
5,자세가 바르지못해 항상 어깨랑 등이 구부정하다보니 어깨나 등쪽이 많이 뭉쳐있어요 요거 착용해주니 확실히 뭉침도 없어지고 자세도 바로잡아주니 좋은거같아요 착용감도 편하고 잘 쓰고있어요~
5,너무너무 만족합니다 하루종일 휴대폰 달고 살아서 거북이목에 목디스크가 왔네요 ㅜㅜ 자세교정을 위해 구입했는데 딱이네요 손목 저림과 목아픔이 훨씬 수월해졌네요 진작살껄 이리 좋구 편한데 주변에도 권해야겠어요 적극추천합니다
3,맨살에 하면 살짝 아파요 옷입고 하는걸추천 어깨잡는거 오래해봐야 할것같아여~~ 근데 허리는 좀 잡아주는것같네여~~
5,"오랜 시간 컴퓨터 앞에서 어깨가 자주 뭉쳐서 구매했는데, 착용하고 나니 자연스럽게 어깨라인이 정돈되는 느낌이에요. 밴드 재질이 적당히 탄성이 있어 너무 꽉 끼지 않고 일상생활에서도 부담 없이 착용할 수 있었고, 남녀공용이라 가족과 번갈아 사용하기에도 좋아요. 평소 라운드숄더로 인해 등이 평평해 보이곤 했는데, 이 제품 착용 후 거울을 보니 어깨가 조금 더 펴진 듯한 인상이 들어 만족스러웠어요. 특히 얇은 옷 위에도 착용해봤는데 겉옷 핏에 크게 영향이 없고, 착용감이 크게 거슬리지 않아 출퇴근이나 집안일 중에도 자연스러워요."
5,어깨가 굽어서 샀는데 써 보니까 좋아요 컴퓨터 게임을 많이 해서 어깨가 굽었는데 써 보니까 어깨가 펴져요 게임 많이 하는 분께 강추예요
5,어깨도 많이굽고 자세가 안좋아 허리도 안좋고 목에도 많은 무리가가서 매일 아파서 자세교정 부터 잡아줄려고 구매했어요 일하면서 착용하고 있는데 너무 편하고 불편함도 없이 사용할수 있어요 등을 잘 받쳐줘서 허리통증도 덜하고 바른자세로 만들고 싶어서 꾸준히 사용할려구요
5,스맛폰에 회사에서 컴터만하니 거북목에 라운드숄더 댓어요.. 교정운동도 하고 스트레칭도 해주는데.. 평소 자세가 중여하다하여 ㅠㅠ 평소에 거추장스럽지않게 어깨 펴고 목 똑바러 들수 잇는 밴드 찾다가 약국에드 팔구 믿을 수 있는 제품이라길래 구매!! 차보니 착용두 긴편해서 쉽고 말린 어깨가 아주 좌악 펴지네요 ㅋㅋ 회사에서두 그냥 30분정도씩 차고잇어요! 요거 좀 차고나면 딥가서 어깨 뻐근하지도 않고 두통으로도 안이어지고 넘 조아요.. 바른자세할래여 어깨말리거 거북목잇으신분들~~요거로 교정하세용..
5,허리윗부분부터 어깨까지 늘 아팠어요 누가 내 허리와 어깨잡고 쫙쫙 펴주면 좋겠다 생각하고 신랑이 퇴근하고 한번씩 스트레칭 해줄때의 개운함이 너무 좋더라구요 자세교정해볼려고 샀어요
2,설거지만 해도 겨드랑이가 다 쓸리네요.. 광고 사진처럼 운동 같은 건 절대 못할 것 같습니다.
5,다른 제품 쓰다가 지지대가 좀 약한편이라 그런지 좀 쓰다보니 흐물흐물? 한 느낌이더라고용 이건 알루미늄 지지대가 있다해서 좀 고정력이 오래갈거 같아 사봤는데 확실히 짱짱하니 좋네여 끈으로만 지지해주ㅜ는거랑은 확실히 달라요 편하고 허리 쫙 펴지고 좋습니다
5,"♦️젊을 때는 자세 바르다는 소리를 꽤 많이 들었었는데 점점 나이 먹을수록 어깨가 앞으로 쏠리게 되고 목도 거북목이 되는 것 같아요. 그러다 보니 기립근도 늘 시큰거리고 허리까지 영향을 끼치게 되더라고요. 그래서 자세 교정 밴드를 구매해 봤어요. ♦️ 이 제품은 어깨 등 허리 모두 한 번에 잡아 주는 제품이라서 너무 좋아요. 이중 밴드로 탄탄하게 잡아 주니 원하지 않아도 등과 어깨를 쫙 펴게 되네요. 저도 모르게 소파에 앉아 있으면 앞으로 구부정하게 앉아 있잖아요. 그런데 집에서도 이 제품 착용하고 있으면 바른 자세를 유지하게 되니 너무 좋아요. 허리가 아팠던 것도 많이 좋아지는 것 같고 어깨가 시큰거렸던 것도 훨씬 나아집니다. ♦️ 예전에 써 봤던 제품은 등 쪽에 힘이 없어서 좀 흐물흐물해서 받쳐 주는게 약했는데, 이 제품은 안쪽에 금속으로 탄탄하게 심이 들어 있어서 더 잘 받쳐 주네요. 아주 마음에 들어요. ♦️ 집에서뿐 아니라 이제 가을 겨울 되면 옷도 두꺼워지니 외출할 때도 충분히 하고 다닐 수 있을 것 같아요. 너무 괜찮은 제품이라 자세 교정에 많은 도움이 됩니다"
5,등이 굽고 라운드숄더가 심하다는 말에 바른자세 유지를 위해 자세교정밴드 구입했어요! 착용방법도 간편했고 구부정했던 자세가 밴드 착용만으로 쫙 펴지는 느낌 너무 신기했고요. 특히 탄탄하게 등을 받쳐주는 허리 지지대와 신축성 탄력성 뛰어난 밴드가 더해져 어깨 쫙 펴지며 저절로 바른자세를 유지하게 되서 자세 교정에 정말 딱이에요. 오래 착용하면 힘들것같아 걱정했었는데 밴드 착용하고 팔이라 어깨 움직임도 편했고 또 밴드로 압박도 조절도 가능해서 바른 자세 유지하는데 정말 도움됐어요. 남편도 써보더니 어깨가 쫙 펴진다며 남편 사이즈로 추가 구매해주려고요~
5,"자세교정밴드 많이 써봤는데 제일 효과 좋습니다! 강하게 잘 잡아주구 소재도 퀄리티 좋아요! 어깨도 쫙 하리도 쫙! 책상에 참 오래앉아 있는 일을 해서 라운드숄더랑 거북목이 쩔었눈데, 2-3달 째 사용중인데 거의 많이 나았어요? 시원하고 몸이 가볍네요! 효과 짱 좋아요~^^"
5,"요즘 핸드폰이랑 노트북 볼 일이 많아지니까 어느 순간부터 어깨 말리고 목이 앞으로 나오는 느낌이 너무 심해져서… 자세 교정용으로 구매했어요. 처음엔 이런 밴드 불편할까 봐 고민했는데, 막상 착용해보니까 생각보다 가볍고 답답하지 않았어요. M 사이즈로 했는데 체형에 맞게 조절도 잘 되고, 옷 안에 입어도 티 많이 안 나요. 착용하면 어깨가 자연스럽게 뒤로 펴지면서 아 지금 자세 안 좋구나..!! 하고 인식되게 해줘서 좋아요. 억지로 확 잡아당기는 느낌이 아니라, 굽으려고 하면 바로 느낌 와서 스스로 자세 고치게 되네요!. 집에서 일할 때나 핸드폰 오래 볼 때, 짧게 1~2시간 착용하니까 어깨 뻐근함이 확실히 덜해졌어요.ㅎㅎ 허리 아픈 것도 줄어들어서 넘 됴하요ㅎㅎ 총평 ✔️ 남녀공용이라 사이즈 조절 쉬움 ✔️ 가볍고 착용감 괜찮음 ✔️ 옷 안에 입기 가능 ✔️ 자세 인식용으로 도움 됨"
5,요즘 같이 PC를 많이 하거나 핸드폰을 많이 하는 전자기기를 많이 쓰는 시대에 살고 있어서 어깨가 특히 숄더가 말리고 하리가 굽고 등이 굽고 이런 증상들이 많이 일어나서 질병들이 많아요. 하지만 일상생활에서 집에서 특히 TV 보거나 이럴 때 착용하고 있으면 너무너무 좋을 것 같아요. 일단 어깨가 펴지고 허리도 그렇고 안에 심지가 들어 있어서 단단하게 지지할 수 있어서 너무 좋은 것 같아요. 가격도 좋고 좋아요
5,착용감이 편안하고 소재가 부드러워 하루 종일 착용해도 불편함이 없어요. 어깨와 등 라인을 자연스럽게 잡아줘서 자세가 확실히 교정되는 느낌이 듭니다ㅎㅎ 남녀 모두 사용할 수 있고 사이즈 조절도 쉬워서 누구나 편하게 착용 가능하며 평소 거북목이나 라운드 숄더 때문에 고민인 분들에게 추천할 만한 제품이에요
5,컴퓨터 많이 하다보니 거북목이 되더라구요 문제는 어깨도 같이 앞으로 가니 자세가 너무 안좋아져서 등쭉지가 다 아푸고 어깨견갑골쪽 까지다아푸더라구요 자세교정에 좋은거 같아서 출근시 옷안에 착용하고 다니는데 저절고 바른자세가 되니일주일은 좀풀편했어도 이제 적응하니 완전 좋아요 ㅎ 어깨도 펴지고 좋네요
5,머리가 아픈게 자세가 안 좋아서 그런 것 같아 구매했습니다. 착용해보니 크게 불편하지 않고 자세를 바르게 잡아주니까 확실히 효과가 있는 것 같습니다. 집에서 평상시에 착용하기도 부담 없고 참 좋습니다. 계속 작용해보고 다시 후기 울리도록 하겠습니다
5,초등학생 아이를 위해 구매했습니다 별로 불편하지도 않고 자세가 펴져서 좋듸라구요 구매를 고민중이시다면 구매를 추천드립니다
5,어깨는 펴주고 허리는 타이트하게 해주네요 아주 괜찮은 제품입니다
5,옷안에 입어도 티안나고 좋아서 잘쓰고 있어요 겨울철이라 옷 안에 입고 있는데 통기성도 좋은편이라 여름에도 답답하지 않게 쓸거 같아요 ㅎ 까만색이라 때타는건 잘 안보이겠지만 ㅎ 손빨래정도는 가능할거 같아요 신축성도 좋고 오래 착용해도 불편한거 없어요 만족합니다
5,엠사이즈 샀더니 착용감 딱 좋네요. 억지로 자세 피려고 하면 아파서 자연스럽게 습관 들여보려고 구입한 만큼 꾸준히 착용해 보겠습니다!!
3,교정에 좋아요 구입후 매일은 아지만 지속적으로 착용해 오고 있어요 너무 많이 착용해서 그런지 찍찍이가 잘 부착이 안되요. 더 구입해서 착용해야 할 것 같아요
5,구부정하게 앉아 있는 자세가 습관이 되어서 어깨를 펴고 똑바로 앉기가 쉽지 않은데요 혼자서는 교정하기가 힘들 것 같아서 밴드를 착용하기 시작했어요~ 확실히 단단하게 지지를 해주니까 바른 자세를 유지하게 되고요 착용 방법이 간단해서 입고 벗기가 편하네요! 꾸준히 사용해서 바른 자세 만들어 보려고 해요
5,"써보니 진짜 거북목 직장인에게 딱 맞는 템 느낌임. 처음 착용하면 어깨가 뒤로 쫙 끌려가면서 나도 몰랐던 구부정한 자세가 바로 들켜서 약간 멍해짐. 하루 종일 컴퓨터 앞에 붙어사는 사람이라면 이거 착용한 상태로 업무 시작하면 나도 모르게 허리 펴고 앉아 있는 내 모습을 발견하게 됨. 어깨 쪽 스트랩이 생각보다 부드럽고 두께도 적당해서 딱 조였을 때 압박감은 있지만 아픈 정도는 아니라 금방 적응 가능함. M 사이즈 기준으로 체형 평균인 사람한테 잘 맞고, 조절 스트랩 길이가 넉넉해서 안에 티 하나 입고 그 위에 착용해도 불편함 거의 없음. 너무 꽉 조이면 갑옷 모드 되니까 살짝 당겨지는 정도로만 맞춰두면 일상 생활하면서도 괜찮게 착용 가능함. 가장 좋은 건 오래 앉아 있다 보면 슬금슬금 앞으로 말리던 어깨를 강제로 뒤로 잡아줘서 그날 저녁 어깨 뭉침이 확 줄어든 느낌이라는 점임. 운동할 때 준비운동용으로 착용해도 자세 잡는 데 도움 되고, 집에서 게임하거나 드라마 정주행할 때 꺼내서 착용해두면 최소한 인간 새우는 면할 수 있음. 대충 한 줄 평 하자면 어쩌다 한 번 쓰고 넣어두는 거 아니라 책상 옆에 항상 걸어두고 출근 루틴에 자동 포함되는 그런 유형의 교정 밴드임."
5,거북목이 신청쓰여서 주문해봤어요. 전문 보디빌더도 사용한다길래 솔깃하더라구요. 착용해보니 확실히 자세 교정효과가 있는 거 같아요. 꾸준히 착용해야겠어요.
4,다만 현재 2시간째 착용중인데 겨드랑이 부분이 넘 아픕니다
5,사무직이다 보니 매일 앉아서 컴퓨터 작업을 하는데 어느 순간부터 어깨며 등이며 온몸이 뻐근해지기 시작했어요. 한의원가서 침도 맞아보고 마사지도 받아봤는데 그때 뿐이더라구요. 그러다 지인 추천으로 알게 된 자세교정밴드! 반신반의하며 써봤는데 꾸준히 착용하니까 효과가 있더라구요. 구부정했던 자세에서 바른 자세로 교정되니 몸에도 좋고 업무 능률도 올랐어요.
5,운동하면서 자세교정이 필요한거 같아 구매했어요 사이즈도 좋고 어깨가 딱 고정되는게 몸이 더 커보이고 좋더라고요 불편함도 없어요
5,"안녕하세요 내돈내산 솔직한 리뷰 적어볼게용♡ ☆☆☆☆☆☆☆☆☆☆☆☆☆☆☆☆☆☆☆☆☆☆ 이번에 구매한 제품은 정직한닥터 바른 자세 교정 밴드 어깨 숄더 남녀공용, M, 1개 입니다 매번 앉아서 컴퓨터나 휴대폰을 했더니 등도 굽는거 같고..거북목도심해 통증도 생겨 자세교정이 필요해 검색하다 구매해봤어요~~ 인체공학적 2중배드와 등을 바르게 지탱해주는 39cm지지대!! 도톰한 두께로 어깨를 뒤로 당겨주는 고탄성밴드!! 넓직한 와이드 복부밸트까지~ 확실하게 교정이 되니 자세가 바르게~♡ 에어메쉬 소재라 통풍도 잘되고^^ 겨드랑이나 살 쓸림 없이 사용편하고 배부분 샌드를 쫙~~ 조이면 자연스러 어께가 쫙~~펴지며 시원하면서도 진짜 자세 교정 제대로 되네요^^ 우리 아들도 늘 공부한다고 책상에 앉아있는시간이 많아 착용해보더니 좋다며 오히려 저보다 잘쓰네요ㅎㅎ 하나더사서 같이 사용해야 될듯!! 진짜 편하고 맘에듭니다!^^ ☆☆☆☆☆☆☆☆☆☆☆☆☆☆☆☆☆☆☆☆☆☆ 지금까지 정직한닥터 바른 자세 교정 밴드 어깨 숄더 남녀공용, M, 1개 내돈내산 솔직한 후기 작성해보았어요^^ ┊┊┊╭━━━━━━━━━╮ ┊┊┊┃ 제 리뷰가 조금이나마 도움이 되셨다면 도움버튼~~ 꾸욱 눌러주세용~~♡ ┊┊┊╰◯━━━━━━━━╯ ┊┊┊◯┊┊┊┊┊┊┊┊┊┊ ┊╭ⓄⓄ╮┊┊┊┊┊┊┊┊┊ 감사합니다 ^^"
5,하루종일 앉아서 일하다 보면 저도 모르게 얼굴이 모니터 가까이로 가면서 목이 굽어지고 허리를 구부정하게 앉더라구요. 고치려고 해도 금방 까먹고해서 도움받아보려고 주문하게 됐어요. 적응하려고 잠깐씩 착용중인데 생각보다 편해요. 자세를 잡아주니 허리도 덜아프구요. 시간 늘려가면서 더 사용하려고 합니당~
5,바른자세 유지하고 싶어 주문했어요 몸에 착 감기고 부드러워 착용감이 좋아요 학생들도 좋을거 같아요
5,1주 정도 사용했는데 허리가 펴지는 느낌은 확실히 있음. 평소에 구부정한 자세를 잡아줘서 자세 교정용으로는 어느 정도 효과 있는 편. 다만 매일 오래 착용하기는 조금 불편한 편이라 적응 기간이 필요함. 장점 자세 교정 도움: 착용하면 어깨가 뒤로 당겨져서 자연스럽게 허리가 펴짐 자세 인식 효과: 벗고 있을 때도 자세를 신경 쓰게 됨 착용 방법 간단: 조절 밴드라서 혼자 착용 가능 1주 사용 기준 체감 있음 아쉬운 점 장시간 착용은 불편: 어깨 압박감이 조금 있음 매일 쓰기 빡셈: 특히 집밖에서는 조큼 땀차고 그러면 여름엔 힘들거같음 얇은 옷 위에 입으면 티가 남 사용 팁 (1주 써보면서 느낌) 처음엔 30분~1시간 정도만 착용하는 게 편함 오래 차기보다 짧게 여러 번 착용하는 게 좋음 자세 교정 보조용이지 계속 차는 용도는 아닌 느낌
2,별로 입니다 일단 사이즈가 안 맞습니다 표시 사이즈보다 좀 더 크게 사야합니다 옷에 미끄러져 계속 올라 옵니다 작아서 너무 조입니다 일주일 정도 사용해보았으나 별다른 효과가 없습니다 지인도 돌려써보았지만 비슷한 후기 입니다
5,항상 바른자세유지를 위해 퇴근후에 집에오면 한두시간씩 착용하고 있어요 제가 허리가 살짝 굽었는데 허리도 펴지고 좋은거같아요
5,큰 기대 안하고 주문한건데 착용감도 편하고 자세를 잘 잡아줘서 대만족 사이즈도 잘 맞고 편하고 좋습니다 거북목 완화에도 좋은듯
5,"고개,허리를 많이 숙이게 되는 것 같아 꼿꼿하게 바른자세를 유지하려고 노력하는데 쉽지않더라고요.그래서 교정밴드를 주문했는데 만족스럽네요.뭔가에 집중하다보면 나도 모르는 새 자세가 나쁘게 변하는데 그걸 방지해주고,착용했을 때 불편함 없이 편하더라고요.게다가 통기성 좋은 소재라 답답하지 않아 좋네요."
1,사지마세요 오자마자착용해봤는데 어깨줄잡아 당기다 뒤에고정끈이 찢어졌어요 어떻게 자가로 바늘질해서사용하는데 며칠못갈것같아요 천이 너무헐겨워서 더이상바느질할곳도없고 그냥 일회용ᆢ아참 속상하다
5,포장 꼼꼼하고 배송 빠르게 잘 받았어요. 사이즈 넉넉하고 굽은 어깨 잘 잡아주네요. 좋은 제품 감사합니다.
5,"컴퓨터하고, 공부하면서 거북이목은 물론 등이 자꾸 굽어서 자기도 허리 아프다는 말을 하더라고요. 그래서 주문해 줬습니다. 공부할때나 일상생활 할때도 착용하고 하면서 허리 좀 펴야겠다고 하네요."
5,"라운드 숄더가 엄청 심해서 꾸준히 운동을 해도 큰 호전이 없더라구요 그러다 이 제품이 있다는 걸 알게되고 구매를 했습니다 일단 효과는 매우 좋습니다!! 찍찍이 형태로 되어있어서 줄 늘리고 줄이기도 편하고 똥배랑 승모근도 같이 잡아주는 느낌이에요 착용하고 있으면 나도 모르게 바른자세로 하게 되어서 거북목도 좀 나아지는 느낌이고요 착용방법은 뒤에 끈 넣는 곳 있는데 거기에 끈을 넣으면 크로스 형태로 되고요 그 상태에서 가방 매는 것 처럼 매고 자기한테 맞게 끈조절 하심 됩니다 저도 어떻게 착용하는지 모르겠어서 좀 헤맸어요 ㅎㅎ 158cm, 45키로 s사이즈 잘 맞습니다"
5,자세교정밴드로 1등이라 구매했는데 좋네요 거북목이 심한데 이거 하구 자세가 펴지면서 거북목도 좋아지네여 꾸준히 하려구여
5,"착용하자마자 어깨랑 등 허리가 쫙 펴지는 느낌이 들어요^^ 자세가 항상 구부정 하다는 말을 많이 들었는데,, 이거 매일 꾸준히 착용하니 확실히 교정 되는거 같네요ㅎㅎ 추천 합니다!!!"
5,오래 앉아 있다보니 굽어 있어서 의식적으로 쳐주기가 잘안되서 구매햇어요 갑갑하지 않고 확실자세교정도 되고 좋아요
5,"회사에 앉아있는 모습을 다른분이 찍어주셨는데, 완전 C자이지 뭐에요 ㅜㅜㅜ.. 그래도 평소에 스트레칭도 자주하고 바르게 앉으려고 노력했는데 사진보니까 충격받아서 구매했어요. 체구가 좀 작은 편이라 m사이즈로 구매했는데 몸 사이즈랑 잘 맞아요. 처음에는 너무 펴져서 가슴이 뽝! 나와보여서 부담스러웠는데, 이게 바른자세지 싶어 부담스럽고 불편해도 계속 찼어요 ㅎㅎ 이제는 오히려 이게 더 시원하고 좋아요 ㅎㅎ 가족들한테도 하나씩 사주려구요."
5,두번째 구매입니다. 회사 동료 추천받고 쓴지 꽤 됐는데 집에서도 주말에 쓰려고 재구매했습니다. 가볍고 고정도 잘 됩니다.
4,S 구매했습니다. 직업: 사무직 연령:40대후반(6개월뒤 50대) 키: 160cm 몸무게: 43kg 학교졸업하고 아이들 출산하고 휴가 이후론 계속 사무직으로 일하다보니 오른쪽 어깨와 오른쪽 날개뼈 통증으로인해 잠을 못잘정도로 아파서 정형외과 갔더니 오십견 진단받고 도수치료랑 병행했는데 시원해지는 효과가 하나도 없어서 한의원으로 갈아타서 부황이랑 침 추나치료를 받고있습니다. 오른쪽 어깨가 앞으로 쏠려있다고 마우스 작업을 많이하다보면 그럴수 있다고 자세교정이 필요하다고 하시더라구요.. 나름 사무실에서 스트레칭도하고 했었는데 제대로 안한듯해서 교정밴드 구매했습니다. 근데 제가 체격이 작다보니 몸통쪽에 띠가 남습니다. 몸에 맞게하면 찍찍이 붙일공간이없어 그냥 배는 헐렁하게 대신 어깨쪽은 꽉 쪼이고 있습니다만 어깨끈. 한쪽은 고정이 안됩니다. 그나마 오른쪽끈으로 지탱가능합니다. 어깨끈도 상품상에 있는 여성분처럼 배중간에 절대 오지 않습니다. 그냥 옆구리에 옵니다. 몸통이 커서 별하나 뺐습니다. 밴드 찍찍이 짱짱합니다. xs 사이즈도 만들어 주시면 참 감사하겠습니다.
3,정말자세 교정이 될까 싶어요. 열심히 착용 해볼께요.
5,컴퓨터를 많이 하다보니 앞으로 구부러지게 되어 협착증전까지 가게 되었어요 아무리 허리를 피라고 해도 마음대로 되지 않는듯 해서 구매하게 되었어요 밴드가 어깨와 허리까지 땅땅하게 바로 펴주게 되어 저절로 자세교정이 됩니다 평소에도 착용하고 다니니 굽은 어깨와 앞으로 쏠려있던 거북목도 좋아지는게 느껴지네요 옆에서 보기에도 바른자세로 변하는게 눈으로 보여지니 매일매일 착용해서 보내고 있습니다
5,앉아서 컴퓨터 일 보고 있으니깐 자세가 항상 구부정해져서 어깨랑 목부분 통증도 있는데 밴드 사용하니깐 자세가 잡아주네요 답답할꺼 같았는데 착용하니깐 허리부터 자세를 잡아주니깐 더 좋더라구요 편해요
5,처음엔 익숙지 않은 자세를 강제로 잡아야 해서 힘들었는데 착용하다보니 등허리랑 어깨가 시원해지면서 뭔가 익숙해졌어요. 그동안 내 자세가 얼마나 개똥 같았는지 반성하며 자세교정도 교정인데 척추 좀 바르게 세우는 노력을 하려고 합니다.
2,어디에.쓸줄몰라 여기에 적습니다 상품잘못왔어요 싱크대발매트가왔드라고요 찾아가시고 제가산거 보내주세요
5,이거 완전 강추해요 집에서 항상 게임하고 그래서 허리가 구부정하게 있어서 엄청 아프더라고요 게임할 때도 이것 착용하면서 해요 허리가 덜아프네요
5,"살짝 일자목에 어느새 어깨가 말려서 앞으로 굽었더라구요 나쁜 자세로 인해 몸이 틀어져서 목어깨통증으로 고생중이에요 치료 받게 되면서 몸상태를 인지하게 되었고 앞으로 안아프기 위해 자세 교정이 필수겠다는걸 느꼈어요 집에서 스트레칭만으론 힘들것 같아 자세교정밴드를 구매했어요 정형외과 의사에게 물어보니 교정에 도움은 된다고 하시더라구요 목어깨통증이 심했던터라 구매해서 해보았네요 허리 펴고 어깨 펴기가 처음 쉽지 않고 감이 안온다 하시는분께 큰 도움 될것 같아요 착용해보니 허리와 어깨를 펴주고 유지하는데 도움이 되었어요 다만 착용하고서도 바닥에 앉아서 무언갈 하거나 그러면 허리를 숙이게 되니 그건 밴드착용해도 자세가 숙여져요 서서 활동할때, 의자에 앉아서 일할때 착용해서 효과를 보시길 추천해요 밴드 착용시엔 자세 유지가 중요하니 밴드만 믿지 마시고 허리와 어깨를 펴고 있는데 집중해야돼요 바닥 앉기 절대 노노! 답답한거 싫어하시는분들은 불편하실것 같아요 저도 답답한거 싫어해서 통증 나아지니 다시 안하고 있긴합니다 가격이 싼건 아닌것 같지만 아픈몸 치료를 위한거니 몸 안좋으신분들은 하나쯤 구비해두고 필요시마다 착용해보는것도 좋을것 같아요 후기가 도움이 되었다면 도움돼요 버튼 눌러주시면 감사하겠습니다~"
5,제품이 생각보다 좋아서 매일 사용해보고 있어요~ 허리도 많이 굽고 일하면서 모니터 앞으로 자주 가는 경향이 있었는데 그런것도 잡아주고 좋네요~
5,아이가 전에 다른 제품을 사용해보았는데 불편하다고해서 이 제품으로 구매해서 사용하보더니 편하고 자세를 잘 잡아준다고 하네요~
5,사무실에서 일할때 착용하려고 샀어요 디자인이 깔끔하고 옷입어도 티가 안나서 책상 의자 앉을때 한결 편해요 :)
5,굽은등 잘 펴주네요 컴터 많이 해서 굽었었는데 일주일째 착용결과 제품 퀄리티 좋고 내구성도 좋습니다 굿굿굿
5,사이즈도 너무 좋았고요 퀄리티가 아주~ 가격대비 정말 ~ 잘 산거 같습니다 저만 알고 쓰기 아까워서 엄마집에도 보내 드릴라고요^^
5,교정 밴드 다른 제품 사용하다 구매했는데 확실히 교정이 되는 느낌이 되네요 그렇다고 막답답하지도 않고 고정이 잘 되어있는거 같습니다
5,❤착용감이 편해요 ❤혼자서도 쉽게 착용할수 잇어요 ❤허리 지지력이 좋아요 ❤사이즈가 넉넉해서 좋아요 ✅구매이유 평소 자세가 안좋은 편이라 통증도 오고 한번씩 교정 치료가 필요 해서 교정원도 다니고 있던차에 보호 대 하고 집에서 바른자세로 한두시간이라도 하고 있음 도움이 될거 같아서 구매 했어요 ✅제품특징 s부터 4xl 까지 있어서 전연령 체구 크신분들 작은 분들 고민 없이 선택 할수 있는 제품이구요 벨크로 부분도 잘붙고 옷과 붙지 않는 타입이라 옷 손상 없이 편하게 착용하실수 있어서 좋은거 같습니다 어깨끈 부분도 아주 길어서 혼자서도 손쉽게 착용가능 해서 좋았구요 허리 부분을 잘지지해주고 배도 잡아줘서 상체 밸런스 균형 바른 자세 유지 하는데 아주 좋은거 같아요 남녀공용으로 착용 할수 있어서 더 좋구요 착용만 해도 3cm 키가 커질수 있다고 하니 너무 좋은거 같아요 바른 자세로 숨은키도 찾고 교정 까지 되서 일석 이조 제품 인거 같아요 어깨 등 허리 까지 완벽 하게 잡아주고 여름에도 시원한 메쉬소재라서 땀날 걱정 없이 땀나도 금방 마르는 소재 이기 때문에 사계절 편하게 사용 할거 같아요
5,이거 너무 좋아서 회사 직원들한테 강추하고 있어요 어깨가 전혀 말리지 않으면서 등에도 무리가 없더라고요 일상생활할 때 가볍게 입고 다니기 좋아요
5,"처음 착용했을 때는 자세가 많이 좋지 않았는지 10분 정도만 착용 했었는데 지금은 20분 정도로 늘렸습니다. *** 일단 허리랑 등이 쫙~~~ 펴지면서 어깨도 굽지 않고, 쫙~~~ 펴지지는 느낌이라 지금은 착용했을 때 불편한 느낌이라 아니라 편안한 느낌도 듭니다. *** 마감 꼼꼼하고, 깔끔하게 잘되어 있고, 착용감도 답답하지 않고 좋습니다. 혼자서 스스로 바른 자세를 잡는다는 게 정말 힘든데 이렇게 도움 받을 수 있는 교정기가 있으니 편하고 좋습니다. *** 사이즈는 상세 페이지에서 보고 주문 했는데 착용해 보니 딱 좋습니다. 만족합니다."
3,"제품 설명 중 '2XL사이즈, 176cm-76kg 잘 맞아요' 문구보고 2XL 제품 구매하였는데, 176cm-76kg인 본인은 제품이 너무 커서 벨크로 접지가 불능했습니다. 사이즈 교환 시도하려 했으나, 교환기능 없고 환불만 가능해서 그냥 주변 지인께 선물했습니다. 사이즈 신중하게 고려하고 구매하세요."
5,일하면서 거북목이랑 숄더가 점점 굽는거 같아서 체형 관리좀 해주려고 구매했습니다 꾸준히 써보려고요
1,어깨가 쓰라려 사진올림니다 그제 일하다 난 상처이고 하루쉬니 좋아짐. 이 현상이 계속된 반복으로 문의함니다 어깨끈 접착 부분이 자꾸 떨어짐. 운동이나 활동적인 일할때는 신중히 결정해야 하겠네요
5,써보고 좋아서 재구매합니다~ 자꾸 말리는 어깨러 통증 호소 하는 엄마가 써보시더니 넘 좋다고 하세요 ㅎ 자세도 펴지고 확실히 잡아주니 어깨 허리 통증이 줄었다고 하십니다 ^^
5,평소 자세가 구부정해서 그런지 어깨도 비대칭이고 허리가 아파서 도움이 될까하고 구매했습니다. 착용법은 어려운 것 없이 조끼처럼 입고 벨트처럼 고정시키면 되네요. 기본 티 위에 착용하고 있으면 일상생활이나 일할 때 자세가 구부정해지지 않아서 바른 자세 교정에 도움이 되는 것 같습니다. 전보다 허리와 어깨가 덜 아파서 좋아요. 메시 소재라 여름에도 사용하기 좋네요. 꾸준히 사용해서 바른 체형이 되었으면 좋겠습니다.
5,장시간 앉아서 일하다 보니 어깨랑 등이 자꾸 말려서 구매했어요. 착용하면 등을 세워주는 느낌이 바로 와서 자세 인식부터 달라져요. 조이지 않으면서도 탄탄하게 잡아줘서 불편함은 적고 안정감은 있어요. 옷 안에 입어도 크게 티 나지 않아서 출근할 때도 종종 착용 중이에요.
5,"평소에 컴퓨터를 오래 하다 보니 어깨가 자주 말리고 거북목이 심해져서 구매했습니다♡♡♡ 일단은 말입니다!!! 착용감은 생각보다 편하고, 밴드가 탄탄해서 처음엔 약간 조이는 느낌이 있지만 자세가 교정되는 느낌이 확실히 듭니다. 그리고 한두 시간 착용하고 벗으면 등이 펴지는 게 느껴지고, 어깨가 뒤로 자연스럽게 젖혀며 통기성 있는 소재라 여름에도 답답하지 않고, 옷 안에 착용해도 티가 많이 나지 않아 외출 시에도 부담이 없을것 같아요^_^ 그러다보니 꾸준히 사용하면 자세 교정에 도움이 될 것 같고, 하루 중 틈틈이 착용하기에도 무리가 없네요♡♡♡"
5,굽은 어깨가 보기 싫어서 구매했는데 생각보다 더 바른 자세를 만들어주어서 너무 좋네요^^
5,자세밴드 여러개 구매해봤는데 이게 가장 좋아요 ㅋㅋ 근무할때 착용하고 있는데 어깨가 자연스럽게 펴져서 편해요 일상생활하면서 착용해도 문제없어요
4,s사이즈 주문했는데 하단허리밴드부분은 벨크로 범위를 넘어서 착용되서 벨크로가 의미없어요ㅜㅜ 그래도 윗 부분에는 벨크로 범위 넓어서 어찌저찌 붙여서 사용해봐요
5,"최근에 부모님꼐서 어깨가 너무 아파서 정형외과에 갔더니 자세가 너무 안좋아서 그렇다는 이야기 듣고 바로 구매해드렸습니다. 집에서도 착용중이신데, 자세를 잡아줘서 너무 좋다고 하시네요 ."
1,사이즈도 맞추기 힘들고 착용하기 불편하네요
5,아들이 추천해줘서 구매했어요 어깨 잘 펴지고 좋네요
4,낫 베드 괜찮습니다 후회안하구요 하지만 제키는 190 몸무게 100 배가많이 나온사람으로 120사이즈를 주로 입는데 4xl 사이즈는 작더라구여 ㅋㅋ 배숨좀 들이키면 들어갑니다 좀더 큰사이즈가 있다면 더큰걸 사기를 바랍니다 ...
5,어깨가 말리고 목도 자주 아픈사람들은 교정밴드 하고 있으면 한결 피로감이 덜어지더라구요 허리랑 어깨를 꼿꼿하게 펴주니까 바른자세를 유지하기가 더 좋고 이렇게 계속 바른자세를 유지하다 보면 교정밴드 없이도 바른자세가 잘 돼서 어깨 아프고 목아픈게 훨씬 나아지는거 같아요
5,"저는 47kg, 1m60. s사이즈 맞아요. 편리하게 사용할 수 있는거 좋아요. 감사합니다."
5,아들이 살이 엄청 찌기 시작하면서 항상 자세를 구부정하게 다니길래 자세교정밴드를 구매해줬습니다. 생각보다도 디자인이 슬림해서 이질감이 크게 느껴지지 않고 불편함 없이 평소에도 착용하기 좋습니다. 벨크로 밴드로 되어 있어서 중학생 아들도 혼자 손쉽게 착용 가능하구요. 평소 더위를 많이 타서 걱정했는데 메쉬 소재로 통기성도 뛰어나고 땀 흡수가 잘 되서 장시간 사용하기에도 부담이 적습니다. 아직 아이라 한 번 착용하고 말지는 않을까 싶었는데 요즘 외모에 관심을 갖기 시작하면서 자세가 달라지는 것을 확인해 본 이후부터는 스스로 찾아서 쓰더라구요! 아무래도 일찍이 자세교정을 시작한다면 어른보다는 빠르게 효과가 있지 않을까 싶어서 구매해주길 잘 한 것 같아요. 잘 사용하겠습니다^^
5,"굽은 어깨, 굽은 등을 교정시켜서 강제로라도 펼 수 있어요. pc앞에서 작업하다보면 자연스럽게 등과 어깨가 굽어지게 되는데요 등에는 지지대가 들어 있어서 쫙~ 펴집니다. 어깨부터 허리까지 교정시키면 의자에 앉아서도 쫙~ 핀 상태가 돼요. 생각보다 자세 교정하는데 유용한 제품이에요. 체격이 좀 좋아서 사이즈 큰걸로 했는데 다행이 딱 맞네요. 제품 튼튼하고 좋아요."
5,부모님 사용하시라고 구매했어요 사이즈 딱 맞고 착용하자마자 허리가 쫙 펴져서 효과가 좋더라구요 불편함 없이 착용감이 좋고 부드러운 재질이라 피부에도 부담이 없어요 ㅎㅎ
5,거북목도있고 어깨도 다 결리고 자세도 안좋아서 요즘 계속 쓰고 있는데 쓸수록 좋네요 오래써도 안불편하고 자세가 쫙 펴지는것 같아요 소재도 좋고 통기성 좋아서 답답하지도 않네요 굿~!
5,착용법이 간단하고 어깨가 시원해요 체구가 작은편인데 S사이즈 딱 맞고 도수치료 받으면서 착용하고이써요 자세교정이 조금씩 되고 있는 것 같아요
5,처음 배송 온대로 착용 했는데 헐렁하더라구요. 내가 잘못 시켰나 했는데 허리로 둘러서 조이니까 딱 맞네요. 교정 잘 되고 잘 쓰고 있습니다.
5,"사무직이라 오래 앉아 있다 보니 자세가 많이 무너져서 등이 굽었단 이야기 많이 듣는데 이 교정 밴드 착용하니 등이 자연스럽게 펴지고 어깨도 덜 말려서 확실히 편해요. 처음엔 조금 낯설었지만 금방 적응되고, 오래 착용해도 압박감이 심하지 않아 만족스럽습니다. 꾸준히 쓰면 자세 교정에 도움이 될 것 같아요."
5,탄탄하게 어깨랑 등을 잘 잡아줘서 자세교정에 좋네요 체구가 좀 작은편이라 스몰 사이즈로 했더니 작지 않고 딱 맞게 착용하고 있어요 품질 좋네요
5,앉아서 컴퓨터를 너무 오래하다보니 자세가 다 무너져서 경각심이 들던 차에 구매했어요. 확실히 자세를 바르게 잡아주고 바른 자세할 때 힘도 덜 들어요. 어깨도 펴지고 거북목도 들어가는 느낌입니다. 완전 만족해요
5,이게 되려나.. 반신 반의 히면서 구매했는데 컵퓨터 작업한 후에 거북목을 펼 수 있어서 등 통증 완화에도 도움 받고 있습니다. 컴퓨터 작업 중에도 입고 작업하면 목이 앞으로 빠지지 않고 허리를 펼 수 밖에 없어서 훨씬 좋습니다. 나이 들수록 자세 때문에 오는 통증이 많다고 하는데 이런 가벼운 제품으로 병원 출입 덜 할 수 있게 되는 거 같아 좋습니다. 그런데 설명서에 사용 방법이 “HOt to do” 라고 적혀 있어서 ㅎ 살짝 믿음이 떨어 졌었지만 잘 사용하고 있습니다. 하실 수 있으면 설명서 영어 표기를 How to do 로 고치시면 좋겠습니다~^^;;
4,"배의 찍찍이 면적이 작아서 배거 제대로 안조여짐, 어깨끈 당기면 약간 헐렁한 배 부분이 쓱 올라가버림... 한 치수 작은걸 사용해 볼까? 사이즈 한치수 작게 사면 어깨끈 부분이 짧아 배부분 까지 잘 안닿고 그만큼 끈을 강하게 당기니... 배 부분이 끌려올라감 복부 부분의 찍찍이 면적만 조금더 넓히면 그만큼 다양한 사이즈의 체형을 커버할텐데... 사이즈가 딱맞지 않는한 불편함이 약간은 존재할겁니다."
5,배송받자마자 착용해봤는데 생각보다 훨씬 편하고 견고하게 잡아줘 놀랐습니다. 평소 어깨가 자꾸 앞으로 말려 스트레스를 받았는데 이 제품을 착용하면 자연스럽게 열리면서 자세가 잡히는 게 느껴져요. 과하게 조이지 않으면서도 등과 어깨를 자연스럽게 펴주니 하루 몇 시간 착용만 해도 자세가 달라지더라고요.
5,허리가 점점 굽는 것 같아서 구매를 해썽요 교정밴드 집에서만 착용하고 있는데 허리가 덜 굽어지는 느낌이 들어요 진짜 좋아요 길이감도 적당하고요
5,바른자세 유지하기 힘들었는데 밴드 착용하니까 도움되네요 처음엔 어색하고 불편했는데 어깰아 등도 잘 펴지고 바른자세 유지하는데 도움되요 사이즈도 잘 맞고 매일 착용해도 불편함 없고 좋았어요
5,목디스크 있는 남편에게 사줬어요. 어깨도 있고 덩치도 조금 있어서 4xl 샀는데 착용감은 나쁘지 않데요. 맨 몸에는 쓸릴꺼 같아서 꼭 옷 위에 입으셔야 할것 같고 하고 있으면 의식적으로도 바른 자세를 유지 할 것 같네요. 더 사용해보고 추가적으로 리뷰 할께요
5,품질과 디자인 모두 만족합니다 바른자세로 유지할 수 있어서 좋습니다 자고 일어나면 등이 늘 아팠는데 자기 전까지 제품을 착용하고 일어나면 통증이 점점 줄어드는 것 같습니다.
5,"하루 종일 컴퓨터 앞에 앉아 있는 직장인이라 그런지, 어느 순간부터 어깨가 안쪽으로 말리고 거북목도 점점 심해지는 걸 느끼고 있었어요. 자세가 안 좋다 보니 목이나 어깨 결림도 자주 느껴졌고요. 그래서 조금이라도 교정해보자는 생각으로 정직한닥터 바른 자세 교정 밴드를 구매하게 됐습니다. 제가 체격이 있는 편이라 사이즈 때문에 고민했는데, 2XL로 선택하니까 딱 맞더라고요. 착용 방법도 복잡하지 않고 간단하게 어깨에 걸쳐서 조절해주면 되니까 아침에 출근 준비할 때 부담 없이 할 수 있습니다. 처음엔 약간 어색하고 조이는 느낌이 있었지만, 10~15분 정도 지나면 몸이 적응해서 점점 편안해지더라고요. 가장 만족스러운 점은 자세에 대한 인식이 생긴다는 것이에요. 밴드가 너무 강하게 교정하려고 밀어붙이는 스타일이 아니라, 내가 스스로 자세를 신경 쓰도록 도와주는 느낌이라 부담이 없고 꾸준히 착용하게 돼요. 장시간 착용해도 압박이 심하지 않고, 옷 안에 착용해도 크게 티 나지 않아서 사무실에서도 무난하게 사용할 수 있었습니다. 하루 1~2시간 정도 꾸준히 써보니 확실히 어깨가 펴지는 느낌도 들고, 앉아 있을 때 자세가 흐트러지지 않아 업무 집중도도 조금 좋아진 것 같아요. 운동 전이나 집에서 TV 볼 때도 착용하면 틈틈이 자세를 잡는 데 도움이 되고요. 퇴근 후에도 어깨가 훨씬 덜 뻐근해서 만족하고 있습니다."
5,라운드 숄도 고치고 싶은데 코어힘이 약해서 자세 유지하기 힘들더라고요. 그래서 보호대의 힘을 빌려보려고 샀는데 튼튼하고 자세 고정도 잘 돼서 잘 산거 같아요.
5,"정직한닥터 바른 자세 교정 밴드 어깨 숄더 남녀공용 허리가 자꾸 아파서 잠에서 깨는데 구부정한 자세, 어깨까 자꾸 앞쪽으로 쏠리고 허리도 굽어지는 느낌이 들어서 바른 자세 교정 밴드를 사용해야 겠다 싶어서 구매했어요. 지지대가 있어서 고정에 도움이 되고 2중밴드라서 사이즈에 맞게 조절이 가능해서 사용하기 좋아요."
5,저렴하게 잘 산것 같고용 어깨가 자연스럽게 펴지면서 라운드 숄더도 개선되는 느낌이 들어요 처음에 착용감이 조금 어색했지만 금방 적응되기도 했고 오랜 시간 동안 착용해도 불편하지 않아요
5,라운드 숄더라 착용하고부터 어깨가 펴져서 좋아요. 솔직히 불편하면 아무리 좋아도 안하게되는데 일상생활 불편함없이 움직일수 있어서 좋습니다
5,"요즘 거북목에다 어깨가 자꾸 굽는 느낌이 들어서 자세를 좀 교정해보려고 정직한닥터 바른 자세 교정 밴드를 구매했어요. 솔직히 이런 제품들 착용감이 불편할까 봐 걱정했는데, 이건 생각보다 착용감이 부드럽고 어깨 눌림이 거의 없어서 오래 착용해도 괜찮았어요! 처음 며칠은 살짝 어색했지만, 하루에 몇 시간씩 꾸준히 착용하니까 자세가 조금씩 펴지는 게 확실히 느껴졌어요. 거울 볼 때마다 어깨가 덜 말려있고, 목 라인도 조금 정돈된 느낌이라 만족 중이에요 저는 허리둘레 약 70cm 이하인데 M사이즈는 약간 여유가 있었어요. 비슷한 체형이신 분들은 S사이즈로 가도 충분히 맞을 것 같아요! 너무 조이지 않으면서도 탄탄하게 잡아주는 느낌이라 운동할 때나 공부할 때 착용해도 부담이 없어요. 요즘은 집에서도 틈틈이 착용하면서 자세 교정 겸 스트레칭 효과까지 보고 있어요. 가격 대비 퀄리티 괜찮고, 디자인도 깔끔해서 속옷 위에 가볍게 착용하기 좋아요. 결론 어깨가 굽어서 자세 교정 고민인 분들께 완전 추천드려요! 가볍고 착용감 편해서 꾸준히 하다 보면 진짜 자세 교정에 도움돼요✨"
5,"자세가 안 좋아서 진짜 바른자세로 있음 더 아프고 불편하거든요. 근데 이거 지금 안 고치면 완전 굳어진다고 해서 큰맘먹고 서있는 자세, 앉아있는 자세 고쳐볼라고 매일 착용중이네요. 몇일만 견디면 적응은 되니 버티시길.."
5,정직한닥터 약국입점 바른 자세 교정 밴드 어깨 숄더 남녀공용 사무실에 있으면 자세가 나도 모르게 굽는거 같아서 자세 교정 밴드를 사서 착용해 봤는데 확실히 자세를 잡아줘서 그런지 등이 펴지는 느낌이 들어서 사무실에서 계속 사용하면서 일하고 있는데 편하고 좋네요.
5,에어메쉬 원단으로 되어있어 요즘같은 날씨에도 더운느낌 없이 쾌적하게 착용이 가능해서 좋아요ㅎㅎ 자세가 안 좋아서 허리가 구부정하고 자주 결렸는데 자세교정밴드로 매일 교정하는 시간을 가져주니 지금은 훨씬 좋아진게 느껴집니다~^^
5,"책상 앞에 오래 앉아 있다 보니까 어깨가 자꾸 말리고 허리도 구부정해서 샀는데, 생각보다 효과가 확실해요."
5,요거 기존에 자세교정차 잘 쓰고있는 제품인데 아빠도 하나 있으면 좋겠다하셔서 같은 제품으로 사이즈만 다르게 주문해 드렸어요 요거 가방메듯이 착용하고 허리만 조여주면되어서 착용도 편하고 불편함 없이 탄탄하게 잘 잡아주더라고요 저도 이거 꾸준히하고 효과 많이 봐서 주문해 드렸습니다 사이즈 잘 맞는다고 하시네용 ㅎㅎ
5,하루종일 책상에 앉아있다보니 저도 모르게 어깨가 많이 굽었더라고요 ㅠ 좀 교정해보고 싶어서 급 구매했어요
5,"맨날 거북목 의 라운드숄더 너무 컴플렉스여서 신경 쓸 때마다 스트레칭도 하고 요가도 해 주는데 생각보다 잘 교정이 안 되더라구요 꾸준히 올바른 자세를 유지 하는 게 너무 힘들어서 바른자세 밴드를 사 봤어요. 상세페이지에 나온 대로 사이즈 확인하고 샀더니 딱 맞아요 착용 하는 방법도 간단하고 움직이는데 불편함이 없어서 계속 착용가능 하겠더라구요 이 밴드 착용 안하고 집에 있으면 그냥 나쁜 자세로 널부러져 있는데, 이 밴드를 하고 나서 의식적으로 계속 체험을 똑바르게 하게 됩니다. 꾸준히 써볼 생각이에요."
5,평소 컴퓨터 앞에 오래 앉아 있다 보니 어깨 통증과 거북목 증상이 심했어요. 지인 추천으로 알게 된 교정밴드 착용 후에는 업무 볼 때나 공부할 때 바른 자세 유지하려고 신경쓰게 되니 자연스레 몸 건강에도 도움이 되는 것 같아요.
5,저도 모르게 어깨가 구부정해지고 있어서 자세교정밴드 얼릉 주문했어요 초음엔 안 하던 걸 하려니 많이 불편하더라구요 그래도 자꾸 하니까 큰 불편함없이 일하면서도 착용할 수 있겠더라구요 어깨가 조금 펴지는 느낌이 들어 좋네요 자세를 잘 잡아주는 것 같아요
5,컴퓨터 앞에 오래 앉아 있다 보니 어깨가 많이 굽고 허리가 아파서 자세 교정 밴드가 좋다는 말에 여러 제품을 찾아보다가 주문했어요 2xl로 사니 넉넉하게 잘 맞네요 처음 착용했을 때는 약간 어색했지만 몇 시간 착용하니 자세가 확실히 교정되는 느낌이 들더라고요 꾸준히 사용하면 자세교정에 도움 될 것 같아요
5,"어빠랑 저는 컴퓨터를 많이 하는 직업이다보니까 자세가 점점 거북이 처럼 변하는거에요ㅜㅜ 그래서 자새를 바로 잡기 위해서 자세교정밴드를 구매했어요!! 착용하는 방법은 매우매우 쉽지만 처음 착용할때는 되게 어색한 느낌이 있어서 저는 적응하는데 좀 힘들었는데 아빠는 되게 금방 적응 하셨더라구요! 제 생각엔 어깨가 많이 말려있거나 굽은 등이 심하면 적응하기 어려운거같아요,,ㅎ m 사이즈인데 아빠랑 저랑 같이 착용하기 전혀 불편함이 없고 착용후에 돌돌돌 말아서 지퍼백이나 다른 파우치 같은 곳에 보관하기 좋아서 여행갈때나 회사에 들고 다닐수 있는 부피감이 여서 너무 좋은거같아요! 여름이여서 옷 위에다가 착용하면 땀때문에 많이 불편할까 걱정이였는데 매쉬 소재로 되어 있어서 통기성도 뛰어나고 땀 흡수가 잘 되서 장시간동안 착용해도 불편함이 전혀 없었습니다! 틈틈히 착용해주고있는데 착용 하지 않을때도 몸이 교정밴드를 입은거처럼 자세를 유지하려고 해서 계속 꾸준히 착용해서 굽은등과 말린어깨를 고쳐야겠어요!!"
5,"장시간 앉아 있다 보니 어깨 말림이 심해서 구매했어요. 착용하면 자연스럽게 어깨를 뒤로 잡아줘서 자세 교정에 도움이 됩니다. 무리하게 조이지 않고 편안하게 받쳐주는 느낌이라 부담 없이 착용 가능해요. 옷 안에 입어도 크게 티 나지 않고, 가볍고 통기성도 괜찮아서 일상생활 중에도 착용하기 좋았습니다. 약국 입점 제품이라 그런지 마감도 깔끔하고 신뢰감이 가요. 처음엔 짧은 시간 착용하다가 점점 늘리면 좋을 것 같아요. 거북목·라운드숄더로 자세 고민하시는 분들께 추천합니다"
2,~~구매후기~~ 1.배송: 로켓배송으로 주문해서 배송은 하루만에 왔어요.배송상태는 양호했지만 포장 퀄리티는 가격에 비해 조금 저렴하지않나 느꼈습니다. 2.제품상태: 어깨끈을 교차해서 연결하는 부분이 마감처리가 굉장히 지저분하고 너무 약해보였고 아니나다를까 어깨끈을 넣을때 점차 뜯어지다가 착용하여 끈을 당길때 터저버렸습니다. 동봉되어있던 설명서도 영어로 되어있고 내용도 부실했습니다. 3.착용감: 고2학생 160/60 정도이며 상체가 많이 작습니다. 하루에 4시간 정도 착용했습니다. m사이즈를 입었을때 당겨서 입으면 배부분은 조금 남았고 어깨끈은 많이 남았습니다. 체구는 작지만 배쪽이 조금 나오신 분들은 조금 크게 주문하시는게 좋을 것 같습니다. 겨드랑이 사이에 어깨끈이 있는 형태여서 겨드랑이가 아플 수 밖에 없다는 점 알고 계셔야 할 것 같습니다. 4.총평: 당장 필요해서 검색해보지 않고 쿠팡추천으로 바로 샀는데 조금 더 알아보고 구매할 걸 조금 후회도 되지만 어깨쪽에 조금만 덧대어서 사용할려고 합니다.가격에 비해서 마감이나 퀄리티가 아쉬웠고 착용감도 어깨쪽을 조금 더 두껍게해서 착용감을 더 좋게 했으면 어떨까 싶습니다. 벨크로도 끈에 조금 더 길게 부착해서 끈이 더 안정적으로 부착될 수 있게 개선됬으면 좋겠습니다. 설명서도 한국어버전으로 바꾸고 몇시간 동안 착용해야되는지 착용 방법도 조금 더 자세하게 설명되어 있었으면 좋겠습니다.
5,씨자로 많이 굽는단은펴기위해 샀어요이런 강제적인걸 해야 조금이나며 자세 바르게 하게 되네요사이즈나 착용햇읆다 과하게 쪼이고 하는거 없어요 생각보다 편하게 착용해요
5,어깨라인을 잡아주고 척추를 바로 세워주니깐 너무 좋네요! 사이즈도 불편하지 않고 옷안에 입기 너무 편하네요 꾸준히 사용하려구요~
5,꾸준히 사용하니 등허리가 조금씩 펴지네요
5,"자연스럽게 어깨가 펴지고 등이 곧게 펴지면서 자세가 훨씬 바르게 교정되는 게 느껴져요 평소에 구부정하게 앉아 있던 습관이 있었는데 이 밴드를 착용한 이후로 자세가 많이 개선된 것 같아요 보통 이런 제품은 착용하고 나면 불편하거나 피부에 자극을 주는 경우가 많은데, 이 제품은 부드러운 소재로 만들어져서 피부에 무리를 주지 않고 편안하게 착용할 수 있어서 마음에 들어요 특히 여름철에도 땀 흡수력이 좋아서 답답함 없이 사용할 수 있어서 좋네요 저는 체구가 작은 편이라 S 사이즈를 사용했는데, 정확히 몸에 맞게 조절할 수 있어서 딱 좋아요~"
5,핸드폰 사용을 많이 하다보니 거북목과 어깨등등 자세 교정용으로 구입했습니다 착용하기 쉽습니다 조끼 입듯이 끼우면 되구요 밸크로 조절도 가능합니다
5,"굽은등에 효과적이라고해서 구입했습니다. 실제로 사용해보니 확실히 어깨가 펴지는 느낌이 나네요 처음엔 약간 어색했지만 몇 번 착용하니 익숙해지고, 자세가 자연스럽게 교정되는 게 느껴져요. 하루 종일 컴퓨터 앞에 앉아 있어도 어깨 결림이 줄었고, 착용감도 부담스럽지 않습니다. 밴드가 탄탄하면서도 부드러워 편하게 사용할 수 있을 것 같아요. 꾸준히 착용하면 자세 교정에 도움이 될 듯합니다. 만족스러운 제품이에요."
4,"몸에 잘 맞는 형태이구요 정확히 잘착용하면 어깨, 허리가 쭉 펴지는 느낌은 있어요 다만 장시간 착용시 목쪽 겨드랑이쪽 쓸리는 느낌있구요(안에 티 착용한 상태, 살에 닿지 않은 상태) 그럼에도 성능은 괜찮은거 같아요. 가성비 최고. 보통체형에 좋구요 배가 좀 나오신 편이라면 어깨 펴질정도로 텐션 주셨을때 호흡이 조금 불편하실수 있어요(배꼽위 명치부근이 허리 밴딩이구요. 어깨 펴질정도 텐션 아니면 아무런 효과를 주지 못해요) 참고하세요. 참고로 일반 티 L입으신다면 2xl주문 하셔야해요 그밑으론 작을듯"
5,착용이 쉽고 단단하게 잡아주네요 착용하면 촤악 제 몸에 감겨서 싸악 당겨집니다 어깨 특히 잘 펴지고 굽은 어깨가 펴집니다 ㅋㅋ 허리도 탄성감 있게 잘 잡아주고 밴드들이 몸에 잘 고정이 되서 입고 있으면 몸이 오히려 더 편안합니다 일주일 정도 했는데 많이 교정 된 듯 합니다
5,이거 착용하면 억지로라도 말린 어깨가 펴지니까 좋아요 자세 교정도 되고 불편함 없어서 잘 쓰고 있어요 계속 쓰다보면 바른 자세 유지에 도움 될것 같네요. 잘 써볼게요!
5,썸네일 몸짱에 반해서 바로 구매했습니다... 저도 바른자세 사나이가 되어야겠습니다 ..
5,퀄리티 좋고 편합니다 재질이 가벼우면서도 통기성 좋고 튼튼해서 마음에 들구요 데일리로 장시간 착용해도 불편하지 않아요 지지대가 척추를 곧게 펴줘서 말린 어깨 등 골반까지 바른 자세 유지하는데 많은 도움이 되는데 특히 어깨와 복부에 동시에 띠를 두르니 어깨만 펴주는게 아니라 복부에도 힘이 들어가 튀어나온 흉곽과 배도 집어넣게 되는 효과가 있어요!
5,"어깨가 자꾸 구부정해 자세교정에 도움을 받 고자 구매했어요. 약국 입점 제품이라 그런지 마감이 정말 탄탄하고 믿음이 가네요. M 사이즈를 선택했는데, 너무 조이지 않으면 서도 등 근육을 팽팽하게 잡아주는 힘이 좋아 요. 옷 안에 입어도 생각보다 티가 덜 나고, 소재 가 부드러워 겨드랑이 통증 도 거의 없어 요. 의식적으로 바른 자세를 유지 하게 해줘서 퇴근 후 뒷목 뻐근함이 많이 줄었 습니다. 진작 살걸 그랬어요."
5,기존에 쓰던거 조카 공부할 때 바른자세 하라고 주고 저는 좀 더 큰사이즈로 구매 했습니다 구부정한 자세 습관 때문에 등도 살짝 휜 상태고 거북목도 심했어서 자세교정밴드 착용하기 시작했어요. 살짝 구부릴라 치면 쫀쫀히 잡아주니까 아차 하면서 다시 바른자세로 고쳐 앉게 되더라구요 운동할 때 착용하고 나가도 확실히 도움이 되요
5,저희 남편은 정밀세공같은걸 해서 직업특성상 어깨랑 등이 많이 구부려질 수 밖에 없어요. 그래서 그런지 퇴근하고오면 어깨도 많이 뭉치고 등도 많이 결려하더라구요ㅜㅜ 매번 마사지받는것도 쉽지않아 자세교정밴드를 구입했습니다! 정직한닥터 자세교정밴드는 어렵지않게 착용이 가능하고 착용하자마자 말려있던 어깨가 펴지는게 보였어요~ 착용만 하고있어도 스트레칭되는 기분이어서 시원하다고 좋아하더라구요ㅋㅋㅋㅋㅋㅋ 소재가 부드럽긴하지만 타이트하게 착용해야하기때문에 맨살이나 민소매옷에 착용하는것 보다는 반팔이나 긴팔옷을 입고 착용하는게 좋을것 같아요 :-) 몇일 착용하고 출근하더니 확실히 어깨가 덜아프다고 좋아합니당~ 착용감도 좋고 교정효과도 좋아서 꾸준히 착용할 예정이라고합니다!
5,등이랑 어깨가굽어서 구매하게되었는데요. 꽉 쪼이니까 등이 펴지는 효과는있더라구요 뒷모습만찍었는데 앞에는 밥먹고 착용하기는 살짝불편했어요 꽉쪼이려면 배에도 꽉 해야되는데 그럼 배에 압박이와서 식후 착용은 살짝불편했어요 그래도 적응후에는 집에서도 자주 차고있게되고 잘때는 벗어두고 취침하는걸 추천드릴께요 밖에나갈때는 보여서 착용은안했는데요 집에서만 착용하고 집안일하거나 쉴때 다 괜찮은거같아요 잡아주는 영향은있는거같아서 전 괜찮은거같아요 ^^* 등이나 어깨 피고 다니거싶으신분들은 구매해서 착용해도 괜찮을꺼같네요!
5,어깨가 많이 결리고 아팠던 이유가 바른자세가 아니어서라고 하더라구요 그래서 주문하고 써봣는데 얼마나 그동안 자세가 안좋았는지 바로 체감함 .. 허리가 바로 세워져서 좋네요
5,애기낳고 어깨 목 등이 아파서 가니 거북목이라고..두둥.. 더 진행되기전에 무서워서 자세교정밴드 사봤어요 딱 잡아줘서 말려있는 어깨가 펴지네요
5,자세를 신경써서 고쳐잡아도 시간이 지나면서 나도모르게 구부정해지는데 자세교정기 착용하니 집중을 안해도 계속 바른자세로 잡아주니 허리나 거북목이 조금 덜해진 것 같아요. 계속 사용하면서 바른 자세가 익숙해지면 좋겟네요! :)
5,업무를 하다보면 자세가 구부정하게 되서 퇴근할때쯤 허리가 아프다해서 남편 자세 교정하라고 구매했는데 굿초이스! 구부정했던 자세가 자세교정밴드하니까 착용하고 있는동안은 자세신경쓰게되고 허리가 쫙 펴진 상태로 있게되서 좋다고하네요! 허리부위 매쉬부분도 있어 통기성도 좋고 무의식중에서도 허리교정해주니 구웃!
5,"4xl 사용자입니다. 제품은 편하고 사용목적에 부합하나, 사용자의 신체적 비율을 고려하여 다음 제품 리뉴얼시 세로길이를 한 5~7cm 정도 늘려주셨으면합니다."
5,라운드숄더에 구부정한 자세가 습관이라 고쳐보려고 시켰는데 좋아요~ 바르게 자세 잡을수있게 잘 도와주네요 ㅎㅎ 불편하지 않아서 일상에서 잘 쓰고 있어요 꾸준히 바른자세 잘 잡아보려구요~
5,빠른 배송 감사합니다 주변에서 하도 라운드 숄더라고 해서 한번 고쳐보려고 샀어요
1,사진에 나오는건 아래 허리까지지만 허리도 안옴
5,사무실에 앉아서 일하다보니 자세도 엉망이구 승모근때문인 건지 거북목이 넘 신경쓰여서 관련 제품 알아보다 구매했어요 자세교정밴드답게 굽은어깨도 딱 펴진 어깨로 유지 시켜주는 게 넘넘 좋네요 착용감은 편하고 좋은데 활동이 조금 불편한 건 자세 교정하느라 그런 거겠죠? ㅋㅋㅎ 친절하게 그림 가이드도 있어서 쉽게 착용했아요 ㅎㅎ 살이 좀 쪄서 2XL로 했는데 딱이네요 어차피 찍찍이라 괜찮지만요 ㅎㅎ 열심히 써서 자세교정도 하구 거북목 탈출해보겠습니당
5,저한테 잘 맞는 사이즈에요 어깨가 좀 많이 굽어있는데 이거 착용하니까 자세잡아주네요 허리 탄탄해지는기분
5,퀄리티가 넘 좋아용 메쉬 소재로 되어있어서 통기성도 좋구 잘 만들어졌어요 만족하며 사용중입니다><
2,어깨 밴드쪽 엑스교차 후 허리로 벨크로를 부착해야하는데 밴드 길이나 벨크로 면적이 작아 붙질 않음…
5,굽은 허리와 통증이 있는 허리를 위한 좋은 선택이었어요 ^^ 허리와 배를 전체적으로 감싸주니 안정적으로 자세 교정이 되는거같아요 :D 신축성이 좋아서 움직이기 편해요 :)
5,"아버지가 나이들면서 등이 계속 굽는다고 하셔서 ㅠ 구매했는데, 배송도 빨랐고 제품도 좋네요! 허리에 힘을 덜 들여지고 어깨랑 등이 잘 펴진다고 합니다 ~!"
5,"추천사이즈 표대로 본인 키, 체중 참고해서 4XL로 주문했습니다. 몸에 비해 크면 탄탄하게 몸을 지탱해주지 않을 것 같아 걱정했는데 직접 착용해보니 교정 목적에 맞는 아주 적절한 사이즈라고 생각되었습니다. 어릴 때부터 책상에 앉아있는 시간이 많다보니 자연스럽게 구부정한 자세가 자리 잡았고 항상 목, 허리 등에 불편함을 느꼈습니다. 자세가 잘못되었다는걸 인지하고 있으면서도 얼마못가 무너지는 자세에 어떻게 고칠 수 있을까 자주 고민했습니다. 그러던 중 이 제품을 구매해보았네요. 사용 권장 시간도 하루 2~3시간이기에 집에서만 사용하고있습니다. 착용하면 어느누구나 바른자세를 할 수 밖에 없습니다 ㅎㅎ 몸이 쫙 땡기고 펴지는 느낌을 받아 좋습니다. 시원하다는 느낌이 듭니다. 실제로 착용하는 방식은 번거롭지는 않으나 의자에 앉기 전 착용하는 행위 그 자체가 번거롭게 느껴지긴 합니다. 근데 누구든 한번 이 시원함을 느낀다면 고민없이 자주 챙겨입을거라 생각합니다. 아직 한달밖에 안돼 효과에 대해 말하기는 섣부르지만 착용하는 순간만큼은 몸이 펴지는 느낌이 체감되어 꾸준히 착용하다보면 변화도 기대해볼 수 있을 것 같습니다."
5,바른자세 하려고 신경을 많이 쓰는데도 나중에 보면 구부정하더라구요 거북목이랑 어깨도 너무 아파서 자세교정밴드로 도움을 받아보려고 주문했는데 정말 잘 한것 같아요 처음엔 어색해서 불편했지만 어깨랑 등이 펴지다보니 시원하면서 바른 자세를 계속 유지 할수 있어서 너무 좋아요 꾸준히 착용하려구요^^
2,"글쎄요. 이것이 맞는건가? 의문점 어께가 너무불편하고, 바른 자세가 도움이될까? 하는 의문 너무 불편해서 다시 한번 입어 보시고 수정 한번 해야할듯..."
5,허리가 엄청 구부정 한편이어서 목어깨가 엄청 아픈데 이거 사용하고 나서 의식적으로라도 고정하려고 하니깐 허리가 없청 꼿꼿해져서 완전 편해요~
5,거북목 증상이 점점 심해져서 어깨 통증과 두통까지 생겨서 병원치료 받고 있는데 의사선생님께서 바른자세 유지하라고 하시더라구요. 직장생활 하다보면 계속 모니터 앞에서 고개 숙이고 일하게 되는데 어떻게 해야하나 고민하다가 친구 추천으로 구입했어요. 착용하니까 등이랑 어깨쪽 잡아주니까 의식적으로라도 바로 앉게 되고 지금은 예전보다 좋아진 거 같아요.
4,평소 사무실에서 일만하다보니 스트레칭을 할 일이 없는데 등허리어깨를 쫙 펴주는 효과는 좋은거 같아요 근데 전 좀 거구라서 착용하기가 매우매우 어려운 부분이 있습니다 그리고 몇번 쓰다보니 적응이 된건지 아니면 늘어난건건지 모르겠어요
5,거북목이 진짜 심햇는데 이거는 뭐 입으면 바로 쫘악 펴져서 어깨 아팠던게 덜 해져서 완전 좋으네요 착용도 편하고 일하면서 아주 잘 쓰고있습니다
5,오래 착용하지 않고 하루 3번 2시간씩 자세교정 하고 있어요. 저도 모르게 고릴라자세를 하고 있어 인식을 하고 교정을 할려고 해도 자세가 굳어 다시 돌아 오네요. 지금은 착용한지 두달이 넘어서 말린 어깨도 펴지고 굽은 등도 펴졌어요. 꾸준히 하는게 자세교정에 좋고 무거운 짐이나 허리굽는 자세를 할 경우 필수가 되었어요. 허리가 굽은 상태에서 무거운 짐이나 오래 서 있을 때 착용하니까 허리도 덜 아프고 허리를 받쳐줘 다칠일이 없는 것 같아요
5,거북목에 굽은 어깨까지 있어서 헬스장에서 교정 운동을 하고 와도 집이나 회사에서 금방 자세가 무너져서 이걸로 고정하려고 구매했습니다. 자세를 올바르게 딱 잡아주니까 처음에는 불편했는데 점점 편해지더라구요. 그리고 특히 자세 교정 운동할때 덜 아픕니다! 그동안 계속 망가진 자세로 대분분 생활하고 있어서 운동할때 더 아팠던것같아요!! 사무직이라 거북목이 심했는데 이거하니까 자세가 많이 나아져서 목도 덜아프고 운동효과도 더 나고 강추입니다!
5,"스마트폰, 모니터 대표적으로 거북목 원인인 녀석들을 자주 보는 터라.. 의식하지 않으면 거북목 되는거 금방이래서 잡아주고 있습니다 목디스크오기전에 잡아줘서 다행이네요 감사합니다"
4,"어느정도 어깨를 펴주는 효과는 있는데 어깨를 더 잘 피려고 찍찍이를 당기면 겨드랑이가 좀 쪼이더라고요. 의학적인 효과를 기대하시는 분들께는 비추이지만, 말린 어깨 스트레칭 정도로 생각하신다면 추천입니다!"
5,아버지가 매우 만족해 하셨어요 어깨 피는용은 여성용이 많아서 별로라고 하셨는데 이건 사이즈도 잘맞고 편하게착용가능하다고 하시면서 만족해하십니다
1,부착력이 거의없음 내 어께힘이 더쌤 반발되는힘때문인지 거북목처럼됨 찍찍이가없어서 계속 떨어지니 바로버림
5,"어깨 교정이 필요해서 구매했어요. 요즘 주변에도 거북목이신 분들이 많고, 지금 자세를 바로잡지 않으면 나이가 들어서 허리나 목 건강이 나빠질 수 있다고 해서 미리 교정을 시작했습니다. 착용 전에는 목이 자주 결리고 허리 통증도 있었는데, 착용 후에는 이런 점들이 확실히 좋아졌어요. 착용해도 전혀 불편하지 않고 활동할 때도 무리 없이 사용할 수 있어요. 무엇보다 자세가 많이 좋아졌다는 얘기를 자주 들어서 더 꾸준히 쓰게 됩니다. 주변에서 어디서 샀냐고 많이 물어봐서 저도 계속 추천하고 있어요. 앞으로도 계속 착용해서 좋은 자세를 유지하려고 해요."
5,"계속 컴퓨터 작업 하다 보니 어깨가 앞으로 말리면서 이상해졌는데, 쫙 잡아주면서 거북목 라운드숄더 등 통증들이 많이 좋아진 것 같아요 ~! 짱짱하게 잘 잡아주네여 ~ :)"
5,"신장 160 중반대, 정상체중 여성 기준 S사이즈 잘 맞습니다!! 사이즈 참고하세요!! 사무직으로 n년간 일하다 보니 아무래도 목 어깨 허리가 앞으로 휙 굽고 계속 뭉치더라구요... 이렇겐 살 수 없다 싶어서 교정차 구매해봤습니다. 일단 전 이번이 첫 번째 교정밴드 구매가 아니었는데요, 처음에 구매했던 다른 밴드는 어깨에 멍이 들 정도로 냅다 그냥 압박만 해주는 그런 느낌이었어서 두어 번 쓰고 그냥 방치 엔딩으로 끝났고, 두 번째 밴드는 등 지지판이 너무 딱딱해서 도저히 쓸 수가 없길래 바로 반품 엔딩... 다사다난했었습니다. 그래서 사실 반신반의하면서 구매한 건데 여기 정착해야 할 것 같아요... 일단 첫번째로 어깨가 안 아파요! 안 아픈데 펴져요...! 아무래도 밴드 형식이 아니고 감아서 찍찍이처럼 붙이는 느낌이라 그런 것 같아요. 허리에 딱 밴드를 고정한 다음에 어깨를 감듯이 하고? 뒤쪽으로 통과시켜서 허리 쪽에 붙이면 되는데 사 보신 분들은 아시겠지만 이게 허리를 딱 잡아주면서 자세교정이 되는 느낌이라 자세가 확 좋아집니다... 저는 꾸준히 착용해볼 생각이에요!!"
5,요즘은 컴퓨터 앞에서 시간을 보낼때 자세 교정 밴드 덕분에 어깨와 등이 훨씬 편해졌어요 의자에 앉았을때 자세가 잘 잡혀서 그런지 허리도 안 아픈것 같아요 가성비도 좋아서 만족합니다
5,"요즘 데일리로 이거 착욕하고 있습니다 제가 정말 라운드숄더가 ,심해서 그냥 평소에 티위에 입고 있어요 이거 착용하면 훨씬더 자세가 교정이 잘됩니다 이런거 도움 받기 좋음 효과가 있어서 너무 추천합니다 조금더 의식적으로 자세를 바르게 하기 좋아요"
5,평소에 허리가 안 좋아서 구매했어요 일단 이 제품은 사이즈가 다양해서 좋은데요 체형에 맞게 사이즈 선택이 가능하고 2중 고탄성 밴드로 어깨를 바르게 잡아주고 삐뚤어진 골반을 지지해줘요~~ 양쪽 어깨와 가슴 복부 이렇게 강한 쪼임으로 움추렸던 상체 부분이 곧게 펴줍니다 또한 이 자세교정밴드는 장시간 착용하고 있어도 답답하거나 불편하지 않고 통기성 좋은 메쉬 소재로 땀이 차지 않아서 좋더라고요 자세교정밴드는 처음 착용시엔 하루에 두세시간씩 착용하다가 서서히 시간을 늘려주는 게 좋다고 하더라고요 그래서 티비보거나 컴퓨터 할 때 집안일 할 때 주로 착용하는데 확실히 이거 착용한 이후로 자세가 바르게 유지 되더라고요! 스트레칭 하거나 운동할 때 사용하기에도 좋구요~~ 전체적 내구성도 아주 훌륭하고 마감도 깔끔하고 튼튼하게 잘 만들어진 제품이라 오래 오래 잘 쓸 것 같아요~
5,"진짜 기가 막힙니다. 평생 어깨 허리 굽은채로 살다가, 새 생명을 얻은 느낌입니다. 꾸준히 착용하면 자연스럽게 자세가 교정되고, 건강해질 수 있을것 같습니다 제가 어깨 굽히는게 작업할때 진짜 심했는데 훨씬 자세가 좋아진게 주변사람들도 다 느껴진다고 합니다. 진짜 강추입니다"
5,어깨부터 등 목 허리까지 전체적으로 다 시원하고 자세가 곧게 잘 펴지고 있어요 착용감도 편하고 제품 잘 만들어졌네요
5,장시간 착용하면 답답한 느낌이 드는데 휴식시간에 빼고 있음 괜찮아여 라운드숄더때문에 고민했는데 효과 좀 봤음 좋겟어여 상의55입는데 S시키니 맞네요
5,운동과는 별개로 라운드 숄더는 개선하기 어려워 평소에 자세를 잘 잡아주는 것이 중요하더라구요 일하다보면 저도 모르게 구부정하게 있게 되는데 밴드가 딱 잘 잡아주니 계속 각성하게 됩니다 ㅎ M사이즈 기준 잘 맞구요 짱짱하고 단단한 타입이라 매일 착용해도 금방 늘어날 것 같지 않아요!
5,보디빌더들도 사용하는 좋은 밴드라고 해서 구매헀습니다 조금 강제하는면이 있지만 오래 차고 있어도 생각보다 답답하지 않네요 바른자세로 키크자요
5,요즘들어 허리도 너무 많이 아프고 오래 앉아서 일하다보니 틀어진는거 같아서 교정이 필요할거 같아 주문했는데 배송도 빠르고 받자마자 사용중인데 허리 잘 잡아주고 시원하고 좋네요 오래 잘 착용해볼게요 굿굿
5,마감처리 깔끔하고 원단감 좋아서 땀 안차네요 아주 짱짱해서 자세 바로 잡아줍니다
5,추천받아서 구매한 자세교정밴드 처음에는 어색함이랑 불편함 있었지만 며칠 써보니 익숙해지고 편하네요 허리 쫙 잡아줘욤 ㅎㅎ
5,자세 교정에 좋아요 사무실에서 일할 때 데일리로 쓰는데 입고 오래동안 다녀도 무리가지 않고 좋습니다.
5,요즘 컴퓨터를 자주 하는데 앉아서 하다 보니까 구부정에 지더라구요. 그래서 무의식적으로라도 바른 자세를 유지하기 위해 주문해 봤어요 사용법이 간단한게 제일 좋았고요. 너무 고정력이 쎄면 오랜 시간 착용하기도 불편하고 잘 사용하지 않게 되는데 이거는 고정력과 불편함 모두 잡은 제품 같아요 ㅎㅎ 저는 55사이즈 있는데 S 사이즈 잘 맞고요. 이거 사이즈 조절이 워낙 자유로워서 이 이상인 분들도 여성분들은 잘 맞을 것 같아요 !!강츄 ㅎㅎ
5,"어깨가 자꾸 안으로 말리고 자세가 구부정해서 구매했는데, 처음 착용했을 때부터 등이 펴지는 느낌이 확실했어요. 강제로 잡아주는 느낌이 아니라 자연스럽게 자세를 교정해줘서 답답하지 않고 편하더라고요. 하루 1~2시간씩만 착용해도 거북목이 조금씩 완화되는 게 느껴져요. 무엇보다 티 안 나게 얇아서 옷 속에 입기 좋고, 혼자서도 쉽게 착용할 수 있어서 정말 간편해요. 사이즈도 다양해서 체형에 맞게 고를 수 있었고, 장시간 착용해도 어깨나 겨드랑이 쓸림이 거의 없었어요. 가격 대비 만족도가 정말 높습니다. 꾸준히 써보면 더 큰 효과가 있을 것 같아요!"
5,자세가 좋지않아서 항샹 허리가아팠는데 지인이 교정밴드를 추천해줬어요 진짜 교정 확실히 되고 편하고 좋아요 겉옷 입은면 티도 나지않고 맘에 들어요
1,현대x쓰다가 찍찍이 수명이 다해서 상품평보고 샀는데 진심 불편합니다. 밴드 신축성이 전혀없어서 굉장히 불편하네요 163 60인데 m사용시 어깨부터 연결되는 끈이 짧다고 느껴져요 . 아마 밴드탄력이 없어서 인듯 ... 이미 써서 반품은 못하네요
5,"와이프랑 저랑 각각 주문해서 잘 사용하고 있고, 자세가 좋지 않은 조카를 위해 선물로 주문 했습니다. 저희는 6달 정도 착용하고 있는데 아직도 벨크로도 아직 짱짱하고, 편안하게 잘 사용하고 있습니다. *** 저희는 꽤 오랫동안 착용해서 그런지 이제는 30분은 그냥 편안하게 착용하고 있습니다 조카한테도 10분정도부터 천천히 시간을 늘리라고 알려 주었습니다. *** 매일 꾸준히 착용하니 확실히 평소에도 허리랑 어깨도 쫙~~ 펴게 되는 것 같습니다. 착용방법 간단하고, 바른 자세 잡기에 효과도 좋아서 아주 만족합니다."
5,남편이 자세가 안좋아서 구매해봤는데 자세가 펴지는 효과가 있네요 등을 편다는 느낌보다는 어깨가 펴져서 자세도 좋아지고 뭔가 의식해서 더 꽂꽂해지는 느낌!? 남편 몸에맞는 xl로 구매했는데 찍찍이도 있고 66사이즈인 저한테도 맞아서 저도 같이해요 더 꾸준히 해봐야 알겠지만 만족합니다
5,"일자목에 어깨, 등이 앞으로 많이 굽어있어서.. 허리 통증도 있고 병원에서 자세를 항상 바르게 해야한다고 하더라고요ㅠㅠ 컴퓨터 사용하면서 앉아있는 일이 많은편이라서 자세교정먼저 시작해봐야겠다 싶어서 찾아보다가 자세교정벨트가 있길래 선택해보았어요. 어깨나 등같은데가 많이 곧아지는 것 같고, 착용하지 않고 있을때도 확실히 자세를 신경쓰게 되는 것 같아요. 옷 태는 물론이고 평소에 자세가 정말 중요하다고 뼈저리게 느끼고 있네요~~ㅎ 아주 만족스러워요! ➡️ 저는 평소 상품 구매 시 기존 구매자분들의 상품평 도움을 정말 많이 받습니다. 저의 리뷰도 구매자분의 현명한 소비에 도움이 되길 바라며 솔직하게 사용후기를 적습니다. 감사합니다^^ 저의 별점은 ⭐️⭐️⭐️⭐️⭐️ 입니다❤️ ‼️ 제 리뷰가 도움이 되셨다면 버튼~! 꾸욱! 부탁드려요! ‼"
5,자세가 좀 구부정하다고 하더라고요 이대로 가다가 허리가 굽을 것 같아서 구매를 했어요 설거지할 때나 티비 볼 때나 착용하는데 편해서 좋아요
5,자세가 흐트러지면 몸에 밸런스 자체가 무너지나봐영 처음엔 허리가 아프더니 이제 어깨도 아파서 물리치료도 받고 있는데 일상생활에서 바른자세 유지 해볼 마음에 어깨허리밴드 사서 착용중이네여 간편하게 혼자 착용가능하고 이삼일 정도면 적응되네영 올곳은 자세 유지에 도움되서 다행
5,"사용해 본 결과, 어깨와 등이 자꾸 구부정해지는 분들에게 도움이 되는 제품입니다. 착용감이 크게 불편하지 않고 남녀 모두 공용으로 사용할 수 있어 가족끼리도 번갈아 쓰기 좋습니다. 오래 착용하면 약간 압박감이 느껴지긴 하지만 자세가 펴지는 효과를 확실히 체감할 수 있어서 만족스럽습니다. 꾸준히 활용하면 거북목이나 굽은 어깨 개선에도 도움이 될 것 같습니다."
5,"거북목 때문에 자세가 계속 안 좋아지고 어깨 말림에 허리 통증까지 심해져서 고민하다가 지인 추천으로 이 제품을 구매하게 되었어요. 집안일을 하면서도 착용하고, 평소에 TV 볼 때도 자세가 자꾸 흐트러졌는데, 이걸 착용하고 나서는 바른 자세가 훨씬 잘 유지돼요. 특히 허리 아픈 게 많이 줄어서 정말 만족스럽습니다. 날씨가 선선해지면 옷이 좀 두꺼워져서 외출할 때도 티 나지 않게 착용할 수 있을 것 같아요. 요즘은 어깨 말림이 없어져서 그런지, 옷을 입어도 자세 덕분에 예쁘다는 말을 자주 듣게 돼 기분이 좋아요. 무엇보다 바른 자세가 필요한 딸아이에게도 좋고, 나이가 들면서 어깨가 자꾸 굽어지시는 엄마께도 꼭 필요한 제품이라 가족 모두에게 추천하고 싶어요. 저처럼 자세 때문에 고민이신 분들께 적극 추천합니다. 강추강추"
5,굽은 어깨 교정용으로 샀어요 160에 55이구요 통통한 편이에요 상품이 가벼워서 좋아요 허리도 잘 잡아주구 어깨도 잡아줘요 좋네요 다른 제품 샀을 때 배가 너무 쪼여서 소화불량 느낌이 있었는데 이거는 찍찍이가 부드러워서 더 편해요 빨았는데도 원형 유지가 잘 되고 집에서도 착용하고 회사에서도 착용하고 있어요
5,빠른 배송! 착한가격! 좋은상품! 구매 후 바로 착용하였습니다. 효과 있는 듯 해요! 170에 80kg 인데 2XL가 딱 맞아서 좋아요 등을 잘 잡아주고 어깨가 펴지는 것 같아서 시원해요
5,"하루종일 컴퓨터 앞에서 일하는 직업이라 어깨가 안으로 말리고 등이 둥글게 굽는 게 눈에 보여서 한번 써보자 하고 구매했어요. 사이즈는 2XL로 선택했는데 배 쪽으로 살짝 여유 있게 맞아서 착용할 때 불편함은 없었어요. 처음에는 어깨가 뒤로 확 잡아당겨지는 느낌이 있어서 30분만 착용했는데, 오래 앉아 있다 보면 어느 순간 자세가 흐트러지기 전에 스스로 다시 펴게 되는 느낌이 있더라고요. 억지로 교정한다기보다는 자세를 계속 의식하게 만들어주는 느낌이 더 컸어요. 등판 부분이 두껍지 않고 메쉬라서 생각보다 답답하지 않았고, 겨울이라 얇은 니트 안에 착용하면 겉에서 티가 거의 안 나서 출근할 때도 부담 없이 착용했어요. 어깨 스트랩 조절하는 부분이 탄탄해서 움직이다 풀리거나 흘러내리는 일도 없었어요. 다만 처음부터 오래 착용하면 겨드랑이 쪽이 살짝 쓸릴 수 있어서 조금씩 시간을 늘려가는 게 좋을 것 같아요. 확실히 하루 종일 구부정하게 앉아 있는 날보다 착용한 날은 목 뒤가 덜 뻐근하더라고요. 누워있을 때나 운동할 때는 빼고, 책상 앞에 오래 앉는 시간 위주로 착용하고 있어요. 완전히 자세가 바뀌었다고 할 순 없지만, 적어도 어깨가 안으로 말리는 습관을 잡는 데는 도움이 되고 있어요. 이런 제품은 꾸준히 쓰는 게 중요한 것 같아서 당분간 계속 착용해보려고요."
5,"평소 어깨가 안으로 말리고 거북목이 심해 목과 어깨가 항상 뻐근했는데, 착용 후 확실히 등이 펴지고 어깨가 뒤로 자연스럽게 가는 느낌이 듭니다. 강하게 조여주지 않아도 무리 없이 교정해주고, 옷 안에 입어도 크게 티가 나지 않아 출근할 때도 부담 없이 착용 가능합니다. 사이즈도 딱 맞아서 장시간 착용해도 불편하지 않으며, 벗고 나서도 잠시 어깨가 펴진 자세가 유지되는 것이 마음에 듭니다. 하루에 2~3시간 정도 꾸준히 사용하니 몸이 점점 바른 자세로 기억해가는 느낌이 들어서 만족스럽습니다. 다만 처음에는 어깨가 살짝 당기는 느낌이 있었는데 이틀 정도 착용하니 적응되었습니다. 자세 교정이 필요하신 분들께 추천할 만한 제품입니다."
1,할인에 속아 구매하지 마세요. 일단 허리 받침 부분 및 척추 받침 부분이 튼튼하지 못합니다 그리고 허리랑 어깨 엑스 로 조일시 짱짱하지도 않고요 척추 교정및 허리 통증으로 인해 구매 생각하시는 분은 의료용 복대 구매하시는걸 추천 드립니다. 구매와 동시에 사용감 있으면 반품도 안되니 한번 착용해보고 아니면 바꿔야지라고 생각하시는 분들은 절대 구매하지 마세요~^^
5,"♡정직한닥터 약국입점 바른 자세 교정 밴드 어깨 숄더 남녀공용,♡ 아이낳고 아이키우면서 자세가 안좋아지기 시작해서 집에서 집안일할때라도 밴드를 차고있을까해서 주문했어요 잘못된 자세만 바로 잡아도 키가커질수있을꺼라 생각해요 ✌️ 근육 움직임에 맞춘 어깨+등+허리 서포트해주고 2중고탄성밴드로 어깨를 짝! 펼쳐주는 안정적인 360도 고정 바른 자세를 유지해주고 남녀공용으로 착용이 가능하니 더좋은거같아요 ☆☆☆ 얇은두께로 옷속에 입어도 OK 가볍게 제작하여 겉옷과 착용해도 불편함이 없을꺼같아요"
5,현장직 할때에는 크게 생각 못했는데 요즘 사무직군 업무를 많이 하면서 거북목이 장난 아니더라구요... 그래서 등도 휘고 목도 아프고 이제 어깨 팔까지 다아파요 ㅠㅠ 그래서 강제로라도 바른자세로 하는 노력을 해야겠다 생각하고 엄청 찾아봤는데요 이게 또 제품이 워낙 많다보니까 더 꼼꼼하게 비교하게 되더라구요! 그러다 후기도 많고 효과도 꾸준히 하면 좋다하기에 주문해봤는데요 우왓 이거 너무 좋아요 ㅠㅠ 고민하면서 망설였는데 왜그랬나 싶네요 진작살걸 ㅋ 이제라도 사서 바른자세 꾸준하게 해볼라구용 일주일쓰고 괜찮으면 남편도 하나 사줘야겠어욤
5,요즘 컴퓨터를 많이하게 되어서 책상으로 몸이 자꾸 기우니까 어깨가 많이 꾸부정하드라구요ㅠㅠ 똑바로 앉으면 허리가 아프고 해서 어깨를 펴야겠다 생각이 들길래 찾아보다가 구매합니다 착용하기 간편하고 착용하는 순간 어깨가 쫙펴져서 교정이 되는 느낌이 들어요:)
5,거북목이랑 라운드숄더때문에 점점 통증이 심해져서 이제는 관리를 해줘야될거같아서 교정밴드를 샀는데 확실히 교정밴드를 하니까 자세 자체가 달라지네요 이게 라운드 숄더가 되고싶어도 되지않게끔 잡아주네요 보풀이 일어나지 않은 재질이라서 오래쓸수있울것같아요
5,바른자세 만들어야겠더라고요.. 제가 봐도 제 몸이 너무 심했어요 ㅠㅠ 가격도 괜찮고 착용감도 괜찮아서 꾸준히 한번 해보려고 합니다~!
5,매일 집에서 입고 있는데 좋아요 제가 자세가 굽어 있어서 서 있을 때나 걸을 때 좀 그랬는데 이것 착용하고 나서 많이 괜찮아졌어요 ㅋㅋ
5,자세를 잡아주니 아주 좋습니다 가슴 근육 수축된 것도 교정해주는 듯 해요
5,어깨가 자꾸 앞으로 말리는 편이라 고민하다가 구매했는데 평소 자세를 의식하게 도와줘서 확실히 도움이 되더라고요!! M 사이즈로 선택했는데 조이지 않고 부담 없이 착용 가능했고 남녀공용이라 가족끼리 번갈아 써도 될 것 같아영 ㅎㅎ 약국 입점 제품이라 그런지 믿음도 가고 간단히 등 뒤로 착용만 하면 되니까 바쁜 아침에도 쉽게 사용할 수 있어 좋습니당 ~~
5,하도 등이 굽어서 옷빨도 안받고 병원 가니깐 교정기를 추천하더라구요.. 근데 너무 비싸서 인터넷으로 허리밴드 검색하다가 후기 좋아서 사봤는데 정말 좋으네요 등을 받쳐주면서 어깨를 당겨주니깐 자세도 곧아지고 몸이 시원한 느낌 ? 소재도 매쉬라서 여름에 착용하기 좋네요 ! 굿굿
5,앉아서 장시간 일하다 보니 허리도 아프고 거북목도 심해져서 자세교정밴드 알아보다가 정직한닥터 제품 구매해봤는데 제가 굳이 자세를 신경쓰지 않아도 밴드가 알아서 잡아주니까 좋은 것 같아요 또 밴드를 안하고 있을때는 그 자세를 유지하려고 계속해서 신경쓰게 되더라구요 내구성 부분도 문제없고 사이즈는 평소 105사이즈 입는데 XL가 딱 맞네요 정직한닥터 다른 제품도 구매해보고 후기 남기겠습니다~
5,라운드 숄더 개선에 효과적이예요 착용하니굽었던 어깨가 쫙 펴지는 느낌이 들고 바른 자세를 유지하도록 도와주네여 ​두꺼운 쿠션 패드 덕분에 겨드랑이 부분이 불편하지 않아 좋았어요 꾸준히 착용하니 자세가 바로 잡히는 듯합니다 사무직이나 학생들에게 바른 자세 습관을 들이는 데 추천합니다!
5,"컴퓨터 오래 하다 보면 어깨랑 등이 굽어서 거북목이 심해졌는데, 이 교정밴드 착용하고 나서 확실히 자세 의식이 되더라고요. 남성 체형에 맞게 어깨랑 등 라인을 잘 잡아줘서 부담 없이 딱 맞고, 압박도 과하지 않아서 오래 착용해도 불편함 없어요. 티 안 나게 옷 안에 입을 수 있는 디자인이라 데일리로 착용 중입니다. 하루에 몇 시간씩만 써도 등이 펴지는 느낌이 들어서 만족감 높아요! 자세 교정 시작하려는 분들께 강력 추천합니다. 탄탄하고 야무진 제품이에요"
5,남편 허리 불편해해서 구매했어요 착용감이 딱 잡아준다는 느낌이 있어서 허리가 안정적으로 받쳐지는 게 바로 느껴져요 조절 밴드가 탄탄해서 본인 몸에 맞게 쉽게 조절할 수 있고 움직일 때 말려 올라가거나 흘러내리지 않아서 오래 착용해도 답답함이 적어요 남편도 앉아있을 때랑 운전할 때 훨씬 편하다고 해서 잘 쓰고 있어요. 천 소재도 부드럽고 깔끔해서 피부에 자극 없고 평소 허리 피로감 있는 분들이나 오래 앉아 있는 분들한테 도움이 될 것 같아요
5,잘펴주고 편함 특히 나 같은 거북목에게 개좋음
5,"자세 교정 밴드를 실제로 사용해 보니 처음 착용할 때는 어깨가 뒤로 당겨지는 느낌이 다소 낯설었지만, 몇 분만 지나면 자연스럽게 바른 자세가 유지되었습니다. 장시간 착용하면 어깨와 등 근육이 당기는 듯한 자극이 있어, 하루 1~2시간씩 나눠 착용하는 것이 좋았습니다. 소재는 통기성이 좋아 땀이 차지 않고, 밴드의 탄성이 적당해 움직임을 방해하지 않았습니다. 꾸준히 착용하니 구부정했던 어깨 라인이 조금씩 펴지고, 장시간 앉아 있는 습관도 개선되는 효과가 있었습니다. 다만 초반에는 어깨가 뻐근하거나 압박감이 느껴질 수 있어 적응 기간이 필요했고, 두꺼운 옷 안에 착용하면 티가 덜 나지만 얇은 옷에는 약간 드러날 수 있다는 점은 참고해야 할 부분이었습니다. 전반적으로 자세 교정에 실질적인 도움을 주는 제품이었습니다."
5,착용하고 나면 어깨가 가벼워진 것 같아요 디스크때문에 사용하고 있는데 어깨도 잘 펴지는 것 같아요! 등을 잘 잡아줍니다
5,밴드 찍찍이가 튼튼해서 오래 쓸듯요 자세가 진짜 계속 굽다 못해 아파서 착용중인데 착용하면 쫙 펴질수 밖에 없는 구조라 반강제적으로 자세 유지가 되네여 꾸준히 착용해서 밴드 없이도 자세 유지하는게 목표임
2,"자세 잘잡아주고, 소재도 무난해서 좋은데 찍찍이 성능이 산지 한달도안되서 맛가고있네요. 전 일단 다른 대처로 해서 쓰고는있는데.. 재구매는 생각좀 해봐야겠습니다. 영구적인 사용까진 안바래도 1년은 쓸거라고 기대했는데.."
5,"❤내돈내산 솔직후기❤ 어깨도 찌뿌둥하고, 거북목에 자세가 점점 망가지는 것 같아 구매해봤다. 밴드모양의 자세교정용 어깨 숄더 밴드로 자세 교정, 허리와 어깨통증까지 완화해준다고 해서 구매해 보았다. 여성들도 사용할 수 있을 만큼 크기 조절도 손쉽게 가능하고 피부에 닫는 부분도 자극이 적어서 좋다! 특히나 검정색이라 더러워질 걱정 없어서 좋음ㅎㅎㅎ 어깨와 등을 감싸는 디자인이고 자세교정에 효과가 있길 바래본다 착용하면 편안하고 일상생활에 틈틈히 차보고 자세교정 해봐야겠다~!! 현재로써는 사용감 굿"
5,"안녕하세요 이번에 제가 구매한 <정직한닥터 바른 자세 교정 밴드> 후기입니다! ▶ 구매 이유 : 남편이 IT 종사자로 출근해서부터 저녁까지 하루 종일 컴퓨터만 봅니다. 게다가 취미생활까지 게임이라 퇴근하고 집에와서도 컴퓨터만 보죠 ㅜ.ㅜ; 그냥 자는 시간, 이동 시간 빼고 계속 컴퓨터만 보다보니 라운드숄더, 거북목이 심해져서 자세 교정이 필요할 것 같아 구매했습니다. ▶ 사용 후기 : 1. 이런 류의 제품을 사실 몇번 구매했다가 큰 교정 효과는 없고 답답해하기만 해서 많이 버렸는데요. 요 제품은 지지대가 무려 39cm나 되니 제대로 등이 펴지더라구요!! 2. 지지대가 탄성이 좋아 착용하고 활동 제약 없이 일상생활중에도 착용이 쉽습니다. 3. 통기성 좋은 에어 매쉬 소재로 무더운 여름에도 땀띠 없이 착용이 가능해요. 4. 등과 허리 부분 밴딩이 넓어서 더욱 안정적으로 착용이 가능 합니다. 5. 등과 함께 어깨도 함께 펴지니 ㅎㅎㅎ 자세 교정 외에도 인상도 더 좋아 보여요 ▶ 총 평 : 타 자세 교정 밴드와 다른 차원의 교정력! 지속적인 자세 교정이 가능하도록 더욱 쾌적하게 설계 되어 있음! 특히나 우리 남편처럼 컴퓨터 자주 보고 자세 구부정한 분들께 완전 추천해요!"
1,어깨 부분은 꼬임. 밸크로는 사용 1개월 시점 부터 잘 붙지 않음. 2개월 사용 (평균 주3회) 시점 부터는 사용 불가.
5,어좁이에서 어깡이가 된 남편!!!. 너무 말려있었던 어깨가 펴졌어요 물론 운동도 했지만 효과 톡톡 !
5,척추층만증이 있어 항상 고생했는데 이거 교정기를 사용하니 자세가 펴지는거 같아요. 허리가 많이 아팠는데 시원하니 좋아요.
5,자세교정용으로 샀는데 잘 잡아주고 좋아요 가격도 혜자
5,자세교정이 필요해서 구매하게 되었습니다 개인적인 생각으론 50대이후 꼭 필요한 필수품입니다 자연스럽게 기울어지는 등을 잡아주어서 더 감사합니다
5,남편 자세교정용으로 구매한건데 사이즈도 적당하고 맘에드네요! 사무실에서 일하다보니 늘 구부정하게 있어서 거북목 소견도 보이고 어깨도 좀 굽어지고해서 일할때 자세교정목적으로 착용중인데 확실히 착용하고나니 자세도 좀 나아지고 퇴근길 목아픔 어깨아픔이 덜 하다고 하네요~ 첫날은 좀 불편했는데 며칠써보니 괜찮다해요! 자세교정밴드 효과가 좋네요!
3,그냥 조금교정하는정도 구매했으니 적당히 해보고 안좋으면 더좋은상품으로 구매할까생각중 그리고 가격대가 저가라그런지 사진한번보세요 천이뜯어져너덜너덜
5,착용감은 괜찮은 편입니다. 사무직이라서 계속 앉아서 업무를 봐야 해서 굽은자세로 있는 시간이 많았는데 매우 만족스럽습니다. 뱃살도 안늘어날 것 같아요 ㅋ
5,배송이 빨라서 좋았어요ㅎㅎ육하하고 거북목은 승천하고 라운드 숄더가 심해지니 목이 안돌아가서 교정밴드 추천받아구매했습니다! 잡아주니 덜 아프고 무리도 덜 가는 것 같아요 아주좋아요
5,"아주 탄탄하게 잘 잡아줘요. 남편 자세교정용으로 구입 했고 워낙 업무 하면서 자세가 안좋다보니 회사에 가져가서 잘 쓰고 있어요. 습관적으로 등이 구부정 해지는데 자세교정밴드가 잡아주니까 등 결리는것도 덜하다고 하네요. 회사 생활 한 해가 갈수록 라운드숄더 심해지고 거북목, 등 점점 굽고 맘 아팠는데 이제 맘이 좀 놓이네요. 주기적으로 물치 받던것도 이제 안받아도 될 것 같다고 하니 엄청 맘에 드나봐요. 일단 자세가 평소에 안 좋으신 분들은 교정 밴드 써보는게 도움이 많이 될 듯 합니다!"
5,⭕️동기⭕️ 오랜 시간 앉아서 일하다 보니 어깨가 자꾸 말리고 등이 굽는 느낌이 심해져서 일할때 몸이 많이 뻐근하더라구요ㅠㅠ 스스로 신경 쓰는 데 한계가 있어서 보조해줄 수 있는 제품을 찾다가 남녀 모두 착용가능한 교정기로 골랐어요! ✔️장점1️⃣ 신축성이 좋아 체형에 맞게 쉽게 조절할 수 있고 남녀공용이라 사이즈만 맞으면 같이 쓸 수 있어요! ✔️장점2️⃣ 착용했을 때 불편하지않고 어깨가 쫙 펴져서 시원해요!! 장시간 사용해도 불편감이 적고 어깨가 펴지면서 자세가 교정돼요 ✔️장점3️⃣ 얇고 깔끔하고 심플한 디자인이어서 다른사람들 눈에 별로 띄지않고 착용하고 있을 수 있어요! ⭕️총평⭕️ 자세가 쉽게 무너지고 바른자세를 유지하기 힘든 저한텐 완전 잘산템같아요‼️ 꾸준히 착용하면 자세를 유지하는데 도움이 되고 자세교정에 많은 힘을 안들이고 생활할 수 있어서 완전 만족스럽슴다
5,허리가 오래 앉아잇으면 아팟는데 이거 사용하면서 허리도 잡아주고 어깨도 잡아줘서 허리 아픔도 많이 개선됏어요 자세를 바르게 잡아줘서 좋습니다
5,통풍도 잘되고 요즘 날씨에 딱이에요 전에 샀던 어깨밴드보다 훨씬 만족스러워요 답답한 느낌 안드는 밴드라 좋아요~~
5,에어매쉬가 통풍이 잘 돼서 운동할 때 꿉꿉하지 않고 편안하게 운동에 집중 할 수 있습니다. 허리 피는데 확실히 도움이 됩니다. 안베기고 좋습니다.
5,회사에서 노트북을 오래하다보니 등이 많이 굽은 상태에여ㅠ 아무래도 편한자세로 오래 앉아서 작업을 하다보니 자세가 틀어지더라구요~ 주변에서 자세에 대해 이야기가 나와서 자세교정 밴드 구매 후 착용해봤는데 자세를 흐트럼없이 잘잡아주세요 ~ 아주 만족스러워요~
5,"정직한닥터 바른 자세 교정 밴드 어깨 숄더 남녀공용, 1개, 투엑스라지(2XL) ∧＿∧ （｡･ω･｡)つ━☆・*。 ⊂ ノ ・゜+. しーＪ °。+ *´¨) .· ´¸.·*´¨) ¸.·*¨) (¸.·´ (¸.·’* 남편이 요즘들어 어깨와 허리가 더 아프다고 하더라고요. 컴퓨터 앞에 종일 앉아있는 직업인지라 자세 교정이 필요한듯 해서 알아보았어요. 착용을 하면 어깨 등 허리 전반적으로 쫙 잡아주는 느낌이 든다고 하네요. 다른 제품들보다 등 지지대쪽도 넓어서 더 잘 받쳐주는것 같아요. 에어메쉬 소재로 날이 더워지는데 통기성이 높아서 땀이 덜 찰것 같아요. 자세는 무의식적으로 흐트러지게 되어있는데 자세 교정 밴드를 하고나니 본인 스스로도 더욱 신경을 쓰게 된다고 하네요. 근골격계가 당장 몇일만에 좋아지기는 힘들겠지만 꾸준히 사용해서 낫아졌으면 좋겠어요. °◦ε=ε=ε=(ง❀❛ ֊ ❛„)ว°◦ε=ε=ε=(ง❀❛ ֊ ❛„)ว°◦ε=ε=ε=(ง❀❛ ֊ ❛„)ว°◦ε=ε=ε=(ง❀❛ ֊ ❛„)ว° 후기가 도움이 되셨다면 ""↓↓↓도움이 돼요↓↓↓"" 를 꾹 눌러주시면 감사하겠습니다."
5,배송 빠르게 잘 받았습니다ㅎㅎ 자세교정에 아주 도움됩니다 그리고 재질 자체도 아주 좋아서 오랫동안 잘 사용할거 같습니다 감사합니다
5,제가 체격이 있는편이라 사이즈 큰걸로 주문했는데 생각보다 커서 덩치 있으신분들도 m 사이즈 구매하셔도 될듯해요 제가 어깨가 앞으로 말려있는데 이걸 착용하면 누가 계속 어깨를 뒤로 잡아당겨주는 느낌이예요ㅎㅎ 착용할 때 불편하진않는데 저 같은 경우는 오랜시간 착용하면 겨드랑이가 조금 아팠고 하루종일 강제로 바른자세로 있어서 그런지 저녁에 풀었을 때 허리가 조금 아팠네요
4,생각보다 좀~~~ 아쉬운대로 사용하기에는 보통이예요
5,남편이 허리도 안좋고 거북목이라 구입햇는데 착용할땐 허리도 펴지고 하는것같다가 벗고나면 ㅠㅠ 계속 착용도 불가능하고 며칠은 좀 하는듯 싶더니 안하네요 ㅠㅠ
5,구부정한 자세가 약간 컴플렉스라서 교정해보려고 구매했는데 완전 만족스럽게 잘 쓰고 있어요 짱짱하니 너무 좋고 마감처리도 우수하고 자세가 교정되고있어요~ 엄마가 보고 넘 좋아하세요
5,남편이 자꾸 거북목이 되서 걱정되서 샀어요 목따로 어깨따로 2등분 되는 것 같았는데 이런 제품이 있다는 걸 알았네요 밤에 같이 걷기할 때 바른자세교정밴드를 채우고 나가니 자세가 훨씬 반듯해져서 전보다 나아보여요 계속 하다보면 자세도 많이 교정되겠죠 남편도 흡족해하고 있습니다
5,앉아서 일을 하다보니 허리가 굽어지고 거북목이 되는것 같아서 구매했어요 재질이 튼튼하고 좋아보여요 착용하는 시간을 점차 늘리고 있는데 착용할때 불편하지않고 허리가 쫙 펴지면서 몸을 지탱해주는것이 너무 좋네요 의식적으로 바른자세를 하려고하고 꾸준히 착용하면 자세교정에 많이 도움이 될것 같아요
5,등치가 커서 4XL로 샀는데 사이즈 딱 잘맞네요! 자세교정에 좋다고해서 샀는데 진짜 좋네요! 지지력도 좋고 착용감도 좋고 2중 고탄성밴드라 굽은어깨도 펴주고 제품 진짜 맘에 드네요!
5,어떡해 착용하는지 설명이 잘 되어 있어요 옆구리라인은 망사로 되어 있고 척추부분은 보호대처럼 길게 받쳐줍니다 어깨와 허리 밴드를 착용하면 바른자세가 저절로 되요 핸드폰이나 컴퓨터를 많이 해서 나도 모르게 앞으로 구부리게 되는데 자세교정밴드를 착용해주니 척추가 시원해요 그동안 뻐근한체로 생활해왔다는걸 느꼈습니다 굽어있던 어깨가 펴지니 목도 자연스럽게 펴지네요 집안에는 물론 출근할때도 착용할 수 있어서 매일 착용중이에요
5,요즘 남편이 자꾸 구부정하게 앉고 자세도 안 좋아서 거북목 라운드 숄더 구부정한 허리 다 갖추고 있는데 자세를 바르게 하란 잔소리에도 나아지지 않길래 찾아보던 중 후기가 좋아서 구매해 봤어요 처음엔 착용 방법을 좀 헤맷는데 설명서 보고 한번 익히니 착용도 어렵지 않네요 어깨끈 허리끈 두르고 찍찍이 붙이면 되서 금방이예요 벨크로도 되어 있어 사이즈 조절이 쉬워요 착용하고 바로 자세가 펴지는데 자세 교정 습관 들이는데 좋은 것 같아요 메쉬로 되어있어 많이 답답하지 않고 적당히 통기성도 있어 좋아요 한여름에 사무실에서 착용하기엔 조금 더울 것 같은데 더운 여름만 지나면 일상 생활내내 착용하기에도 어렵지 않을 것 같아요
5,책상 앞에 오래 앉아 있다 보니 어깨가 자꾸 말려서 구입했습니다. 처음엔 착용감이 좀 낯설었는데 몇 번 착용하니 점점 익숙해졌어요. 너무 조이지 않고 적당히 잡아줘서 자세 교정에 도움이 되는 것 같습니다. 특히 어깨가 자연스럽게 펴지는 느낌이 있어서 일할 때나 공부할 때 착용하기 좋습니다. 디자인도 깔끔하고 세탁해도 변형이 없어서 만족스럽습니다. 꾸준히 착용하면 자세 교정 효과가 확실히 있을 것 같아요.
5,많이 시원하고 2주정도 하루 20분 3번정도씩 했는데 어깨가 결리고 아프던것도 없어지고 어깨와 등이 많이 펴졌어요
5,"너무 좋아서 반품할 필요가 없겠어요. 제가 젊지만 제일 잘나가는 자세 안좋음이 인데요. 대부분 앉아서 하루를 보내는데 거북목도 정말 심해요. 겉으로 심하게 보일 정도로요. 그리고 거북목이 아니더라도, 등 굽힘, 어깨 말림, 골반 비대칭 등등... 문제 많을 겁니다. 근데 이 밴드는 진짜 허리 펴지는 게 잘 느껴지네요... 왜 지금까지 구매 안 했을까? 효과가 보장될지 모르기 때문이겠죠... 그래도 한 번만 해보세요. 직접 경험해 봐야 뭐가 달라지는지 압니다... 전 허리가 펴지고 어깨가 펴져서 너무 만족합니다. 사실 운동과 병행해야겠지만... 사무직에게 이만하게 또 없죠?"
1,찍찍이가 힘이 없음. 그리고 착용이 번거로움.
5,하루 종일 사무실에 앉아 있다 보니 어깨가 항상 뻐근하고 아팠는데 지인 추천으로 교정기를 사서 착용해 봤어요 사실 처음엔 조금 어색하고 불편했는데 하루~이틀 지나니깐 주변에서 키 켜졌냐고 물어보네요~ 자세만 똑바로 잡았는데도 키가 커 보이고 어깨 통증이 사라졌어요~ 강추 합니다.~!
5,친구가 사용해보고 효과 좋다고 추천 받아서 저도 주문해서 쓰고 있는데 듣던대로 효과 좋네요 꾸준히 잘 써봐야겠어요
5,밴드를 사용하면서 몸의 균형을 유지하는게 더 수월해지네영 앉아 있을때도 그렇고 서 있을때도 왼쪽으로 약간 치우쳐져서 늘 왼쪽 등허리가 아팠는데 밴드 착용하면서 자세 유지하는데 도움받고 있어여
5,사무직 일을 하다보면 아무래도 자세가 고정되지 않아 등도 굽고 목이랑 허리가 많이 아픈데요. 집에서 쉴때만이라도 자세 교정하고 싶어서 구입했는데 사이즈도 괜찮고 고정도 잘돼서 확실히 목허리 아픈게 줄고 자세도 교정되는거 같아 만족해요! 첨에는 이거 사용한다고 많이 좋아질까 생각도 하긴했는데 직접 써보니 확실히 좋은거 같아요. 앞으로도 꾸준히 사용하면 거북목도 많이 좋아질거 같고 장기간 앉아있어도 거뜬히 버틸거 같습니다 :)
5,"요즘 컴퓨터 앞에 오래 앉아있다 보니 점점 어깨가 말리고 자세가 흐트러지는 게 느껴지더라고요~ 자세 교정에 도움이 되는 제품을 찾다가 자세 교정 밴드 어깨 숄더를 알게 되었어요! 가격도 부담 없고, 평소에 쉽게 착용할 수 있을 것 같아서 바로 구매하게 되었답니다ㅎㅎ 평소 거북목과 어깨 통증이 심해서 교정이 필요했거든요! 처음 착용했을 때는 약간 어색하고 어깨가 쫙 펴지는 느낌이 강해서 신기했어요~ 집에서 일할 때나 공부할 때 꾸준히 착용하니 점점 어깨가 펴지는 게 느껴졌답니다! 특히 밴드가 너무 조이지 않고 적당히 잡아줘서 불편함 없이 착용할 수 있었어요ㅎㅎ 두꺼운 옷 위에도 잘 착용되고, 여름에는 티셔츠 안에도 숨겨서 입을 수 있어서 좋았어요! 장시간 착용하면 자세가 자연스럽게 바르게 유지되어 만족스러웠답니다~"
5,60대 여성 입니다!! 평소에 거북목에 어깨도 자주 아프고 등이 굽어있는 편이에요 ㅜㅜ 몸이 워낙 뻣뻣 해서 스트레칭도 사실 힘든데. 딸이 이런 게 있다고 알려줘서 구매해봤어요 진짜 정말 뻣뻣한 제가 이걸 착용 만으로도 어깨가 쭉 펴지고 스트레칭 효과도 되면서 시원하네요! 저희 남편도 와서는 골프 치느라 몸이 뻐근 한데 해보자며 뺏어서 하네요~ ^^ 찍찍이 부분도 아주 짱짱하고 사용하기에도 사용법이 간결하고 편하네요^^ 착용감도 좋고 재질도 탄탄한것이 가격도좋고 자세교정도 되고 해서 아주 만족스러운 구매 입니다^^ 모두 요런 아이템 잘 활용하셔서 예쁜 자세 아프지 않는 자세 되시길 바래요~^^
5,착용함과 동시에 어깨 등 허리가 자동적으로 올곧게 펴지면서 몸에 기분좋은 긴장감이 생겨요^^ 평소에 지인들한테 허리가 구부정 하다는 말을 많이 들었는데 교정용으로 사용하기 좋았습니다! 두께가 슬림해서 사무실에서 겉옷 하나 걸쳐주면 착용한 티도 거의 안 나네요ㅋㅋ
2,산지 한달 밸크로 얼마안썻는데 금방 해지고 떨어짐 잘 안붙음
1,뜯어진채왔음 중고인가? 반품 귀찮아서 버림
5,사무실에서 오래 일을 하다보니 자세가 틀어지고 허리통증까지 생겨 지금부터라도 바른자세교정을 위해 교정 밴드를 착용하고 일을 하고 있어요 탄성이 좋은 밴드로 교정이 잘되니 어깨가 쫙 펼쳐집니다. 나도 모르게 생긴 잘못된 자세를 교정해주어 건강한 상태로 만들어줘야 겠어요 회사나 집 어디서든 착용하며 교정을 하고 있네요
5,좋은거 같아요 겨드랑이 좀 쪼이긴하지만 쪼이는 느낌이 들어야 허리랑 어깨 교정이 잘 되는 느낌이라 좋습니다.
5,"어깨 말림과 허리 통증 완화에 도움이 돼요! 자세가 무너지거나 오래 앉아 있을 때 어깨가 자꾸 앞으로 말리는 게 고민이었는데, 이 제품 착용하고 확실히 자세가 바로 잡히는 느낌이 들었어요. 허리도 자연스럽게 곧게 펴져서 허리통증도 덜한 것 같아요. 허리쿠션과 함께 사용하면 앉은 자세 각도가 더 안정적이라 특히 더 좋았어요! 벨크로로 조절할 수 있어서 몸에 딱 맞게 조일 수도 있고, 느슨하게도 착용 가능해서 편하게 사용할 수 있었어요. 오랜 시간 착용해도 불편함이 전혀 없었고, 신소재라 그런지 유연하고 탄성이 좋아서 활동할 때도 부담 없어요."
5,일단 전공자체가 악기고 지금도 매일 연습하고 연주가 많기에 구부정한 자세로 오래 앉아있어서 어깨랑 목 통증이 너무 심해져서 구매했어요 운동도 꾸준히 하지만 어릴때부터 연습하면서 잡혀진 라운드숄더가 나이가 드니 점점 통증이 심해지는데 아무래도 착용하면 딱 어깨가 펴지는 느낌이 들어서 처음에는 뻐근하다 느낌이였는데 착용하고 있다보니 오히려 통증이 줄어드는 느낌이더라구요 평소 44사이즈 입어서 s사이즈로 구매했고 통기성이 좋아서 그런지 여름인데도 막 답답하다 덥다 느낌이 없어서 좋아요 꾸준히 착용하면 바른자세 유지하는데 좋을거같아요!!
5,모든게 자세문제라고 여겨져서 사서 어깨 쫙 피고 있어요 어깨 좁아보이는거 싫어서 샀고 헬스장 다니면서 운동하면서도 착용해보고 있어요
5,허리가 자꾸 구부정 해지는거 같아서 사본건데 확실히 자세가 많이 딱 잡혀가네요 평소에 자세 안좋으신분들은 정말 강추 합니다
5,요즘 허리가 조금 조금씩 안 좋아 갔거든요. 근데 하필이면 요새 겨울철에 그 빙판에 넘어지니 많잖아요. 그것 때문에 허리가 좀 삐끗했는데 확실히 이걸 하고부터는 좋더라고요. 힘도 지지가 되고 생활하는 데 편하고 어깨도 펴지고 숄더도 펴지면서 자세도 잡아주면 수업도 허리에 힘이 들어가고 너무 좋더라고 가격도 좋고 추천합니다
5,하루종일 앉아서 일을 하다보니 어깨와 등이 구부정하게 굽었어요 ㅠ 제품 착용하니 어깨가 열리고 등이 펴지는 효과가 있어요~ 착용법도 간단하고 착용하고 일상생활도 가능해서 아주 만족스러워요~
2,먼저 앞뒤가 헷갈립니다. 끈을 끼우다가 고리가 바로 떨어져 버렸습니다. 반품은 귀찮아서 실로 꿰맸습니다. 목뒷쪽이 불편하네요. 거북목을 만들 것 같은 구조 입니다. 겉에 옷 입으면 목 뒤쪽에 교정 밴드가 다 보입니다. 겨드랑이도 아픕니다.
5,교정밴드 잘 샀어요 요즘 허리랑 어깨가 좀 아픈데 쓰니까 통증이 확실히 줄었어요 ㅎㅎ아주 좋네요 사이즈도 딱이고욤~
5,옛날부터 라운드숄더라 주위에서 어깨 좀 피고다니라는 소리 많이 들었는데 스트레칭도 꾸준히 하지만 평소 습관도 중요할 거 같아서 구매해봤어요! 사용한지 일주일정도 됐는데 효과가 조금 보이는 거 같아요. 꾸준히 사용해봐야겠어요ㅎㅎ
5,바른자세를 위한 작은 노력이죠! 동생이 게임만하고 책상에만 앉아있다보니 허리가 자연스레 굽어지는 모습를 보고 구매했어요 퉁퉁한 편이라서 투엑스라지를 구매했는데 딱 맞는거같습니다!!! 짱짱하게 고정되고 내구성아 좋아보여서 오랫동안 쓸 수 있을듯요!
5,사무직이다 보니 계속 앉아서 컴퓨터 하다보면 어깨나 허리가 뻐근할 때가 많은데 그럴 때 착용하면 바른 자세 유지하도록 도와주니까 통증 완화에도 도움이 되는 거 같아요. 꾸준히 써보고 효과 좋으면 부모님 선물로도 하나 사드릴까 생각중이에요.
5,어머니가 허리가 굽어지셔서 원하셔서 사드렸는데 너무 마음에 들어 하시내여 좋은 제품 감사합니다
5,요즘 자세가 너무 불량한지 조금만 앉아있어도 허리가 넘 아프더라구요 그래서 자세교정밴드 찾게되었는데 확실히 자세교정에 도움되는것같아 정말 좋아요! 사용법도 엄청 간단하고 배송도 빠르고 가격도 만족스러워서 앞으로 꾸준히 이용하고 싶네요~ 정말 좋은 제품 감사합니다~~
5,저희 남편 자세가 늘 구부정해서 그런지 거북목이며 라운드 숄더며 아주 난리거든요. 매일 아프다고 주물러 달라고 그러길래 자세교정되는 제품 알아보다가 샀는데 탄탄하고 좋네요^^ 밴드에 부착된 찍찍이? 부분이 고급인지 따갑지 않아서 좋아요^^ 남편이 110 사이즈가 넘어서 2xl 사이즈가 맞긴 한데 엄청 타이트해요ㅎㅎ 그래도 착용해보니 되게 시원하다고 뭔가 교정되는 느낌이라고 그러네요^^ 저도 궁금해서 착용해보니 배부분이 좀 크긴 하지만 마지막에 어깨 당겨주는 끈을 바짝 당겨 붙이니 그래도 얼추 맞네요~ 저도 거북목 때문에 가끔씩 근육이 뭉치는 느낌이 있는데 밴드를 착용하고 있으니 목에 무리가 덜 가는게 느껴져서 좋네요^^ 꾸준히 착용하면 효과가 있을 것 같아용^^ 남편이 좋다는거 보니 목이랑 어깨가 확실히 편하긴 한가봐요^^
5,허리디스크로 관리도 할겸 자세가 정마 중요한걸 느껴서 구매했는데 밴드자체가 짱짱하게 잘늘어나서 몸에 착감겨요 착용했을때 편안하고 바른 자세유지하는데 도움이되서 좋아요
5,어깨 밴드 아주 굿입니다 스몰사이즈 구매했는데 딱이에요! 아빠한테도 하나 사드리려구요
5,자세가 왼쪽으로 많이 치우쳐서 왼쪽어깨랑 날개뼈가 늘 아프거든여 바른자세가 절실해서 사 본 건데 균형잡기 진짜 좋습니다
5,튼튼하고 견고하게 잘 만들어진 제품이네요 착용하기도 쉽고 착용감도 좋습니다 효과 좋네요 계속 사용할 것 같아요
5,어머니 께서 굽은등 과 허리 때문에 스트레스를 받아 하셔서 이번에 자세교정밴드를 사드렸어요! 처음에 드리니 이런게 효과가 있냐며 안 믿는 눈치 셨거든요^^; 근데 요즘은 볼때마다 이거 착용하고 계심ㅎㅎ 착용을 하자마자 어깨와 등 허리가 쭉 펴진다고 신기하다고 하시더라고요~ 효과는 좋은데 가격까지 넘 힙리적인거 같아 잘 사드린듯 합니다ㅎㅎ
5,"회사에서 하루 종일 컴퓨터 앞에 앉아 있다 보니 어깨가 안쪽으로 말리고 등이 굽는 게 느껴져서 구매했어요. 배송은 하루 만에 왔고 포장도 깔끔했습니다. 착용감은 생각보다 편했어요. 처음엔 살짝 뻐근했는데 10분 정도 지나니까 어깨가 자연스럽게 펴지는 느낌이 들더라고요. 밴드가 부드럽고 통기성 있는 소재라 여름에도 땀 차는 느낌 없이 착용 가능할 것 같아요. 길이 조절이 쉬워서 남녀 모두 사용하기 좋고, 안에 얇은 티 입고 착용해도 티가 많이 안 나요. 출근할 때 1~2시간 정도 착용하고 있는데, 확실히 자세가 바로 잡히는 느낌이에요. 어깨 결림도 줄었고, 거북목 교정에도 도움이 되는 것 같아요. 가격 대비 퀄리티 좋고, 꾸준히 착용하면 효과 더 볼 수 있을 듯합니다."
5,"최근에 정직한닥터 약국입점 바른 자세 교정 밴드 어깨 숄더 남녀공용 M을 구매하여 사용해본 결과, 매우 만족스러웠습니다. 이 제품은 어깨와 등 부위를 안정적으로 지지해주어, 장시간 앉아 있는 사무직이나 공부하는 학생들에게 특히 유용합니다. 3단계 스트랩 구조와 등판 일자 고정 설계로 자세 교정 효과가 뛰어나며, PE 지지대가 목부터 허리까지 라인을 안정적으로 잡아줍니다. 또한, 통기성이 좋은 메시 원단으로 제작되어 여름철에도 쾌적하게 착용할 수 있습니다. 착용 시 어깨와 겨드랑이 부분에 무리가 가지 않도록 쿠션 패드가 부착되어 있어 장시간 착용에도 불편함이 적습니다. 벨크로 방식으로 체형에 맞게 미세 조절이 가능하여, 개인의 체형에 맞게 편안하게 착용할 수 있습니다. 가격 대비 품질이 우수하여 가성비가 뛰어난 제품으로, 자세 교정이 필요한 분들께 강력히 추천드립니다."
5,"거북목, 말린어깨, 굽은등이 있어서 자세교정밴드를 구매했어요. 착용법은 아주 간단하구요~ 꽉 조여서 착용하면 자세가 자동으로 펴지네요 ㅋㅋ 당연히 착용했을때 편하진 않지만(평소 자세가 안좋으니) 밴드가 얇은편이라 숨막히거나 답답하진 않아요! 밴드를 착용하고 있으니 편한자세가 안돼서 의식적으로 자세를 바로하게 되네요. 자주 착용해서 바른 자세를 습관화해보겠습니다"
5,"택배 뜯자마자 “오? 이게 그렇게 핫하다는 자세 교정 밴드?” 하고 쓱 만져봤는데 생각보다 탄탄~하고 묵직한 존재감 뿜뿜. 허리랑 어깨 잡아준다는 말이 그냥 광고 멘트인 줄 알았는데 나님, 이거 입자마자 어깨가 뒤로 “쫙” 펴지는 느낌? 대체 뭐임ㅋㅋ 처음엔 착용법 몰라서 멍충미 폭발했지만 모델처럼 뒤로 끈 잡아 쫙~ 당기니까 어깨가 자동으로 뒤로 가고, 등은 쭉 펴지고, 허리는 탁 잡히고... “아 본인 그동안 이렇게 구부정하게 살았다고...? 살짝 현타 왔지만 뭐, 지금이라도 고치면 장땡이죠ㅎ 특히 39cm 지지대라는 거... 이거 진짜 체감됨. 어깨 + 등 + 허리까지 삼위일체로 고정해줘서 컴퓨터 오래 하는 울집 직장맘에게 개필수템 인정. 그리고 신기한 게, 움직일 때도 거슬리는 게 덜함! 에어메쉬라 그런지 답답한 느낌도 덜하고 운동할 때도 살짝 착용해봤는데 나름 잡아줘서 자세 흐트러짐 방지되는 느낌? 쵝오..."
5,"하루 종일 앉아서 일하다 보니 거북목에 어깨도 굽고 자세가 점점 안 좋아져서 구매했어요. 처음엔 불편할 줄 알았는데 생각보다 착용감 괜찮고, 어깨가 자연스럽게 펴지더라고요. 몇 시간 착용해도 큰 부담 없고 안에 티 하나 입고 착용하면 자국도 거의 없어요ㅎㅎ 며칠 써보니 자세가 확실히 좋아지는 느낌이라 만족합니다. 운동할 때나 집에서 간단히 쓸 때도 괜찮고요 ! 과한 교정력보다 편하게 습관 들이기에 딱 좋은 제품 같아요."
5,어머님들 키165. 몸무게 65분들 2xl. 시키세요 어깨끈 배쪽으로 돌아 올때 적당합니다
5,점점 나이도 들고 컴퓨터 앞에만 앉아있다보니 자세도 구부정해지고 허리에 통증이 생겨서 주문했어요. 허리보호대로 허리를 쭉 피니까 평소 자세가 얼마나 틀어져있는지 절실히 느끼네요. 특히 밴드를 조절할 수 있는 점이 체형에 맞게 사용할 수 있어서 아주 좋았습니다!
5,평소 자세가 좋지 않아서 자세교정이 필요할 것 같아 샀어요 허리를 잘 받쳐주고 고정되니까 바른 자세 유지하는데 도움 되네요 구부정했던 자세에서 바른 자세로 교정되니까 덜 피로하고 괜찮은 것 같아요
5,아이가 공부를 할 때마다 너무 고개를 숙이고 있으니 자꾸 어깨가 굽어가는 것이 보여서 바른 자세 교육 시키려고 사게 되엇어요 ^^
5,설명서도 자세하게 나와있고 착용해 보니 어깨부터 허리까지 잘 잡아줘서 구부정하게 앉아 있을 수가 없어요. ㅋㅋ 배 쪽에 고정하는 찍찍이가 있어 뱃살도 빼야 할 것만 같은 바룬 자세 밴드에요. 1시간만 앉아있어도 허리 아팠는데 바른 자세 밴드 착용하고 있으면 불편하긴 한데 자세는 바르게 하고 있으니 오래 앉아 있어도 허리는 안 아파서 좋아요.
5,아빠가 자세가 영구부정하세요 그래서 허리 아프고 아프고 하고 하신다길래 제가 더 늦기 전에 자세 교정 밴드 한번 사드려봤어요 처음에는 조금 어색해하시더니 지금은 편하게 매일 매일 착용하고 계시네요
5,"밴드를 사용하면서 어깨와 등의 통증이 줄어 들었어요. 밴드의 탄력성이 딱 적당해서 자연스럽게 자세를 유지하기 좋고, 덩달아 라운드 숄더 문제도 해결되는 것 같아서 뿌듯합니다."
5,계속 컴퓨터작업 하다보니 어깨도 라운드가 되고 목도 아프고 허리도 굽는거 같더라고요 이게 자세도 문제지만 밤이되니 아프다고 하고요ㅠ 자세교정해서 아픈거라도 좀 줄여볼 생각으로 동생 사줬네요 이 자세교정밴드는 어깨쪽 끈을 확 땡겨서 허리 쪽 찍찍이에 붙이는 형태에요 이렇게 확 땡겨주니깐 허리가 펴진대요 힘 줘도 쉽게 원래대로 돌아오지 않으니깐 좋다네요 사이즈는 보통 성인 체격이면 이게 딱 맞네요 신축성도 좋고 답답한 두께도 아니라서 착용했을 때 불편함도 없대요 집에서 열심히 착용하고 있는거보니 사준게 뿌듯해요
5,자세 바로 잡아주는데 완전 특효약이네요 구부정해서 정말 어깨 허리 펴주고 싶었는데 아무리 말해도 안됐는데 이거 하고나니 자세가 바로 서네요 넘 만족해요
5,앉아서 작업하는 일이 많다보니 거북목과 허리가 굽어 체형이 많이 변형 되었는데 좋은 가겨대에 만점 밴드를 찾았네요
5,만성적으로 거북목인데 2년 전부터 두통까지 심하게 오더라구요 정형외과에 갔더니 거북목은 아니라는데 .. 누가봐도 거북목이거든요 ㅠㅠㅠㅠㅠㅠㅠㅠ 병원에서 안고쳐주니 나라도 교정을 해보자 해서 이 제품을 사보게 되었는데 정말 만족스럽습니다. 후기들을 참고해서 통풍이 잘 되는 매쉬타입으로 구입했구요.. 여름에도 무리없이 착용할 수 있을 것 같아요
5,어깨가 구부정한 아이가 걱정돼서 주문해봤습니다 불편할것 같다며 안하려고 하다가 겨우 입혀봤는데 생각보다 많이 당기거나 불편한건 아니라고 하네요 어깨쪽이 펴지면서 척추도 바르게 세워져서 바른자세 유지하기 좋아보여요. 꾸준히 착용하면 바른자세 만들기 도움될것 같네요~
5,"거북목에 어깨가 아프다고 해서 아는 지인 구매해서 선물하게 되었는데, 옷 위에 착용하기 편리한 사이즈라 좋다고 하네요."
5,라운드 숄더 때문에 할상 허리가 굽어 있는 것 같다는 이야기를 많이 들어요 ㅋㅋㅋ 그래서 보니까 많이 굽어있더라고요 매일 입고 다니고 있는데 좋아요
5,"물류센터 일할때 사용하려고 구매해서 사용하는데, 전보다 확실히 허리라던지 어깨라던지 덜 아프다고 생각이드네요. 벨크로도 넓게 분포가 되어있어서 사이즈 맞게 착용하면 되니 좋네요."
5,평소 거북목과 굽은 어깨로 자세 교정좀 하라는 이야기를 너무 많이듣다가 우연히 유튭에서 이런 제품이 나온거 보고 구매하게 됐어요. 생활하다보면 내 자세에 대한 생각을 잊어버리고 다시 습관처럼 안좋은 자세로 돌아가는 경우가 허다한데 이걸 하다 보니 확실히 바른자세로 있는 시간이 늘더라고요. 꾸준히 하다보면 정말 효과를 볼 것 같아요
5,자세가 고정되고 어깨가 펴지고 좋은거 같아요 매일 꾸준히 착용해야겠어요 조끼처럼 입게 되어있어서 번거로움도 덜해요~ 체형에 맞게 편안하게 조절이 가능해서 좋았습니다 품질도 좋고 만족해요!
5,딸아이가 허리가 좀 휘였다고 교정해줘야 된다고 해서 구매했습니다 저도 가끔 사용하고 있는데 답답함도 없고 불편하고 뭐 그러지도않고 딱 잡아줘서 교정되는 듯한 느낌이라 제것도 한개 더 사서 매일매일 꾸준히 잘 사용해볼려고요
5,굽은 등 어깨 척추 교정에 좋은 자세교정밴드에요 재질이 가벼우면서도 폭신해서 착용감이 편하고 좋습니다 지지대는 튼튼하게 고정 잘되서 자세교정에 도움이 많이 되구요 오래 착용해도 불편하지 않고 어깨부분 살쓸림이 없어서 마음에 들어요!
5,하루종일 앉아서 컴퓨터 작업하는 직업인데 하다보면 자꾸 거북목이되고 완전 구부정 해져서는 바로 잡고자 주문했는데 짱짱하고 잘 지지해주고 편하고 좋아요
5,착용감이 좋아서 오래도록 사용해도 답답하지 않아서 좋습니다. 허리는 물론이고 등과 어깨까지 바른자세로 유지시켜주어서 편하게 잘사용하고 있습니다. 고급스러운 벨크로 찍찍이가 있어서 조절도 가능하구요. 튼튼하고 짱짱합니다. 변형없이 오래도록 잘 사용하겠습니다. 추천합니다
5,헬스 트레이너님이 어깨 보호대 사용해야 할 거 같다고 해서 찾다가 이걸로 구매했어요 !!! 앞으로도 열심히 운동하려구요
5,"남편이 평소에 허리통증이 심해서 구매했어요. 약국입점이라 믿을 수 있고, 착한 가격에 자세교정도움을 준다고 하니까 고민없이 정직한 닥터 제품으로 결정했네요. 동일 타 제품들은 사이즈 선택 폭이 넓지 않은데 이 제품은 S부터 4XL까지 다양해서 좋았어요. 게다가 남녀공용 사이즈라 저랑 남편이 하나의 제품으로 같이 사용가능해서 더욱 좋았습니다 ^^ 먼저 처음 착용 시에는 ‘이게 맞나..?’ 싶을 정도로 타이트한데 오히려 몸을 꽉 잡아주니 확실히 자세교정을 해주고 목 뒤부터 허리 끝까지, 척추를 일자로 잡아주니까 스트레칭 되는 느낌에 시원하고, 착용감도 전혀 불편하지 않더라구요. 사용법에는 착용시간을 점차 늘리라고 되어있는데 평상 시에 자세가 올바르지 않은 사람일수록 바른자세가 어색해서 불편함이 느껴져서 그런 것 같아요. 그리고 밴드가 꽤 얇아서 겉옷 속에 입으면 하나도 티가 안나요. 그래서 운동할 때나, 업무볼 때, 공부할 때 등 생각보다 훨씬 다용도로 쓰일 것 같아요. 만족합니다 ^^"
5,몸 피는 밴딩이 사실 많은 디자인과 품목들이 많아서 뭘골라야할지 고민이 컸는데 한번 써보기엔 다 비쌌어용 ㅠ 그래서 1순위가 사실 가격 저렴한것 그리고 2순위는 후기가 많은거! 였는데 이 제품이 후기도 많고 가격대도 나쁘지않아서 일단 싸보자! 해서 주문했습니다. 주문은 역시나 로켓배송이라 빨리 왔어용. 그리고 밴딩제품이라 파손도 없이 잘 왔어용ㅎㅎ 안에 열어보니까 다른 후기도 보니 설명서가 하나도 없어서 당황스럽단 말을 듣고 아 그래도 뭐 잘 할수 있겠지 했는데 진짜 설명서 없이 내용물만 딱 들으니까 당황스럽긴 하더라구요 ㅋㅋ 다시 쿠팡켜서 제품보면서 앞뒤 다시 체크하고 해봤는데 쉽게 딱 되더라구용ㅎㅎ 남편이 덩치가 커서 제일 큰사이즈로 주문했는데 큰 사람이 쓰기에 딱 사이즈 맞았어요. 저도 한번 큰 사이즈 해봤는데 역시.. 작은 사람은 작은 사이즈해야합니다… 저한텐 아예 맞지도 않더라구요 ㅋㅋㅋ 남편이 일을 할때도 항상 심하게 굽어있어서 항상 힘들어했는데 확실히 저거 딱 밴딩하니까 딱 펴졌어요. 근데 다른후기에도 보면 거북목은 교정안된다던데 그말은 맞긴 하더라구요 ㅋㅋㅋ 거북목까진 안되고 등은 펴집니다. 하지만 이거끼다가 시간이 지나면은 헐거워져서 다시 딱!! 밴딩붙이면 빠짝 펴져서 다시 신경써줘야되겠더라구용 가격대비 가성비 좋은 제품 찾으시는 분들 한번쯤 사서 써보는거 추천드릴게용. 저도 이정도 가격이면 괜찮은거같아서 나름 만족중입니당ㅎㅎ
1,찍찍이가 너무 약해서 고정이 안됨... 좀만 움직여도 떨어져버림... 결국 울마눌님한테 등짝스메싱 당함...ㅜㅜ
5,평소에 컴퓨터 작업이 많아서 어깨가 말리고 거북목이 심한 편이라 자세 교정용 밴드를 하나 써보자 싶어서 구매했어요 약국입점 제품이라 신뢰감이 있었고 남녀공용이라 사이즈만 맞으면 부담 없이 쓸 수 있을 것 같았어요 남년공용이라 에스시켰는데 S 사이즈도 딱 맞아서 만족했어요 착용했을 때 처음 느낌은 생각보다 조이지 않고 편안하다는 거였어요 억지로 잡아당기는 느낌이 아니라 자연스럽게 어깨를 뒤로 펴주는 느낌이라 오래 착용해도 부담이 덜했어요 어깨랑 등 라인을 따라 밀착되는데 답답하지 않고 옷 안에 입어도 크게 티 나지 않아서 일상생활하면서 착용하기 좋았어요 재질도 부드러운 편이라 피부에 직접 닿아도 까슬거리거나 자극적인 느낌이 없었어요 여름에도 얇은 티 안에 착용 가능할 것 같고 땀이 나도 크게 불편하지 않았어요 벨크로 타입이라 착용과 조절도 간단해서 혼자서도 쉽게 입고 벗을 수 있었어요
5,사용하고 나니 뻐근하고 뭉쳐있던 근육이 풀리면서 한결 편안해지고 고질적인 자세도 너무 좋아지네요 진작 사용할걸 그랬어요 효과 좋습니다~
5,"노트북과 핸드폰의 잦은 사용으로 목두 많이아푸고, 어깨가 굽어서 바른자세가 중요한것같아서 저와 성장중인 딸래미~함께 사용하려구 구매해봐요. 재질이 피부에 자극없이 등받이도 어깨도! 장시간 착용에도 편안하고 허리나 어깨싸이즈는 찍찍이로 조절 가능하여서 누구나 본인에맞게 조절하여 착용가능해요! 지퍼팩으로 되어있어~때 안타게 담아서 보관도 유용하고 좋아요."
5,라운드 숄더도 심하고 바르게 앉아서 허리 펴는게 잘 안되어서 목 어깨 머리두통이 점점 심해지더라구요 교정밴드 사용하면 답답할줄 알았는데 생각보다 통기성도 좋고 착용법도 쉬워서 자주 손이 가네요
5,소재도 좋고 사용법도 간편해서 좋아요 지지되는 힘도 강력하고 아주 맘에 드네요 구매하길 참 잘한거 같아요 :)
5,잘못된 자세만 바로 잡아도 숨겨진 키를 찾을 수 있다는 상세페이지를 보고 구매를 안 할수가 없었어요. 탄성 지지대와 시원하고 편안한 에어메쉬 소재여서 땀 흡수에도 좋겠더라구요. 2중 고탄성 밴드로 등도 펴주고 가슴도 펴줘서 자세 교정에 좋습니다. 부모님도 사드려야겠어요.
5,몸에 잘 맞아요 짱짱하니 자세를 잘 잡아주고 그렇다고 막 너무 답답하거나 그렇지도 않아요 편안한 감이 있으면서도 아주 딱 자세를 잡아주는 밸런스 진짜 짱이네요
5,허리라인 지탱은너무 만족합니다 어깨라인도 쫙 펴줘서 자세가 교정되는게 어디한곳 불편함없이 만족하고 있어요 단지 배(허리라인) 감싸는 밴드 찍찍이가 생각보다 약해서 배에 힘 빡!! 주면 풀려서 아쉽습니다
5,라운드 숄더가 심해서 가만히 있어도 자세가 굽어 있는 자세더라고요 좀 고치고 싶어서 구매를 했어요 사이즈도 전혀 답답하지 않아요 잘 구매했네요
5,어깨가 굽어있어 항상 말려 있는 어깨때문에 목도 저리고 체형도 안좋아서 구매했어요 사용감은 아주 편안해요 덕분에 자세 교정 많이 됐어요
5,기존에 사용하고 있는 허리 밴드가 있긴한데 어깨 까지 같이 잡아주는 제품이 자세 잡아주기가 좋아보여서 구매하게 됐습니다 꾸준히 집에 있을때마다 사용하고 있는데 신기하게도 어깨도 많이 펴진거 같고 자세가 많이 좋아지고 있습니다
5,전 어깨가 굽어져서 자주 승모근이 뭉치고 넘 아픈데 요즘은 넘 많이 아파서 구비했어요 저도 모르게 자꾸 숄더를 구부정하게 해서 인위적으로라도 어깨를 피려고 샀는데 이걸 약 10분정도 하고 있음 불편은 하지만 뭉친 근육들이 덜 아프더라고요. 강제성은 있지만 바른자세를 잡아줘서 좋은거 같아요
5,살찌고 배나오면서 자세가 더 구부정해지더니 허리와 목에 무리가 오고 어깨도 많이 아픕니다. 그래서 구매해보았는데 등 지지대가 정말 튼실합니다. 밴드 신축성도 좋고 사용법도 간단하고 편합니다. 겨드랑이쪽 압박은 있지만 느껴질때마다 바르게 펴주면 덜 아프게 되서 아무 자극 없는것보다 나은것같습니다. 자세교정밴드 덕분에 무의식중에 자꾸 구부정해지는 자세를 고치다 보면 허리아픔이나 목아픔을 줄일 수 있을것 같습니다.
5,"❤️❤️❤️❤️❤️❤️❤️❤️❤️❤️❤️❤️ ⠀⠀⠀⠀⠀ ⠀⠀⠀ ⠀⠀⠀ ⠀⠀⠀ ⠀⠀⠀ ✅️왜 구매했냐면요? 어깨가 안으로 말려서 옷걸이 모양이 되어가고 있어서ㅠㅠ 자세교정이 시급해서 구매했어요. ⠀⠀⠀⠀⠀ ⠀⠀⠀ ⠀⠀⠀ ⠀⠀⠀ ⠀⠀⠀ ✅️써보니까 이래요 ⠀⠀⠀⠀ 자세교정 제품은 처음 사용해서 다른 제품하고 비교는 안되겠지만, 착용하고 있어보니깐 제가 얼마나 잘못된 자세를 계속 하고 있었는지 알겠어요. 제가 잘못된 자세를 안하도록 확실히 도와주네요. 바른 자세 교정하는데 효과가 좋은것 같아요. 매일 매일 착용해서 더 이상이라도 어깨가 말리지 않도록 관리할려고 합니다. 굽은 어깨나 라운드 숄더인 사람들이 사용하면 습관적으로 하던 자세늘 못하게 막아줘요 ⠀ ⠀⠀⠀ ⠀⠀⠀ ⠀⠀⠀ ⠀⠀⠀ ✅️제 점수는요 95점입니다. 가격이 저렴한데, 효과가 좋아서!! ⠀⠀⠀⠀⠀ ⠀⠀⠀ ⠀⠀⠀ ⠀⠀⠀ ⠀⠀⠀ ❤️❤️❤️❤️❤️❤️❤️❤️❤️❤️❤️❤️ ⠀⠀⠀⠀⠀ ⠀⠀⠀ ⠀⠀⠀ ⠀⠀⠀ ⠀⠀⠀ 제 리뷰가 여러분의 구매에 도움이 될 수 있으면 좋겠습니다. 솔직 담백하게 적어봤어요 괜찮으시다면 도움이 돼요 버튼 부탁드릴게요♡ ⠀⠀⠀⠀⠀ ⠀⠀⠀ ⠀⠀⠀ ⠀⠀⠀ ⠀⠀⠀ ❤️❤️❤️❤️❤️❤️❤️❤️❤️❤️❤️❤️"
5,남편이 옆에서 보면 어깨가 늘 구부정하게 있어서 바른 자세를 위해 구매했습니다. 정직한닥터 바른 자세 교정 밴드 어깨 숄더 남녀공용 제품을 처음 구매해서 사용해보는 거라서 편하게 사용하기 위해 큰사이즈로 일부러 주문했는데요 옷입고 그위에 바로 착용 하면 됩니다. 밴드부분을 잘 정리해서 부착해서 사용하면 되는데요 자신의 몸체구에 맞게 조절해가면서 찍찍이를 붙이면 되니 편리합니다. 그리고 사이즈가 커도 여성이 사용해도 사용은 편합니다. 오히려 처음 사용하는 거라서 너무 작은 사이즈보다는 넉넉한 사이즈를 사용해서 적응 기간이 있는게 더 좋을듯 한게 개인적인 생각입니다. 사용은 티비볼때 20분 정도 착용하고 있습니다. 아무래도 자세교정 보조용품으로 사용하는 제품이다 보니 하루종일 오랜시간 착용하는것 맞지 않는 것 같구요 생각날때 하루 한번씩 15분에서 20분 정도 착용하면서 바른자세를 유지하려고 그 자세를 기억하려고 생각하면서 착용하고 있는데 괜찮은 것 같습니다. 남편도 사용하고 저도 사용하고 있는데요 저렴한 가격에 좋은 제품인듯합니다. 옷입고 그 위에 착용하기때문에 따로 피부에 마찰로 자극될것은 없습니다. 편하게 사용하면 됩니다.
5,"남편이 어깨 터널 증후군 때문에 평소에 어깨가 자주 뻐근하고 자세도 구부정했는데, 이 제품 착용 후 확실히 어깨가 펴지는 느낌을 받았다고 하네요. 어깨 라인을 양옆으로 잡아줘서 등이 곧게 펴지고, 목이 앞으로 빠지는 거북목 습관도 조금씩 교정되는 것 같아요. 조임이 심하지 않으면서도 탄탄하게 지지해줘서 장시간 착용해도 불편함이 덜했고, 통기성 있는 소재라 땀 차는 불쾌감도 적어요. 등판에 쿠션감 있는 부분이 있어 착용감이 부드럽고, 스트랩 길이 조절이 가능해 체형에 맞게 맞출 수 있어 좋았습니다. 운동할 때나 컴퓨터 작업할 때 착용하면 자세 교정 효과가 확실히 느껴져서 꾸준히 사용할 예정이에요~~"
5,될 수 있으면 매일 착용하려고 노력중이에요 바른자세가 익숙치 않아서 밴드 풀고 나면 몇일은 몸이 아팠는데 적응되니 오히려 굽은 자세가 아파요
5,"요즘 컴퓨터 앞에 앉아 있는 시간이 많아지다 보니 어느 순간부터 자세가 점점 구부정 해지더라고요;; 거북목도 심해지는 느낌이라 뭔가 도움이 될 만한 걸 찾다가 자세교정밴드를 써보기로 했습니다! 처음 며칠은 어깨가 좀 뻐근했는데, 쓰다 보니까 오히려 자세가 바로 잡히는 느낌이 들었어요~ 하루에 1~2시간 정도만 착용해도 자연스럽게 자세에 신경 쓰게 되고, 무심코 허리를 구부리려다가도 다시 펴게 되더라고요^^ 특히 어깨가 펴지면서 상체 전체가 조금 더 안정되는 느낌이 들어서 좋았어요! 운동이랑 같이 해주면 효과가 더 좋은 것 같고요ㅋ 한 줄 정리하자면 ✔️ 자세 교정 시작하기에 부담 없고 ✔️ 습관 들이기에 꽤 괜찮은 도구였습니다 비슷한 고민 있는 분들께 추천드려요^^"
5,"저는 2XL, 와이프는 M으로 주문해서 사용하고 있고, 내구성이 좋아서 아직 짱짱하게 잘 사용하고 있습니다. 처남도 하나 주려고 하나 더 주문 했습니다. *** 저희는 조금 오랫동안 착용해서 30분 이상 착용해도 불편하지 않은데 처음 착용했을 때는 당황스러울 정도로 쫙~~~ 펴지는 느낌이라 조금 놀랐습니다. 특히 저희처럼 평소에 자세가 좋지 않은 분들은 살짝 당황스러울 수도 있으니 참고 하시면 좋을 것 같습니다. *** 착용법 간단하고, 등이랑 허리까지 쭉~~~ 펴지는 느낌이라 시~~~원한 느낌이 정말 좋습니다. 저희는 요즘 30분 정도 착용하고 있고, 불편한 느낌은 없습니다. *** 3개월 정도 사용했는데 변색이나 느슨해진 느낌없이 잘 사용하고 있습니다. 스스로 바른 자세로 있는 게 힘들다고 생각 들면 착용해 보시는 걸 추천 드립니다^^"
5,착용하면 쫙 땡겨주니깐 평소 자세가 얼마나 안좋은지 알수 있어요.. 조금씩 착용시간을 늘려가면 교정이 잘 될 꺼 같아요 판매자님도 친절하시고 배송도 빨랐어요 좋아요
5,아주 좋아요 사이즈도 딱 좋고 기존에 사용하던게 효과가 없어서 구매해본건데 ^^ 이거는 효과 너무 좋네요 기대 이상이에요~
5,습관을 좋게 만들어주는 참 좋은 자세밴드! +3CM바른자세밴드! 웹디 일을 하면서 허리와 등쪽이 많이 굽었습니다 등근육이 약해졌고 목에는 디스크도 왔더라구요 제가 상체 55를 입는데 M으로 하니깐 딱 맞았습니다 생각보다 너무 편해서 놀랬습니다 자세교정도 잘 되더라구요 어깨부터 허리까지 전체적으로 잡아주고 교정을 해주니 굽었던 허리가 쫙 퍼져서 아주 좋습니다! 이걸 왜 이제 알았을까요 고민하고 계신다면 정말 추천드릴께요
5,컴퓨터에 앉아서 오랫동안 문서작업도 하고 인강도 듣고 하다보니 거북목이 되가는거 같아 자세교정해야할거 같더라구요. 허리가 자동적으로 펴지면서 키도 커지는거 같아요. 탄성이 강력한 밴드로 어깨를 뒤로 당겨주고 인체공학적으로 2중밴드라 각자 맞춰쓰기 참 좋더라구요. 착용했을때 답답한것도 크게 없었고 탄성 지지대가 확실하게 고정시켜주니 느낌부터 확 다르네요 ^^
5,구부정하던 남편 어깨 등이 쭉 곧게 펴졌어요 숨어있던 1센치 키도 늘어난거 같고 사람이 자세가 좋아지니 더 멋져 보이네요
5,회사에 오래 앉아있다보니 저도 모르게 자꾸 어깨가 앞으로 굽어서 승모근이 엄청 뭉쳤더라고요 ㅠㅠ 이제라도 바른자세 유지하고 싶어서 교정용으로 구매했어요 ~~
5,"정직한닥터 바른자세 교정밴드 어깨 숄더 남녀공용 중학생 딸이 척추측만증으로 고민이 많은 엄마네요~ 진작에 자세좀 좀더 신경 쓸걸 후회가 되네요~ 필라테스를 하면서 거북목도 발견하고 아주 몸뚱아리 말이 아닙니다. 집에서 그나마 도움이 되겠지 싶어 해보니 어깨가 쫙 펴진다고 하네요~ 어깨, 등, 허리 다 잡아주면서 2중 고탄성 밴드로 어깨를 쫙 펼수 있게 도와주니 축쳐진 어깨라인이 가슴이 쫙 펴지면서 공부하는데 조금이나마 도움이 되겠다 싶어 착용 해보아요~ 자세교정밴드로 건강한 자세 만들어 봐요~"
1,리뷰보고 제품구입했는데 리뷰에속으시면 안될듯 합니다 박음질. 찍찍이 너무허술히게되어있어요 반품하기싫어서 그냥박에두었네요 다른제품으로 다시구매해야할듯합니다
5,딸이 평소에 자세가 많이 구부정해서 걱정이었는데 이번에 이 교정 밴드를 구입해 착용시켜보니 어깨가 바로 펴지는 게 눈에 보여서 정말 신기했어요. 밴드가 과하게 조이지 않고 적당히 잡아주면서 어깨를 바르게 만들어주니 착용감도 괜찮고 일상생활하면서도 무리 없이 사용할 수 있어요. 처음에는 조금 어색해했는데 몇 번 착용하더니 점점 편해지고 본인도 자세가 달라진 걸 느낀다고 하더라구요. 무엇보다 약국 입점 상품이라 믿을 수 있어서 안심이 되고 마감도 깔끔해 오래 사용할 수 있을 것 같아요. 남녀공용이라 가족 모두 함께 쓸 수 있는 점도 장점이에요. 우리 딸뿐만 아니라 저도 종종 써보려구요. 꾸준히 사용하면 확실히 자세 교정에 도움 될 것 같아 만족스러워요.
5,"평소 남편이 거북복에 목디스크가 있어서 주기적으로 손저림이 있을때마다 정형외과가서 주사를 맞고 있습니다. 의사선생님이 항상 바른자세말고는 답이 없다고 말씀하십니다. 근데... 수십년간 습관이 되어 있어서 사무실에 일할때 어깨는 항상 축쳐져 있어서 일하고나면 목, 어깨가 아픈건 사실입니다. 우연히 주위사람들이 바른자세 교정밴드가 좋다는 이야기해서 듣고 구입 해 보았어요. 태권도를 한 몸이라 상체는 좀 큽니다. ( 175cm, 85kg ) 4XL 사이즈가 딱 잘 맞는다고 말합니다. 배송 오자마자 착용한 사진입니다. 어깨를 지지해주니 너무 편하다고 이야기합니다. 진작 사서 사용할걸 뒤늦은 후회를 하네요. 밴드가 배를 쪼여서 남편 뱃살도 조금 빠졌으면 좋겠네요. 저도 목디스크가 있어서 한번 착용해보니 편하고 시원하고 구부정한 자세를 잡아줘서 어깨가 덜 아팠어요. 남편 며칠 사용하고 만족도가 좋다면 저도 작은 사이즈 구입 후 사용할 것 입니다. 밴드 사용법 설명서는 영어로 적혀 있지만 그림을 잘 보고 착용하시면 쉽게 됩니다. 며칠 사용 후 후기 더 올리겠습니다."
5,답답할까 고민하다 주문했는데 답답함 1도 없네요~ 착용 후에는 어깨를 굽히고 싶어도 굽힐 수가 없어요 ㅎㅎ 어깨는 기본이고 목까지도 강제로 펴져요. 특히 찍찍이 부분이 고정이 잘 돼서 꽉 조여도 안정적입니다. 하루에 몇시간만 해주고 풀어도 어깨 핀 습관이 남아있어서 좋은 자세가 유지가 잘 돼요 일주일 좀 넘게 사용중인데 주변에서 자세 많이 좋아졌다고 이야기 해줘서 너무 만족스러워요!!
5,사이즈 큰 것으로 주문했던 너무 커서 허리가 남아돌더라고요. ㅋㅋ 다른 가족 주고 사이즈 맞춰서 다시 주문했어요. 어깨부터 허리까지 자세 바르게 잡아주는데 처음에는 좀 힘들긴 해도 시간 지나면 덜 피로해서 티비 볼 때 몇 분이라도 하고 있어요.
5,"자꾸 구부정해지는 어깨 자세를 탈피하고자 추천템에 나와있는 이 벨트를 보고서는 이거다! 싶어서 구매를 했습니다!! 큰 기대 안하고 샀어요,,, 요즘 자세가 너무 안좋은것 같아서 교정할 겸 그냥 한번 사봤는데 기대를 안해서 그런지는 몰라도 교정 잘돼요!! 자세가 안좋았는지 몰랐는데 이거 하고나면 아실거예요!! 어깨가 확 펴집니다 처음에는 불편한데요 반팔정도의 길이 티를 입으시고 착용하시면 괜찮으실거예요 조절하기도 쉬워서 자기 어깨 사이즈 맞춰서 사용하기 좋아요 확싱히 리뷰처럼 15분정도 하더 있으면 어깨가 시원해요! 이거 한다고말렸던 어깨가 바로 펴지진 않겠지만 자세교정은 진짜 잘될거 같네요!!"
3,"어깨가 너무 아파서 이 제품을 구매했어요. 어깨 교정 밴드를 착용하면 어깨를 너무 펴야 해서 긴장되고 불편함이 있더라고요. 그 불편함을 참고 이겨내야 한다는 건 알지만, 저에게는 너무 힘들어서 결국 삼일 만에 착용을 중단하게 됐습니다. 효과가 있을 거라 기대했지만, 저와는 잘 맞지 않았네요. 이 점을 고려하셔서 구매하시면 좋을 것 같아요."
5,"구부정한 자세 교정에 좋아요. 어깨, 허리를 교정시켜주니 구부정한 자세를 억지로라도 펴게 됩니다. 밴드가 상당히 탄력있어요. 체형에 맞게 조절도 가능해요. 특히 등쪽은 딱딱한 재료로 되어 있어 구부리고 싶어도 못 구부림.. 그냥 착용하면서 일상 생활도 가능한 정도."
5,현장 근무할때 어꺠를 잡아주니 허리부터 자세가 안전감 있고 바르게 되다보니 생각보다 좋아요 이렇게 착용하고 이여서 배달시 운전까지 자세가 바르니 허리도 덜 아프고 어깨도 펴져 자신감이 있는 모습으로 비쳐져서 만족스럽네요
5,"컴퓨터 앞에 오래 앉아 있는 직업이라 항상 어깨가 말리고 거북목이 심했거든요. 그래서 자세교정 밴드 찾아보다가 평도 괜찮고 가격도 적당해서 정직한닥터 제품 구매해봤어요. 처음 며칠은 솔직히 좀 불편했어요. 어깨가 잡아당겨지는 느낌이 있어서 “이거 맞나?” 싶었는데, 하루 30분~1시간 정도씩 꾸준히 하다 보니 자세에 신경이 가게 되고 어깨도 좀 펴지는 느낌이에요."
3,반품했던 걸 준건지 박스가 다 뜯겨왔어요 반품으로 안샀는데 열자마자 짜증났지만 일단 해봤더니 효과는 진짜 좋아요 근데 진짜 온 힘을 다해서 꽉 당겨야지 등이 펴져요
5,라운드 숄더라서 사용해보려고 구매했습니다. 사이즈 잘 맞고 꾸준히 써보려해요 효과좀 있었음합니다
5,평소 거북목 증상이 있었는데 통증이 점점 심해져서 치료 받고 있거든요. 선생님께서 교정밴드 착용하면 좋다고 하셔서 하나 샀는데 어깨 잡아주고 등 부분 펴주니까 효과가 좀 있는 거 같아요. 꾸준히 쓰면 좋을 듯 합니다.
5,굳 컴퓨터 앞에 앉아잇는 시간이 많아서 주문했어요 오래 착용하면 겨드랑이 쪽이 좀 아프지만 허리를 잘 펴줘서 좋아요
5,직업상 어깨랑 팔을 자주 쓰다보니 자세가 구부정한거 같아서 자세교정 밴드가 있다는 지인 추천을 사용하는데 좋네요 입고 일하는데 불편하지 않고 자세도 펴져서 좋아요
5,라운드 숄더가 좀 심하고 어깨도 많이 아픈편이라 착용합니다 장시간 똑같은 자세로 책상에서 일을 하다보면 어께가 너무 아플때가 있는데 그럴때 바로 착용하고 스트레칭도 해주고 착용하고 작업도 하면 어깨통증도 줄고 바른자세도 유지할 후 있어서 좋더라구요~
1,업그레이드 되기 전 찍찍이 접착력이 약해서 새로 샀는데 이번에도 찍찍이는 그대로네요. 단점이 뭔지 모르는 건지 알고도 그냥 냅두는 건지 도무지 알 수가 없음. 분명히 문의사항에 이 문제점에 대해 얘기를 하는대도 그대로인 걸 보면 아무 생각이 없는 듯 함.
5,어깨와 등의 묵직하고 불편스런 느낌이 줄어들고 자세가 개선되는 느낌! 처음에 착용할때 편안한 착용감을 위해 약간의 조절만 하면 착용중에 편하게 사용할 수 있어요
5,바른자세로 허리도 펴고 키도 일센치라도 커질까해서 ㅋㅋ 사용중이에요 허리 어깨 밴드라 착용할때 편하구 좋네요
5,요새 앉아서 작업을 했더니 자세가 어깨도 구부정해지고 허리도 안펴지고 하네요… 예전에 사용하던게 있었는데.. 탄력이 많이 떨어진거 같아 새로운 걸로 구매해봐요.. 역시 새상품이라 쫀쫀함이 다르네요 ㅋ 복원력도 좋고.. 착용하면 밴드 탄력으로 어깨가 벌어지고 등도 펴지는게 느껴집니다.. 안하다 해서 그런지 좀 불편함이 있는데.. 아마도 그동안 많이 구부정한 자세였나봐요.. 복원력도 좋고 다음에 착용해도 처음과 같이 쨍쨍한 느낌이 있어 교정되고 있는 느낌이 들어 좋네요-
5,친구가 너 요즘 어깨가 왜이렇게 굽어있냐? 이러더라고요.. 충격먹고 바로 구입했습니다.. 착용감도 괜찮아서 잘 차고 있을 수 있을거 같아요!
5,"회사에서 매일 컴퓨터만 하고 어깨랑 목통증이 있어서 자주 병원에 다니고 있습니다 어깨 부분이 특히 많이 말린거 같아서 구입했어요 회사에서도 ,집에서도 차고 있을려고요 생각보다 무게감이 가벼워서 착용하기 좋네요"
4,하루 2ㅡ3번 30분정도 착용한후 아프던 오른쪽 어깨 안아파요. 감사합니다.
5,자세가 구부정하다는 소리를 주변에서 많이 들어서 자세 교정해보려고 주문했어요~ 착용 시 단단하게 잘 잡아줘서 아주 좋아요~ 남녀 공용이라 가족들과 다함께 사용하고 있어요~ 착용 후 집안일 해주고 있는데 불편함 없어 좋아요!
5,"컴퓨터,핸드폰 자주 사용하다보니 거북목에 어깨도 말리고.. 자세가 너무 무너지더라구요 신경써야지 하다가도 순간뿐이고 바른자세를 유지하기 쉽지 않아서 교정밴드 알아보다가 주문했어요 밴드를 착용하면 바른자세로 있을수 있도록 도와주고 그러다보니 전체적으로 몸매 라인도 예뻐보여서 좋네용 착용감도 편해서 꾸준히 사용해봐야겠어요!"
5,자세가 바르지 않아서 어깨도 라운드 숄더이고 거북목도 살짝 있는 것 같아서 자세 교정하는데 도움을 받을 수 있을까 싶어서 구매해 봤습니다 확실히 이걸 하고 나면 허리가 꼿꼿하게 펴지고 목이 정면을 바라보는 자세가 되어서 자세 교정에 도움이 되는 것 같아요
5,어머니 허리가 아프다고 하셔서 하나 구매했어요. 정직한닥터 보호대 한번 경험해봤어서 허리랑 무지외반증 교정기도 구매해 봤습니다. 어머님 착용샷인데 만족한다고 하셔서 기쁘네요. 튼튼하게 잘 만들어졌고 그만큼 허리를 잘 잡아줍니다.
5,"착용 하고 안하고의 차이가 큽니다. 최근에 허리가 삐끗해서 고생하고 있는데, 이 제품을 착용해보니 허리부터 어깨까지 잡아주기 때문에 부담이 줄어드는게 느껴집니다. 착용방법이 조금 어려웠는데, 해보고 나니 또 나쁘진 않네요"
5,자세가 너무 안좋아서 어깨도 굽고 거북목도 심한편이에요 일단 이거 쓰면 쫙 펴지는 느씸에 시원하긴 해요 착용하는거 자체는 간단하고 오래 착용하기에도 무난합니다 쓰는동안 시원하고 자세 잡히는 느낌이라 계속 써봐야겠어요
5,교정용으로 구매해서 잘 쓰고 있습니다 바른자세를 잡아줘서 장시간 작업할 때 척추랑 허리가 아프지 않네요 전에쓰던게 찢어져서 주문했습니다 179 70 2xl 무리없이 잘 사용하고 있어요 어제 시키니깐 오늘 배송 도착했습니다 칼배송
5,평소 어깨랑 목이 아파서 자세가 안 좋은거 같아서 자세 교정을 해볼려고요 벨크로도 좋고 사용하기 편하네요 이거 쓰고 확실히 어깨 목등이 덜 피곤하고 좋네요
5,나이가 드니깐 자꾸 꾸부정 해져서 자세 좀 신경써서 바로 하려고 주문했습니다. 어깨랑 가슴이 넓은 편인데 꽉 끼지않고 편합니다. 120사이즈인데 잘 맞습니다.
5,"하루 종일 컴퓨터 앞에서 구부정하게 앉아 있는 남편을 위해 자세 교정 밴드를 준비했어요. 요즘 어깨와 등이 많이 뭉치고 허리도 아프다고 자주 주물러달라고 하더라구요. 그래서 걱정이 되어 여기저기 알아보니 후기를 보니 효과가 좋다고 하길래 믿고 주문했습니다. 배송은 역시 로켓배송이라 하루 만에 도착해 바로 착용해 볼 수 있었어요. 4XL 사이즈를 선택했는데 조절이 가능해서 체형에 맞게 편하게 착용할 수 있더라고요. 처음엔 조금 낯설어했지만, 착용 후 바로 어깨가 펴지는 느낌이 나면서 자세가 교정되는 것을 본인도 느낀다고 하더라고요. 가장 좋은 점은 착용감이 생각보다 편하다는 겁니다. 하루 종일 쓰기에는 조금 부담이 있지만, 업무 중이나 집에서 짧게라도 착용하면 등과 어깨가 자연스럽게 펴지고, 구부정했던 자세가 점점 교정되는 느낌이에요. 소재도 통기성이 좋아 땀이 차지 않고, 디자인도 깔끔해 외출할 때 옷 안에 착용해도 티가 덜 납니다. 남편이 착용한 지 며칠 안 됐지만 벌써 어깨 결림이 조금 줄었다고 하니 사길 잘했다는 생각이 듭니다. 꾸준히 착용하면 확실히 도움이 될 것 같아 앞으로도 착용 시간을 늘려볼 계획입니다."
5,"디자인 블랙 컬러에 등 전체를 덮는 조끼형 구조예요. 뒤에서 보면 등줄기를 따라 스트랩이 가로세로로 잡아주는 형태라 착용만 해도 자세가 달라 보여요. 옷 안에 입기엔 부피가 있지만 실내에서 자세 교정용으로는 충분해요. 성능 착용하면 어깨가 자연스럽게 뒤로 당겨지고 등과 허리가 세워지는 게 확실히 느껴져요. 거북목 교정 넥키퍼와 함께 착용하면 목부터 허리까지 전체 척추가 한꺼번에 잡히는 느낌이라 시너지가 좋더라고요. 재활치료에서 권유받은 만큼 의료용 목적으로도 충분한 수준이에요. 가성비 약국 입점 제품이라 신뢰도가 있는데 일반 교정기 대비 합리적인 편이에요. 오래 쓸 수 있는 소재감이라 충분히 값어치를 한다고 느꼈어요. 아쉬운 점 오래 착용하면 조이는 느낌이 꽤 강해서 처음엔 30분~1시간씩 점차 늘려가는 게 좋아요. 여름엔 등 쪽에 땀이 차기 쉬울 것 같고, 사이즈 조절이 처음엔 헷갈릴 수 있어서 착용 방법을 꼭 한 번 확인하고 입는 걸 추천해요. 이런 분들에게 추천합니다 병원에서 자세 교정을 권유받으신 분, 평소 등이 굽거나 어깨가 안으로 말리는 분, 거북목 교정 제품과 함께 목부터 허리까지 통합 교정을 원하시는 분께 딱 맞는 제품이에요.​​​​​​​​​​​​​​​​"
5,친정어머니가 요새 들어 등이 굽고 어깨가 말리는거 같아서 친구추천으로 구입했어요 손녀도 봐주고 일도 하시다 보니 마음이 많이 아팟는데 정직한닥터 교정 밴드로 어머니 어깨와 등이 많이 교정된거같아 만족합니다 가방 메듯이 차면 되서 편리하고 몸에 맞춰서 땡겨 사용할수 있으니 좋다고 하시네요 만족합니다
5,육아에 이사에 허리가 너무 아프고 등이 굽어진 듯 해서 구매했어요 1등으로 뜨길래 빨리 구매함 오늘 시키고 오늘 저녁에 받음 허리도 펴지고 어깨도 잡아당겨줘서 자세가 훨 좋아지는 듯 함
5,몸이 곧게 펴지는 느낌이네요 제품이 양품이고 자세에 효과가 있습니다
5,"평소에 헬스를 꾸준히 하고 있고 자세에도 신경을 많이 쓰는 편이라, 조금 더 도움을 받아보고자 바른 자세 교정 밴드를 구매해봤습니다. 처음에는 약간 어색하고 어깨에 힘이 들어가는 느낌이 있었지만, 몇 번 착용해보니 점점 익숙해졌어요. 특히 운동 후 스트레칭할 때 같이 착용하면 어깨를 펴는 데 도움이 되는 것 같고, 평소 앉아 있을 때도 자연스럽게 등을 펴게 만들어줘요. 옷 안에 착용해도 부피감이 크지 않아서 일상생활에서도 부담 없이 사용할 수 있었고, 정자세를 오래 유지하는 데 확실히 도움이 됩니다. 평소 자세에 신경 쓰는 분이라면 보조 도구로써 충분히 만족하실 거예요. 앞으로도 꾸준히 사용해볼 생각입니다."
5,어깨가 많이 굽었는데 이거 착용하자마자 즉각적으로 굽은 어깨가 쫙 펴지는게 신기하더라고요^^ 매일 꾸준하게 착용하면 확실히 도움이 될거 같고요!! 두께감도 투박하지않고 슬림해서 거추장스럽지 않네요ㅋ 만족합니다~~
5,제가 어깨가 안좋아서 후기 꼼꼼하게 보고 구매를 해봤습니다 아직 사용한지는 얼마 안되었지만 꾸준히 사용하면 어깨가 좋아질 거 같네요~!!
5,요즘 자꾸 승모근이 뭉치고 아파서 하고 스트레칭 많이 하는데요 PT 선생님이 그러는데 굽은 어깨 때문에 그게 더 그런 거래요. 그래서 생각날 때마다 어깨를 한번 돌려서 어깨를 쫙 피라고 하는데 쉽지 않더라구요. 그래서 검색해보니까 이거 착용하고 있으면 좋을 거 같아서 샀어요. 집에서 있는 시간만이래도 착용하고 있으니까 확실히 어깨 펴지는데 큰 도움이 되네요^^ 바른자세 건강한몸 만드는데 큰 도움 주는 제품입니다!!
5,어깨와 등이 굽어서 도움이 될까하여 구입했습니다. 초보자는 하루 30분씩 해서 조금씩 시간을 늘려가라고 했는데 30분씩 하니까 허리와 어깨가 펴지는 느낌이 듭니다. 살짝 뻐근하기는 한데 하다보면 나아질 거라 생각 됩니다. 30분 착용하고 벗고 나서도 허리를 곧추세우고 의식하게 됩니다. 아직 많이 길게 사용하지는 않아서 잘 모르겠으나 도움이 되는것만은 확실합니다. 추천해요! 어설프게 쇠봉이 들어 있는것보다 확연히 낫습니다.
5,라운드 숄더가 좀 있는 편인데 이거 착용하니까 자세가 쫙 펴지고 몸도 편하고 좋네요 꾸준히 착용하면 더 좋아질거 같아요
5,남편이 맨날 컴퓨터 하는데 구부정하게 있어서 주문했어요 확실히 효과 좋네요
5,자세교정 잘되요 포장도 퀄리티 좋네요
3,"당체.... 이런 제품은.. 정말........ 과대 광고를 멈추어야 합니다. 아들이 자신의 어깨가.. 이 제품만 사용하면 펴질 꺼라고 생각하고.... 그게 아니라고 아무리 이야기해도.. 이런 것도 안 사주는 엄마인 것처럼 이야기하는데..... 다들.. 알 잖아요.... 이런 제품이 말린 어깨를 펴주기&quot;까지 하겠습니까? 역시나 이틀 착용하고 던져놓고... 한번 쳐다보지도 않습니다. 이런 제품은 과대광고, 과장광고 하지 맙시다. 진짜....... 별로입니다. 차라리... 푸쉬업 10회 하십시오...."
4,[ 내돈내산 솔직한 후기입니다 ] ❓구매 이유 컴퓨터랑 휴대폰 많이 보다 보니까 어깨가 점점 말리면서 승모근도 매일 아프고 만성두통까지 얻게 되었어요..ㅠㅠㅠ 매일 자세 바로 잡으려고 하는데도 집중하다보면 자꾸 풀어지길래 자세 교정 밴드 한 번 써보자 싶어서 구매했어요! ⭐사용 후기 처음 착용했을 때 &ldquo;어? 생각보다 편한데?&rdquo; 이 느낌이 바로 들었어요 어깨를 확 잡아당기는 타입이 아니라 자연스럽게 뒤로 펴지게 도와주는 느낌이라 부담 없었어요 밴드 차고 있으면 구부정해지려고 할 때 바로 티가 나요 자세 흐트러지면 어깨 쪽에서 살짝 당겨지는 느낌이 있어서 &ldquo;아 맞다 자세!&rdquo; 하고 바로 인식하게 돼요ㅋㅋ 이게 진짜 큰 장점! 미디움 사이즈로 했는데 조이지도 않고 흘러내리지도 않아서 일하면서도 계속 착용하고 있었어요! 장시간 착용해도 답답함이 심하지 않아서 하루 1~2시간씩 꾸준히 쓰기 딱 좋아요 쓰다 보니까 밴드 안 해도 어깨 펴는 습관이 조금씩 생기는 느낌이라 은근 만족 중..! ⭐아쉬운 점 처음 며칠은 어깨랑 겨드랑이 쪽이 살짝 어색할 수 있어요 그리고 이거 하나만으로 자세가 완벽해진다! 이런 건 아니라 습관 교정용으로 생각하면 딱 좋아요 ⭐총평 라운드숄더 신경 쓰이는 분들한테 추천 자세 교정 입문템으로 추천 직접 제품을 사용해보고 느낀 점을 솔직하게 써봤는데 다른 분들께도 구매하실 때 제 글이 도움이 되었으면 좋겠어요! 오늘 하루도 행복한 날들만 가득하세요:) 도움이 되셨다면 ❤도움이 돼요❤ 눌러주세요
5,"정직한닥터 약국입점 바른 자세 밴드는 어깨가 안으로 굽는 습관을 바로 잡아줘 도움이 돼요. 착용감이 심하지 않고 남녀 공용이라 편하게 사용할 수 있었고, M 사이즈도 너무 꽉 조이지 않아 일상 활동 중에도 부담 없었습니다. 자세 교정용으로 꾸준히 착용하니 등과 어깨가 한결 편해진 느낌이라 만족스럽습니다."
4,좋은데 찍찍이가 금방 수명이 다했어요
5,자세가 구부정해서 안되겠다 싶어 샀는데 진짜 자세가 바르게 됩니다 자세가 바르게 되니 키도 커보이고 좋아요 견고하니 좋아요
5,어깨가 구부러져서 항상 인생의 모든 짐이 어깨에 쏠린 기분 그래서 허리까지 아프고 어깨도 아프고 ㅠㅠ 그래서 바른자세로 허리를 펴보려고 샀어요 처음에는 불편했지만 점점 적응이 되서 완전 편하고 괜찮네요!
5,컴퓨터 앞에 앉아 일하는데 자꾸 거북목되고 어깨가 움츠러들어서 교정밴드 구매했어요 이거하니까 어깨가 쫘악 펴지네요 ㅋㅋㅋ 꾸준히 써서 습관들여야할거같아요
2,약 1주일 쓰고 있습니다. 제품 사진과 실 제품상의 차이점을 인상깊에 느끼고 있습니다. 우선 바느질이 조잡합니다. 벨크로가 너무 작아서 부착이 잘 않됩니다. 약 1개월 정도 쓰면 될 것 같습니다.
5,공부하는데. 자꾸 거북이 목이되고. 허리가 아프다고 해서 자세 교정해주려고 주문했어요. 앞으로 날씨 시원해지면 안에다 찹용하고 다닌다고 하니 지켜보려구요
5,계속 앉아있는 직업이다보니 이거없음 못살아요 벌써 3번째 구매입니다 하루종일 하고있어서 이제는 이거 안하면 너무 불편하고 자세가진짜 바라지는게 느껴져요 그리고 자세가 바를수록 살도 빠집니다 기존 엘사이즈했는데 엠으로 줄였어요!!!!!!!!!
5,허리 어깨가 좀 불편해요 병원서 자세 바르게 하는게 도움이 된다해서 허리 밴드 사용하고 있어요 밴드 상당히 편해요 확실히 자세 교정도 되고 잘 쓰고 있어요
5,"착용감이 가볍고 부담 없이 오래 착용할 수 있어요. 어깨와 허리를 자연스럽게 펴주니 장시간 앉아 있어도 자세가 무너지지 않네요. 밴드 조절도 간편해 체형에 맞게 맞출 수 있고, 통기성이 좋아 여름에도 덥지 않아요. 초반엔 살짝 어색했지만 금방 적응돼서 만족스럽게 사용 중입니다."
5,"아빠가 어깨 수술 후 자세를 바로 잡기 힘들어하셔서 구매했는데, 정말 만족스럽습니다! 평균적인 남성 체형(약간 배 나온 전형적인 아저씨 몸) 인데도 사이즈가 잘 맞고 착용감도 편하다고 하시네요. 어깨와 등을 딱 잡아줘서 바른 자세를 유지하는 데 큰 도움이 된다고 하십니다. 착용하고 나서 조금씩 어깨도 펴지고 몸이 편해지는 느낌이라며 좋아하시니 정말 뿌듯하네요. 비슷한 고민 있는 분들께 강력 추천합니다! ️ 도움이 되셨다면 ‘도움이 돼요’ 눌러주시면 큰 힘이 됩니다! ⭐️"
5,거북목 상태가 점점 심해지는듯해요 어깨도 굽어지고 허리도 꼿꼿하게 있기 힘들어해요 자세교정밴드가 잘맞아요 입기만 하면 어깨 목 허리등등 몸이 자연스럽고 바르게 펴지네요 꾸준히 잘사용하겠습니다
5,천 재질이 부드럽고 매쉬소재라 통기성도 좋아서 오래 착용해도 답답하지 않더라구요ㅎㅎ 새우잠을 자서 어깨가 안으로 말렸는데 어깨를 자연스럽게 뒤로 잡아줘서 구부정한 자세가 확실히 교정되는 느낌이에요!!
5,허리가 요즘 굽었다는 말 많이듣는데 이거사용하니까 자세가 되게 좋아지고있어요 남녀 공용으로 나와서 가족들모두 같이 쓰고있어요
5,열심히 입고 다니고 있습니다 사이즈도 고내찮고 입고 나서 허리가 딱 펴지는 것 같더라고요 착용감도 전혀 불편하지 않고요 편해요!! 잘 구매했네요
5,남편이 척추측만증이 있고 자세가 안 좋은게 이유라고 해서 자세를 바르게 해줄 아이템으로 샀어요 한번 해보니 아 이게 바른 자세이구나 싶어요 뒷모습이 멋져보임 ㅋㅋㅋ
5,아이 돌보다 보니 허리 펼 날이 없어서 구매했어요~! 허리를 넓게 감싸주는 벨트가 정말 안정감 있네요. 이걸 착용하면 저도 모르게 허리를 펴게 돼서 좋아요~ 저녁에 허리가 한결 편안해졌네요.
3,척추랑 허리랑 교정 된다길래 착용해봤는데. 허리부분을 딱 잡아줘야되는데 움직이니깐 허리부분이 가슴쪽으로 계속 올라가버리네요
5,정직한 닥터 약국 입점 바른자세 밴드 어깨 숄더 남녀공용 M 솔직하게 적어보면 처음엔 이런 밴드가 얼마나 다르겠어 싶었어요 워낙 앉아서 일하는 시간이 길다 보니 어깨가 점점 앞으로 말리고 사진 찍히면 등이 굽어 보이더라고요 그래서 반신반의하면서 착용해봤습니다 처음 착용할 때는 끈 위치 맞추는 게 조금 헷갈렸는데 한 번 맞춰두니 다음부터는 금방 착용 가능했어요 입고 나서 바로 확 펴진다 이런 느낌보다는 어깨를 뒤로 살짝 당겨주면서 아~ 내가 지금 구부정했구나.. 하고 인지하게 해주는 느낌이에요 그래서 억지로 잡아당겨 아픈 타입은 아니라 오히려 일상생활하면서 쓰기 괜찮았습니다 저는 주로 집에서 컴퓨터 할 때 1~2시간 정도 착용하는데 벗고 나면 어깨가 조금은 가벼운 느낌이 들어요 대신 하루 종일 계속 차고 있으면 살짝 답답할 수는 있을 것 같아요 옷 안에 입으면 티도 거의 안 나서 잠깐 외출할 때도 부담 없었습니다 이거 하나로 자세가 완벽히 교정된다기보다는 흐트러질 때마다 다시 펴게 만드는 보조 도구 느낌이에요 꾸준히 습관 잡는 용도로는 충분히 만족스럽고 과하게 조이는 제품이 싫은 분들에겐 잘 맞을 것 같습니다 아들은 몆번 차보더니 불편하고 거의 효과 없다고 하긴하는데 저는 올바르게 착용하니 자세가 점점 더 좋아지고 몸이 편함을 느껴져 만족하며 사용 중에 있어요~~ 계속 착용할지 모르나 만족합니다~ 만족한 구매하세요
5,"✅ 한 줄 요약 집에서 오래 앉아 일할 때 어깨와 허리를 확실히 잡아줘 편안한 자세 교정 밴드! ✅ 사용 후기 30대 후반 여성으로 재택근무를 오래 하다 보니 어깨가 자꾸 말리고 허리까지 구부정해져서 불편했는데, 이 제품을 쓰고 나서는 확실히 자세가 교정되는 느낌이 들어 만족스럽습니다. 착용감이 생각보다 편안해서 장시간 착용해도 크게 답답하지 않았고, 탄탄한 밴드가 등을 지지해주니 자연스럽게 어깨가 펴져 목과 허리까지 편안해졌어요. 특히 의자에 오래 앉아 노트북 작업할 때 평소라면 허리가 뻐근했는데, 지금은 자세가 잡혀 있어서 통증이 확실히 줄었습니다. 소재도 통풍이 잘되는 메쉬라서 땀이 차지 않아 여름에도 부담 없이 착용할 수 있고, 착용과 탈착도 간단해 매일 사용하기 좋습니다. 집에서 일하거나 공부할 때 자세가 무너져 불편한 분들께 강력히 추천할 수 있는 아이템이에요."
5,배송 빠르게 왔네요 사무실에서 사용하려고 주문했습니다 엠사이즈 잘 맞네요 허리가 자꾸 굽어지는거 때문에 신경쓰였는데 이거 쓰고 펴지는거 같네요~ 잘 사용할게요~
5,"육아, 컴퓨터 등 워킹맘이다 보니, 하루종일 거북목이고 자세도 꾸부정해서 쿠팡추천으로 구매했는데, 아주 좋습니다. 뒤에서 싹 잡아 당겨주듯이 펴지니깐 자세가 확실히 발라지고 통증들도 많이 없어 졌네요. 좋습니다."
3,탄력있는 밴드형이 아니라 메기도 힘들고 겨드랑이도 아파서 잘 안하게 되고 너무 단순해서 효과는 별로인것 같네요
3,"사진과 같이 이물질과 실밥의 상태는 그렇다 하더라도, 제품에서 남자 화장품의 냄새가 많이 납니다. 제품을 착용하고 보니 옷과 손 끝에도 냄새가 진하게 베일 정도 입니다. 중고물품을 산 것도 아니고 새제품에서 날만한 냄새가 아니기 때문에, 다른 사람이 착용했었을 것 같은 느낌을 지울 수가 없습니다."
5,어깨가 자꾸 말려서 교정하고자 구매했어요 일단 확실히 잘 펴져서 좋아요!! 물리적인 힘을 얻어서 교정하니 저한테는 편합니당 ㅎ
5,"쳐진어깨를 잘 잡아주네요 어깨가 밑으로 많이 쳐져 있어서 거북목까지 있어서 머리가 띵하고 뒷골도 많이 땡겼는데, 바른자세밴드를 하고 확실히 어깨를 잡아주니깐 목이랑 허리가 덜 아픕니다. 가격도 저렴하고 배송비도 무료에 다음날 칼배송으로 받았습니다. 매일 꾸준히 착용하겠습니다."
5,착용감도 생각보다 더 편하고 몸에 잘 맞고 자세 바로 잡아주네요 어깨 등 허리 통증 있엇던 것도 줄어들고 몸에 잘 받는것 같아요 잘 쓰고 있습니다
5,적당히 잡아주는 느낌이 의식적으로 몸을 세우게 되고 교정해줘서 바른자세가 되네요.어깨가 많이 펴졌어요.
5,"자세 교정 밴드를 처음 써봤는데 생각보다 효과가 좋아서 놀랐어요! 평소에 구부정한 자세 때문에 어깨 통증이 심했는데, 이거 쓰고 나서 통증이 많이 줄었어요ㅎㅎ 착용 방법도 간단하고, 사이즈 조절도 쉬워서 누구나 쉽게 사용할 수 있을 것 같아요. 소재도 부드러워서 피부에 자극도 없고, 통기성도 좋아서 오래 착용해도 땀이 안 차더라구요. 착용하고 있으면 의식하지 않아도 자세가 교정되니까 일상 생활에서 꾸준히 사용하면 좋을 것 같아요. 저처럼 평소에 자세가 안 좋으신 분들께 강력 추천합니다!"
5,어깨를 곧게 펴 줍니다 착용 방법이 간단하고 불편하지 않아요 바른 자세를 유지하는 데에 도움이 되네요
5,보는 친구들이나 어른들이 어깨좀 피고 다니라고 해서 스트레스 받아서 좋아! 펴주 겠어! 하면서 구매했습니다 펴보니까 세상이 조금 다르게 인지되네요 자신감이 붙었달까.. 좋습니다 교정하겠습니다!
5,사무직이다 보니 매일 앉아있는데다 자세도 구부정해서 거북목이나 일자목 증상이 있거든요. 그런데 여기 교정밴드 차고 생활하다보면 조금씩 나아지는게 느껴져요. 집에서 간단하게 스트레칭 하는 거랑은 차원이 다른 효과네요.
5,아들래미가 허리가 구부정해서는 사줬는데 너무 만족스럽네요 목부터 허리 어깨 다 아프다고 하더니 사용하니 찡찡대던게 없어졌어요 자세 바로 잡혀서 좋네요
5,친구가 등이 너무 구부정하다고 사진 찍어서 보여줬는데 심각하더라구요.. 그래서 평소에 어깨랑 허리가 많이 아팠나 싶더라구요~! 병원을 가봐야하나 고민하다가 우선 바른 자세를 연습해보자 생각하고 자세교정밴드를 구매했어요! 약국입점 제품이라 정직한닥터 브랜드로 선택했는데 사길 잘 한 것 같아요~ 착용하자마자 어깨랑 등이 쫙 펴지는데 신기하더라구요. 아무래도 교정기를 착용하면 불편할 꺼라는 편견이 있었는데 이 제품은 오히려 삶의 질을 높여준다라는 생각을 갖게 해주었어요 평소에 신경쓰지 않아도 자연스럽게 교정되니깐 통증도 덜 하고 바른 자세로 오래 유지되니깐 피로감도 적게 느껴지더라구요. 벨크로 형식으로 체형에 맞게 조절되서 활동하기에 더 편했고 옆구리 허리 부분에는 메쉬 소재로 통기성이 우수해서 여름에 착용하기에 시원하고 좋습니다. 남편도 매일 허리아프다고 해서 써보라고 했더니 요즘은 저 보다도 남편이 더 사용하더라구요. 바른 자세는 물론 통증까지도 완화시켜주는 자세교정밴드 요즘 애정템이 되었답니다!! 강추강추
5,허리밴드가 자세 고정에 도움이 된다기에 사용하고있어요 허리가 펴지고 어깨도 펴지지 덜 피곤하고 좋네요 밴드 착용법도 간단하고 좋아요 배송도 빠르네요
5,와이프가 사용합니다. 자세교정에 도움이 됩니다. 어깨가 쫙 펴지는 것 같아요 추천합니다.
5,사실 바른자세 유지가 가장 중요한건데 그게 진짜 쉽지않더라구요 매일 편하게 앉아버리고 폰본다고 목 빼고 허리는 구부정하게 일한다고 오른쪽만 많이 쓰다보니 아효 아픈곳이 이만저만이 아니었어요 자세교정이 안되면 병이 더생길거 같아서 구매해서 착용했는데 ㅎ 허리어깨가 아주 잘펴지네요 ㅋ 처음착용할땐 이게 맞나 싶었는데 계속하고 있으니 허리도 안하푸고 어깨도 펴지고 너무 좋았어요^^ 똑바로 앉아있는 시간이 길어지면서 요즘은 착용안할때도 허리어깨 잘펴고 있어요 저는 도움많이 받고 있답니다 정장 안에 입고 있어도 크게 티안나서 좋습니다 ^^
5,어깨가 말린 어깨여서 항상 아팠는데 지인이 허리밴드 알려줘서 사용하면서 신세계네요 어깨가 펴지지 확실히 덜 아프고 자세도 고정이 되서 만족하고 쓰고있어요
5,컴퓨터 앉아서 일을 하다보니 아무래도 자꾸 자세가 흐트러지게 되네요 한번씩 허리 통증이 있어서 바른자세 밴드 착용하고 있습니다 처음에는 조금 불편한 느낌이 있었는데 하루 지나니 곧 적응되네요 어깨 허리 밴드 착용하니 자세 흐트러짐을 많이 잡아주네요
3,실착 내돈내산입니다 자영업으로 인해 하루 14시간 풀근무를 하니 어깨에 물이 차서 어깨가 말려버렸어요. 어깨를 들지도 못해서 도수치료 권장 받으며 자세 때문에 사서 착용 해봤슴다. 에어컨 빵빵한 매장에서 사용했는데 통풍 있다고 한 것 같은데 너무 더워요 허리가.. 겨드랑이 너무 아파여… 근데 자세 교정은 되니 좋은데 전 그냥 신랑이 쓰던 거 쓸래요
5,바른자세만 되어도 웬만한 통증은 다 나아지기 때문에 수차례의 물리요법보다 바른자세밴드를 활용하는 것이 훨씬 낫다는 생각이 들었습니다
5,"하루종일 구부정한 자세로 있어서 목,허리,어깨 통증이 있는데 교정밴드 하고 나니까 자세 잘 잡아주네요 자세교정에 많이 도움 될 것 같아요 통기성도 좋아서 땀 안차서 잘 입을 것 같아요"
5,어깨랑 허리 펴주는데 확실히 도움되는거 같아요 말린어깨가 펴지니 시원하고 좋아요 짱짱해서 오래 쓸수있겠어용
5,앉아 있는 자세가 안좋다 보니깐 거북목이 되더라구요 그래서 주문하게 됐는데 자세 교정밴드 착용하니깐 확실히 허리랑 어깨가 고정되니깐 자세가 나아지더라구요 목도 덜 아프고 좋아요 잘 사용할께요
5,통증에 진짜 효과 좋아서 깜놀했네요 진작 할걸! 그동안 제품에대한믿음이 없었는데 이 제품은 믿음이 확 가요 매일 매일 열심히 씁니다
5,구매일 : 2023.06.15(목) 배송일 : 2023.06.19(월) 제가 굽은 어깨가 심해지는것 같아서 쿠팡을 보다가 가격이 저렴해서 주문했습니다. 친구가 여기 제품은 아니지만 비슷하게 생긴 제품을 구매해서 착용을 하는데 확실히 하고 나면 어깨도 펴지고 허리도 더 편하게 펴지는 느낌이라고 하길래 저도 믿고 구매해봤습니다. 배송이 오자마자 뜯어서 사용해봤는데 사용 방법은 따로 설명서를 보지 않아도 어떻게 사용하는지 알겠더라구요. 착용하니깐 확실히 몸이 펴지는게 느껴지는게 한번 꾸준히 착용해보려고 합니다!!
5,어깨가 쫙쫙 펴지는게 자세잡기에 딱 좋습니다 탄력도 좋고 답답한 느낌보다는 어깨를 펴주니 시원한 느낌이 듭니다
5,순위 추천에 떠서 샀는데 정말 짱짱하니 괜찮네요~~!! 어깨아파서 요즘 매일 잘 쓰고 있어요
5,저도 모르게 자꾸 구부정하게 앉다보니 항상 목 어깨 허리 안아픈곳이 없어서 큰맘먹고 구매합니다
5,앉아서 공부만 하는 우리 딸 허리 굽을까 걱정이라 사줬더니 자세가 바로 잡히고 있어요 사주길 잘했네요 편하다면서 공부할때 계속 사용하네요 ^^
5,착용하고 있으면 굉장히 시원한 느낌~ 들면서 정말 편해요. 척추 라인 따라~ 단단한 부분으로 고정되시켜주고요. 그리고 어꺠에 감아서 전체적으로 텐션 주면서 쫘악 잡아당겨서 고정해요 ㅎㅎ 스스로 편한 느낌 찾아서 하믄 되는~ 옷 안에 착용하고 있어도 얇아서 목뒷부분 뺴고는 별로 티 안나요~
5,배송이 정말 빨라요!!!! 어제 점심쯤 주문해서 오늘 받았어요 등에 받쳐주는 지지대가 짱짱해요 가격도 저렴하고 허리를 잘 펴주네요!!
5,굽은 허리와 어깨로 인해 자세가 안좋다는 얘기를 많이 들어서 저희 아이 착용해보라고 사줬어요. 일단 처음엔 좀 불편하다고 하는데 제가 해보니 괜찮더라고요. 다시 얇은 옷위에 해보니 가슴이 쫙 당겨지면서 허리가 곳곳이 펴지네요. 정말 신기했습니다. 오랜시간 착용하면 힘들어해서 처음엔 30분정도만 하고 있으라고 했어요. 바른자세라고 칭찬 많이 해주니 잘 착용하고 있네요. 저도 같이 쓰려합니다.
5,"구매 동기 평소 라운드숄더가 심한 편이라 웨이트 트레이닝, 특히 가슴 운동을 할 때마다 어깨 전면에 통증이 느껴져 고민이 많았습니다. 자세가 무너진 상태로 운동하니 자극도 제대로 안 오고 부상 위험도 느껴지더군요. 약국에도 입점된 브랜드라는 점과 체격이 있는 저에게 맞는 2XL 사이즈가 있다는 점을 보고 신뢰가 생겨 구매하게 되었습니다. 착용감 및 사이즈 (2XL) 운동을 하는 남성이라 어깨격이 있는 편인데 2XL 사이즈를 선택하니 너무 과하게 압박하지 않으면서도 어깨를 뒤로 적절히 당겨줍니다. 벨크로 타입이라 체형에 맞게 강도를 조절할 수 있고 안감 소재가 부드러워 장시간 착용해도 피부에 큰 자극이 없었습니다. 사용 후 느낀 변화 자세 교정 효과 착용하자마자 말려 있던 어깨가 뒤로 펴지면서 가슴 근육이 이완되는 게 느껴집니다. 억지로 힘을 주지 않아도 바른 자세를 유지하도록 도와주니 일상생활에서도 자세에 신경을 쓰게 됩니다. 운동 효율 상승 평소 운동 가기 전이나 후에 집에서 착용하고 있는데 어깨 위치가 제자리를 잡으니 가슴 운동 시 느껴지던 특유의 어깨 통증이 확실히 덜합니다. 가슴 근육에 집중하기가 훨씬 수월해졌습니다. 약국 입점 제품이라 그런지 전체적인 마감이나 내구성이 탄탄합니다. 저렴한 제품들과는 확실히 지지력에서 차이가 납니다. 총평 저처럼 라운드숄더로 인해 운동 시 통증을 겪거나 일상에서 구부정한 자세가 고민인 분들에게 적극 추천합니다. 특히 체격이 큰 남성분들도 2XL 사이즈로 편안하게 교정 효과를 볼 수 있다는 점이 가장 만족스럽습니다. 꾸준히 착용해서 바른 자세를 습관화해 보려 합니다."
5,"라운드숄더 고민 해결! 약국 입점 제품이라 더 믿음이 가요. 평소에 컴퓨터 작업을 많이 하다 보니 어깨가 안으로 굽는 라운드숄더가 심해져서 스트레스가 많았어요. 시중에 교정 밴드가 워낙 많아서 고민했는데, 이 제품은 실제 약국에 입점되어 판매되는 제품이라고 해서 훨씬 안심하고 선택했습니다. ✅ 직접 착용해본 후기 • 교정력: 착용하자마자 어깨를 뒤로 가볍게 당겨줘서 구부정했던 자세가 바로 펴지는 게 느껴져요. 억지로 세게 조이는 느낌보다는 자연스럽게 바른 자세를 유지하도록 도와주는 느낌입니다. • 착용감: 남녀공용 M 사이즈로 구매했는데, 답답하지 않고 몸에 잘 맞네요. 옷 안에 입어도 크게 티가 나지 않아서 일상생활 중에 착용하기 좋습니다. • 신뢰도: 아무래도 몸에 직접 닿고 자세를 잡아주는 거라 검증된 제품을 쓰고 싶었는데, 약국에서도 파는 브랜드라 그런지 마감이나 재질이 확실히 탄탄하고 정직한 느낌이에요. 라운드숄더 때문에 어깨 통증도 가끔 있었는데, 꾸준히 착용하면서 자세 습관 좀 고쳐보려고요. 저처럼 구부정한 자세가 고민인 분들에게 강력 추천합니다!"
5,근무할 때 어깨가 구부정하게 자세가 흐트러져서 착용해보려고 구매했어요 허리까지 쫙 펴고 있을 수 았게 고정해줘서 좋고 착용감이 좋아요 이거 착용하면 어깨 구부정해지루일은 없을것 같아요 촉감도 부드러워요
5,동생이 어릴 때부터 습관적으로 등을 굽히고 다녔거든요. 뭔가 어깨 피는게 부끄럽다 생각했나봐요. 습관적으로 굳어져버렸더라구요. 성인되어서 습관 고치려니 쉽지 않나봐요. 제가 좀 더 쉽게 의식적으로 교정할 수 있게 밴드형 교정기를 사줬더니 좋아하네요. 어깨와 허리까지 감싸주고 혼자서도 착용하기 편해서 잘 쓰고 있다합니다.
5,성장이 더딘거 같아 클리닉에 갔더니 자세부터 문제라고 해서 관리받으면서 집에서도 챙겨주려고 구매했어요 어깨가 들어가니 가슴도 오목해지는데 요걸로 어깨 확 제껴주니 가슴도 쫙 펴지네요 거북목 관리에도 좋다는데 스판력이 진짜 짱짱해요
1,"아무런 의미도 가치도 효과도 없는 쓰레기. 아무런 압박감도, 지지감도 아무것도 없는 쓰레기. 돈이 썩어 넘쳐서 버리고 싶으시다면 추천합니다."
5,남자친구한테 선물로 줬는데 생각보다 퀄리티가 좋아서 깜짝 놀랐어용 ㅎㅎㅎ 재질이 탄탄해서 등을 딱 잡아주는 느낌이고 입었을 때 자세가 확실히 바로 잡히는게 느껴진다고 하네요 ! 착용감도 편하다고 해서 선물 준 입장으로서 뿌듯뿌듯 :) 배송도 빨라서 오늘 바로 받았습니당
5,스몰 사이즈 작지는않을까 걱정했는데 사이즈 부분에서 압박감있게 잘 맞아서 좋네요. 매일 잘 착용해보려합니다
5,** 저희 아들 살이 찌면서 자세도 구부정해지고 어느순간부터 허리며 목이며 아프다고 날리에요 ㅠ.ㅠ. 날도 추우니 평소에 착용할때 티나지 않고 자세 교정에 좋은걸로 열심히 찾아보다가 데리고 왔네요 ** 제품 포인트 1. 어깨를 뒤로 당겨주는 고탄성 밴드 2. 개인 맞춤형 인체공학적 2중 밴드 3. 시원하고 편안한 에어매쉬 소재 ** 착용후기 착용방법은 어깨에 걸치고 착착 감아주기만 하면되서 우선은 좋고만요 2중 고탄성 밴드라 몸 컨디션 따라 어깨 조임을 셀프로 조절 가능하니 착용하고 있어도 그렇게 힘들거나 피곤하지는 않다고 하더라구요 착용했을떄 확실히 아들 등이 펴지는게 눈으로 보이기도 하고 아이도 불편하지 않은지 자주 착용하게 되서 요새는 목이나 어깨가 덜 아프데요 저도 말린어깨라 아들 안할때 살짝 살짝 해봤는데 역시 편하네요
5,뱃살이 나와서 좀 쫄리긴하는데 어깨를 바르게 펴줘서 어깨가 넓어보이는 효과가 있습니다 ㅎㅎㅎ 이거 입고 티셔츠 입으면 티도 안나고요 좋아요
5,자세교정을 위해서ㅜ구매했는데 하고있을때 어깨를 쭉 펴주니깐 좋아요
5,188cm 80kg 남편사줬어요 사무실에서 일 할 때 쓴다는데 요긴하대요! 바른자세 잡는데 도움이 된다고 합니다! 만족합니다!
5,허리쪽을조이면 어깨가펴져요 신랑이날씬인데 혹시몰라 xL로 주문했는데 잘한거같아요
5,가슴 운동 많이 하니까 어깨가 말리네요 ㅜㅜㅋ 등근육 잡기전에 미리 잡아줍니다
3,허리목교정 차원에 구매했으나 막상 잘 쓰지않아 또 재놓네요ㅜㅜ
5,고등학생 아들 자세교정이 필요한 것 같아서 구입 했어요 자세교정밴드는 처음 사용해 보니 아들이 처음에는 조금 힘들어 했어요 아마 그만큼 자세가 평소에 좋지 않아서 그런 것 같네요 딱 착용하면 어깨랑 허리가 쫙~~~ 펴지네요 집에서 20~30분 정도 자세교정밴드 착용하고 있는데 아이도 확실히 자세교정에 좋다면서 스스로 잘 착용하고 있어요
4,"실제로 사용해보니 만족스럽습니다 ✔ 구매 이유 최근 어깨가 자주 결리고 뻐근해서 원인이 자세 때문 아닐까 싶어 구매했습니다. 거북목 교정도 필요했고, 나이가 들수록 배도 조금씩 나오는 느낌이라 전반적인 자세 교정용으로 선택했습니다. ✔ 사이즈 참고 (체형 비슷하신 분들 참고하세요) 키 170cm / 몸무게 65kg ➡ 2XL 구매 L사이즈가 없지만 2XL가 대략 L 느낌입니다. 사이즈 선택에 고민이 있었는데 결과적으로 잘 맞습니다. ✔ 1주일 실사용 후기 컴퓨터 할 때, 소파에서 TV 볼 때 주로 사용 중입니다. 착용 중에는 확실히 자세가 바로 잡히는 느낌이 들어요. 목, 어깨 부담이 확실히 줄어드는 게 느껴집니다. 처음에는 살짝 어색했는데 며칠 쓰다 보니 적응되고 크게 불편함 없습니다. 마감도 괜찮고, 하자 없이 잘 만들어졌습니다. ✔ 아쉬운 점 (솔직히 적어봅니다) 아무래도 착용 중에만 교정 효과가 유지됩니다. 벗고 시간이 지나면 어느새 다시 구부정해지는 건 어쩔 수 없더라구요. 이건 제품 한계보다는 제 의지 문제 같기도 합니다. 겨울철 외투 안에 입고 나가는 건 무난할 것 같은데, 여름철 야외에서는 착용이 조금 부담스러울 수 있습니다. ✔ 총평 비슷한 고가 제품들과 비교해도 가격 대비 기능이 충분히 만족스럽습니다. 무조건 이 제품이 기적처럼 알아서 교정해주는 건 아니지만, 내가 신경 쓰고 교정하려는 의지에 확실히 도움이 됩니다. 계속 사용하면서 더 변화가 있으면 추가로 업데이트해보겠습니다."
5,평소 일자목에 라운드 숄더라 구부정한 자세 때문에 어깨와 허리도 많이 아프고 두통도 있어 치료를 받았어요. 치료 받을 때는 괜찮은데 자세가 습관이라 완전히 좋아지지는 않더라구요. 그러다가 바른 자세 밴드를 알게 돼서 써보게 되었는데 너무 좋네요. 의식적으로 바른 자세를 유지하지 않아도 자연스럽게 허리와 어깨가 펴지면서 자세교정이 되서 좋네요. 무게도 가볍고 매쉬소재라 더운 여름에도 땀찰 걱정없이 잘 착용할 수 있을 것같아요. 가볍고 사용하기도 편하고 너무 좋아요. 계속 잘 사용할 것같습니다.
5,"1. 구매 배경 출산 후 저 역시 어깨가 말리고 등이 구부정해져서 고민이 많았습니다. 장시간 앉아 업무를 보는 신랑도 같은 문제를 겪고 있어, 부부가 함께 사용할 수 있는 남녀공용 바른 자세 교정 밴드를 찾던 중 이 제품을 선택하게 되었습니다. 2. 제품 착용 및 사용 방법 사용 방법은 매우 간단합니다. 어깨에 걸친 후 스트랩 길이만 조절하면 되며, 복잡한 장치 없이 혼자서도 쉽게 착용할 수 있습니다. 처음 착용하는 분들도 1~2회만 해보면 금방 익숙해집니다. 3. 착용감과 효과 착용 즉시 어깨가 뒤로 열리며 등이 곧게 펴지는 느낌이 확연합니다. 강도가 과하지 않아 장시간 착용해도 어깨나 팔에 큰 압박이 없고, 통풍성이 좋아 여름철에도 땀 차는 불편함이 거의 없습니다. 덕분에 출산 후 체형 관리와 신랑의 거북목·굽은 어깨 교정에 모두 도움이 됩니다. 4. 활용도와 만족도 집에서 가사일을 하면서, 혹은 신랑이 사무실에서 근무할 때 틈틈이 사용하기 좋습니다. 남녀 모두 체형에 맞게 조절 가능해 부부가 함께 쓰기에도 효율적이며, 착용 후 바른 자세가 유지되는 시간이 점점 늘어나는 것을 느낄 수 있습니다."
5,필요해서 샀어요 자세교정밴드 ! 출산 후 허리가 자주 아파요 그런데 친한 친구가 최근 허리 디스크 돌출로 119 실려가는 일이 있었는데 자세가 삐뚤은게 원인이라고 하더라구요 안되겠다 자세를 바르게 해야겠다 싶더라구요 매일 오래 앉아서 일을 하는 직업이다보니 올바른 자세로 앉아있지 않으면 진짜 큰일 나겠더라구요 그래서 부랴부랴 검색해서 구입했습니다 . 자는 평소 66사이즈 입는 여성이고 M사이즈 샀는데 잘 맞아요 착용 방법은 우선 허리를 조여서 벨크로로 붙여주고 어깨끈을 허리 뒤로 한번 감아서 허리벨트에 벨크로로 붙여줘요 어제 밤에 자세교정밴드 하고 설거지도 하고 했더니 지금 아침에도 자세가 교정된 상태로 보여져요 마음 같아서는 회사에서도 종일 착용하고 있고 싶지만 아직 여름이라 가을 겨울 되면 옷 안에다가 착용 하려구요
4,거북목이 심해져서 구매 했는데 자세교정은 어느정도 되는것 같은데 장시간 착용하면 허리 밴드가 가슴으로 올라가는 현상 발생. 이것만 보완하면 very good~
5,컴퓨터 작업을 오래하다 보니까 자연스럽게 몸이 앞으로 쏠리고 어깨가 안으로 말리는 라운드숄더가 되더라고요. 목도 좀 거북목 증상이 있고요. 거울로 옆모습을 보니까 등도 좀 굽어 보이고 어깨 라인이 정말 이상한 것 같아서 사 봤는데요. 완벽하지는 나아지지는 못해도 좀 챙기긴 해야겠더라고요. 박스와 지퍼백 포장으로 되어 있고요. 착용하는 법은 한두번만 알면 쉽게 되더라고요. 어깨끈을 뒤편에 X자 형으로 되도록 집어넣어주고 옷을 입듯이 팔을 어깨끈에 넣어준 다음에 허리쪽 밴드를 붙여주고 다음 남은 어깨끈을 허리밴드쪽에 붙여주면 착용이 끝나는데요. 어깨끈을 당겨서 붙이는 강도에 좀 더 자세를 타이트하게 갈 것인지 조금 느슨하게 갈 것인지 결정할 수 있어요. 다만 처음부터 강하게 할 필요는 없고 적당히 불편함 없도록 해 주면 되면 되더군요. 착용하면 자세 때문인지 처음에 조금 불편함이 있는데 첫날 지나고 나면 조금은 적응해서 크게 불편함은 안 느껴지네요. 평소 취하던 이상한 자세가 바로 좀 느껴지기 때문에 자세를 바르게 잡는 것도 있고 허리 라인도 잘 잡아주니까 생각보다 편하게 쓰고 있네요.
5,취미로 필라테스 시작했는데 선생님께서 거북목이나 굽은어깨라 평소 자세를 잘 신경써야한다고 해서 극단의 조치로 바른자세 구매했습니다 ㅋㅋ 허리를 잘 펴줘서 허리가 편안하고 데일리로 착용중인데 불편하지 않고 편안하게 자세를 바르게 해줘서 좋네요~ 몇일 사용해보니 키가 좀 커진 것 같기도하고요?ㅎㅎ 잘쓸게요
5,착용 즉시 어깨가 펴지고 허리가 세워지는 느낌을 받아요~~ 최근 자세가 좀 잘못됐는지 자꾸 허리랑 목이 좀 안좋아서 고생했는데 덕분에 어깨 짱짱하게 잡아줘서 쫙 펴져요. 사이즈 M 했는데 마른 남성까지 커버 가능할 듯 해요. 벨크로도 부드러운 편이고 탈부착이 용이해서 잘 쓰여요. 허리랑 어깨까지 두루 잡아줘서 더 좋아용^^
5,평소에 어깨가 말려 있고 거북목이 심해서 자세 교정용으로 구매했는데 약국 입점 제품이라 그런지 믿고 구매했어요 착용했을 때 처음엔 약간 조이는 느낌이 있지만 자세가 바로 잡히는 게 느껴지는 제품이였어요 너무 강하게 잡아당기지는 않아서 일상생활하면서 착용하기 괜찮았어요 ㅎ
4,라운드숄더가 심해서 도움좀 받고싶어 구매했어요.효과가 있길..
5,아버지 사드렸는데 너무 좋아하세요 바른자세가 되고 안좋았던 어깨 허리가 좋아지는 거 같아 만족하시네요 사이즈도 좋고 착용감도 불편하지 않아 좋습니다 추천합니다
5,"남편이 사진찍어주다가 제가 라운드 숄더랑 거북목이 너무 심하다고 해서 사진보니 진짜 더라고요 ㅠㅠ 그래서 자세 교정 밴드 알아보다가 후기가 좋아서 주문했어요. 스마트폰을 자주 사용하다 보니 어깨와 목이 계속 앞으로 말려 부담이 컸는데, M 사이즈로 주문해서 저랑 중학생 아이도 번갈아 착용하고 있습니다. 가족이 같이 착용가능해서 좋아요. 심플하고 깔끔한 디자인이라 집에서도 부담 없이 착용할 수 있고, 아이는 학교갈때 교복 재킷 안에 입었는데 두께가 부담스럽지 않아서 보이지 않아서 좋았다고 합니다. 혹시 오래 차고 있으면 조이는 느낌으로 피부 상할까봐 걱정했는데 부드럽고 신축성이 좋아서 피부 자극이 없더라고요. 눌림은 적은데 자세 교정은 잘되서 좋네요. 조이는 느낌 없이 적당히 잡아주는 탄력이라, 하루 2~3시간 정도 착용해도 어깨나 팔이 저리지 않고 편안합니다. 등이 곧게 펴지고 어깨가 앞으로 말리는 습관이 줄어서 자세가 확실히 달라졌습니다. 아이도 공부할때 착용했더니 착용하는 순간부터 거북목을 하는게 더 불편해서 거북목을 안만들게 되더라고요. 아이 거북목 자세 교정되는거 보면서 만족합니다. 와우 회원이라 배송도 빨라서 바로 사용해볼 수 있었고, 라운드 숄더와 거북목이 고민인 분들께 추천합니다."
5,코딩 공부를하다보니 허리와어깨가 계속 말려들어가서 이대로는안될것같아서 자세교정해주는거 주문했는데 불편하지않고 지지를잘해줘서 운동할때나 공부할때 바른자세유지할수있게되어 정말 만족합니다.
5,배송 빠르게 잘 받았어요 평소 자세가 좋지 않고 하루종일 앉아서 근무하니 자연스럽게 허리도 굽어지고 어깨결림이 심해져서 자세교정이 필요할 것 같아서 구매했어요 일하는 동안 착용했는데 통기성이 좋아서 장시간 하고 있어도 답답함이 없어요 허리 뒤를 받쳐주고 고정이 되니 무의식적으로 자세를 굽어지지않도록 잘 잡아주어 만족스러워요 바른자세를 유지하는데 도움이 될것 같아요
5,"⭕ 등과 어깨라인을 동시에 당겨주는 구조 ⭕ 통기성 있는 소재로 장시간 착용 가능 ⭕ 벨크로 방식으로 체형에 맞춰 조절 용이 ⭕ 남녀공용 사이즈로 누구나 편하게 착용 ✅ 평소 스마트폰이나 노트북을 오래 하다 보면 거북목이 심해져서 구입하게 됐어요. 제품 도착하자마자 착용해봤는데 처음엔 살짝 어색했지만, 하루 이틀 지나니 오히려 어깨를 펴고 걷는 게 편해졌어요. ✅ 특히 어깨 부분이 자연스럽게 뒤로 당겨지면서 등이 펴지고, 거울 볼 때 자세가 달라진 게 확연히 느껴졌어요. 가만히 서 있거나 걸을 때도 몸이 곧게 잡혀서 약간의 자신감도 생겼어요. ✅ 착용감 면에서는 꽤 만족스러웠어요. 벨크로 조절이 세밀하게 가능해서 조이는 강도를 자유롭게 바꿀 수 있었고, 살에 직접 닿아도 까슬거리거나 갑갑한 느낌은 없었어요. 땀이 차지도 않고 통기성도 괜찮았어요. ✅ 단점이라면 처음 착용할 땐 좀 불편하거나 압박감이 있을 수 있어요. 하지만 교정이라는 본질에 충실한 제품이라 그런 점은 금방 적응돼요. 하루 30분씩부터 시작하면 무난히 적응 가능했어요. ✨ 자세 의식이 높아져서 생활 전반이 달라졌어요. 거북목이나 굽은 어깨로 고민 중이라면 부담 없이 써볼 만한 제품입니다"
5,사용법 어렵지않고 좋은거 같아여 사이즈도 넉넉하고 어깨 허리 잘 펴줘서 통증도 덜하고 좋습니다 금액도 괜찮아요
5,제가 사무직 일을 하다 보니 자세도 많이 틀어져 있어서 피로감을 되게 자주 느끼고 어느 순간 허리에 통증을 느끼더라구요 ㅜㅜ 그래서 알아보고 교정 가능한 허리 밴드를 구매했는데 확실히 일에 집중도가 높아졌어요 ㅎㅎ!!
1,그냥 더 좋은거 쓰세요 리뷰믿고 구매했는데 흡착도 낮고 잘뜯김 별한개도 아까움 ㅡㅡ
5,항상 허리가 구부정해서 키가 많이 작아보였는데 지인한테 소개받고 구매했어요 허리교정밴드도 아무거나 쓰면 안된다고 추천받아 구매했는데 쓰고나니 조금 불편하지만 확실히 쫘악 땡겨주네요 ㅋㅋ
5,"맨날 구부정하게 있다가 등펴고 살려고 샀습니다 너무 가볍고요 허리도 잘 받쳐주네요 첨 사용하는거라 조금 로보트같은 느낌은 있지만 조금씩 나아지겠죠 제품 질이 맘에 들어서 좋아요 착용방법이 좀 헷갈렸는데, 전화로 물어보니 친절하게 잘 응대해 주셨습니다 감사합니다"
5,다른 제품 샀다가 냄새가 너무 심해서 반품하고 요제품 샀는데 너무 좋네요 등쪽 지지대도 있고 남편 등쭉펴는데 도움 될거 같아요
5,받고 바로 사용해보았는데 안정감 있게 착용되었고 저는 옷위에 착용했는데 자국 안남아요 제가 오래전부터 거북목이라서 사람들이 볼때마다 허리좀 펴라고했었는데 그래서 피티도 받았었어요 ㅠㅠ근데 피티는 비용이 어마어마하다보니까 계속 못받는데 이걸로 자세교정 잘 해가지구 변화되었음 하네요 ! 집보다 회사에 많이 있어서 회사에서 쭉 사용해야겠습니다 ㅎㅎ
5,바른자세로 있는게 중요하단걸 알면서도 쉽지않고.. 맨날 숙이고 업무를 보는지라.. 집에서라도 틈틈이 착용하려고 샀는데 꽉 잘 잡아주고 자세도 시원하게 펴주는 느낌이라서 이거 착용하면 몸이 개운해져요 착용도 자주 하다보니까 그냥 척척 쉽게 하게되고 이거 한 후로 목 뒤 통증도 줄어서 더 꾸준히 해보려구요
1,웬만하면 평가 안하는데 찍찍이부분이 너무 약하네요 제가 실밥으로 다시 꿰매서 사용중..
5,이거하고 어깨가 좀 펴진 느낌이라 좋네요 ㅎㅎ 다른 상품에 비해 착용하기편하고 옷 위에 입어야 더 편해요 밴드하고있따가 풀면 시원한 느낌이 들어요 ㅎㅎㅎ 교정밴드는 편할수가 없는 것 같아요 교정이 괜히 교정이겠어요 적응되면 괜찮아져서 잘 쓸 것 같아요
5,"키 160, 50kg 사이즈 S 하루 종일 컴퓨터 앞에서 일하다 보니 라운드 숄더와 거북목이 심해져 늘 목과 어깨가 뻐근했어요. 퇴근 후에는 피곤함 때문에 스트레칭도 잘 안 하게 되고, 그냥 소파에 기대 앉아 있는 시간이 많았는데 병원도 가고 통증이 호전이 잘 안돼서 쿠팡에서 이 제품을 알게 되어 집에서만 착용해 보기로 했습니다. 처음 착용했을 땐 어깨와 등을 강하게 뒤로 당겨주는 느낌이 있어 살짝 불편했는데, 금방 익숙해지면서 자세가 자연스럽게 펴졌어요. 집에 돌아와 저녁 먹고 1~2시간 정도 TV 보거나 책 읽을 때 착용했는데, 목과 어깨의 뻐근함이 훨씬 줄었고, 특히 자고 일어난 아침의 목 결림이 많이 사라졌습니다. 장시간 앉아 있어도 예전처럼 어깨가 쉽게 뭉치지 않았고, 허리도 곧게 펴지는 느낌이 들어서 전체적으로 몸이 가벼워졌어요. 소재가 탄탄하면서도 통기성이 좋아 땀이 차지 않았고, 착용 후 벗었을 때도 자세가 한동안 유지되는게 정말 집에서 간단히 사용할 수 있는 좋은 교정템이에요. 라운드 숄더와 거북목이신 분들에게 추천드립니다~"
5,요즘 하루 종일 컴퓨터 앞에 앉아 있으니까 어깨가 자꾸 뻐근하고 거북목도 신경 쓰이더라고요 그래서 바른 자세에 도움 되는 밴드 없나 하고 찾아보다가 정직한닥터 교정 밴드를 사봤어요 ㅎㅎ 처음에는 뻑뻑하면 어쩌지 하고 걱정했는데 생각보다 착용감이 편하고 옷 위로 입으니까 피부에 자극도 없네요 ^^ 밴드를 착용하면 어깨가 자연스럽게 뒤로 펴지면서 등과 어깨가 한결 가벼워지는 느낌~ 처음에는 밴드가 조금 낯설어서 어색했지만 계속 착용하니까 점점 익숙해지는게 눈에 보여서 신기했어요! 남녀공용이라서 좋아요 M 사이즈는 제 체형에 딱 맞고 조절도 쉽게 할 수 있어요 ✔ 장점 착용감 편안함 남녀 공용이라 가족과 함께 사용 가능 ✔ 꿀팁 처음에는 하루 1~2시간 정도만 착용하고 점차 늘리기
5,착용해보니 너무 좋네요 포장도 깔끔하게 잘왔고 배송도 빨랐어요 착용감도 괜찮은 편이고 어깨랑 겨드랑이를 다 감싸주네요 허리 지지대도 튼튼해서 착용하고 있으면 편하게 있을 수 있네요 꾸준히 착용하면 효과가 더 날 것 같네요
5,자세 교정이 필요해서 구매하게 되었어요! 척용하기에도 쉽고 착용감이 정말 뛰어나요 부드러운 소재로 제작되어 피부에 자극을 주지 않으며 장시간 착용해도 불편함이 없어요 ​그래서 직장이나 집에서 작업할 때도 부담 없이 사용할 수 있더라고요 ​가성비도 좋은데다가 기능성을 자랑하면서도 가격이 부담스럽지 않으니 교정이 필요했던 저로써는 구입을 안 할 이유가 없었어요~ 정직한닥터의 어깨 교정 밴드는 약국에도 입점되어 있 편리하게 구매하실 수 있고 더욱 믿음이 가는 밴드예요
5,굽은 어깨 때문에 자세교정밴드를 써보면 도움이될까 살짝 기대감 갖고 사봤는데ㅋ 결론은 대.만.족~~~ 이거 진짜 강추 해요... 가격도 이정도면 꽤 합리적인데 품질면에서 전혀 떨어지지않고 너무 좋은거 같아요ㅋ 착용하자마자 굽은 어깨가 싹 펴지길래 신기하더라고요^^ 저같은 고민가진 분 들께 혹시나 도움될까 후기 남겨요!
5,"요즘 집에서 재택하느라 거북목은 심해지고 무엇보다 허리가 너무 아팠는데 ㅠㅜ 교정기구 찾다가 가격도 좋고 디자인도 깔끔한 거를 발견했어용 배송도 하루 만에 와서 좋았고, 착용하는게 어렵지 않아서 좋았어요!! 와ㅏㅏ 딱 착용하자마자 허리가 쫙 펴지더라고요 자세교정 하는데 너무 필수품인거 같아요.. 앞으로 재택할때 사용하면서 허리 보호 해주려고요 ㅋㅋ 사장님 감사합니당 !!"
5,착용하고 옷 입어도 별로 티나지않아서 좋네요~오래 착용해도 전혀 불편하지않고 넘 편하네요~ 어깨도 펴지고 등지지도 탄탄하게 잘 받쳐줘서 자세 교정에 도움이 많이 되는것같아요~거북목이라 샀는데 좋은것같아요-^^-
1,사이즈가 설명서 보다 형편없이 작다. 착용하기가 너무 너무 불편하다 . 구입 하려면 설명서 보다 2단계정도는 높여야 될것같다. 키 174cm에 체중 65kg 뱃살없어 2XL구입했었는데 작다. 아마3XL도 작을것 같다.
5,등이 자꾸 습관적으로 움츠여져서 착용하려고 구매했는데 좀 작아요. 살을 좀 빼고 착용해야될 듯 합니다.
5,하루는 아버지 엄마 티비보시는 모습이 너무 구부정하시더라구요 연세도 있으시고 저녁에 집에 들어오심 너무 피곤하기해서 자세가 심하게 막 흐트러지시더라구요 척추건강 어깨 건강을 위해서 저녁 휴식시간 잠깐이라도 같이 착용하고있어요 첨에는 시원한듯하면서 또 불편하더니 점점 적응이 되네요 아버지는 체구가 좀 있으신편이라 36인치 바지를 입으시는데 2XL 약간타이트하다 싶었는데 허리ㆍ어깨를 당겨 펴시면서 조금씩 사이즈가 맞아 들더라구요 신기하게 ㅎㅎ 처음 착용만 도와주시면 그 다음 착용은 간단해요
5,"동생이 허리가 안 좋다고 해서 선물해줬는데 튼튼한 허리를 안정감 있게 잘 잡아주네요! 이 자세 교정밴드는 등을 바르게 잡아주는 29cm의 지지대로 허리를 강력하게 교정해주며 2중 고탄성 밴드로 어깨를 쫙~~펴줍니다 총 4단계 강한 쪼임 방식으로 어깨밴드와 어깨밴드로 등과 어깨가 바른자세로 유지할 수 있도록 도와줘요 또한 통기성 높은 에어매쉬 소재로 답답하지 않고 두께도 얇은 편이라 옷속에 입기에도 괜찮더라고요 이 자세교정밴드는 장시간 착용하는것 보다는 점점 시간을 늘리면서 착용하는걸 추천드리는데요 일상생활에서, 운동보조용으로, 스트레칭할 때 등등 상황에 맞게 조절해가면서 사용하시면 좋을 것 같아요 내구성도 튼튼하고 사이즈도 다양해서 체형에 맞게 선택할 수 있어서 좋은 것 같아요 박스 패키지로 깔끔하게 오기 때문에 선물하기에도 좋을 것 같아요 추천드립니다 ❤️"
5,요즘 다시 운동을 시작했는데 자세가 엄청 틀어졌다고 평가를 받았습니다...그래서 주문하게됬어용! 확실하게 자세를 잘잡아줘서 넘 좋고 가격도 착한편이네요!
5,남편이 하도 허리 아프다 해서 정직한닥터 바른자세밴드 사봤어요 ㅎㅎ 퀄리티 좋고 남편도 하니깐 확실히 허리랑 어깨랑 펴진다고 효과 좋다고 하네요 ~
5,냠편이 평소에 자세가 꾸부정 해서 항상 어깨도 굽어 있고 허리도 아팠는데요!!!! 이 자세 교정 밴드 쓰고 벌써 자세가 조금씩 잡혀가는거 같아요~ 사이즈도 넉넉하고 착용하기도 편하고 무엇보다 상체를 탄탄하게 잡아주는 느낌이 너무 좋습니다! 이거 쓰기 전에 다른것도 써봤는데요..이 제품이 최고네요 약국도 입점됐네용ㅎㅎ 쿠팡으로 사서 사이즈 다르니 미스 되면 교환도 쉽고 꼭 이거 쓰세요 강츄드립니당!!!
5,자세가 안좋아서 등이 많이 굽은 편이에요 필라테스 선생님이 자세만 평상시에 펴도 많이 좋아진다 해서 구매했어요 일단 착용해보니 너무 간편하고 편하네요 가방 메듯 벨트를 쫙 당기면 자연스럽게 허리가 세워지는데 통증도 없고 안 아프게 잘 펴지는 듯 해요
5,"정말 만족만족 대만족.. 직장인들 강추추.. 한달 전부터 앉아서 컴퓨터 하면 어깨부터 등허리 부분이 저릿저릿?한 느낌이 들더라구요. 시간이 지날수록 거의 만성으로 이런 증상이 있어서 아 진짜 큰일이다 내 허리에 뭔 일이 났구나.. 싶었는데 주변 사람들이 제 등허리가 많이 굽었다고 하더라구요. 그래서 등허리 피고 있는 용으로 구입했어요 ㅠ 집에 원래 있던건 허리만 잡아주는 보호대인데 이건 어깨부터 등, 허리 다 잡아줘서 착용하고 있으면 누가 제 어깨를 강제로 잡아서 뒤로 촥! 젖혀 바른자세로 만들어주는 느낌이에여 ㅋㅋㅋㅋ 솔직히 허리가 이미 많이 앞으로 휜 상태라 이거 착용하고 바른자세로 있으면 허리아프고 힘든데 진짜 신기하게도 이거 하고있는 동안 어깨 저릿한 느낌이 안나요.. 그리고 얇은 옷 입고 외출할땐 이거 착용하기 민망해서 벗고 나가면 거짓말처럼 어깨가 저릿합니다...!!!!!!! 당분간은 상시 착용해서 자세좀 바르게 교정해야겠어요.. 진짜 강추.."
5,거북목이 점점 심해져서 대비차 구매했어요~! 어깨기 확실히 펴지고 꾸준히 하면 효과볼 듯 하네요 ^^ 고정이 잘 되어서 좋아요
5,항상 굽은 허리로 있다가 이번에 구매하고 착용했더니 허리가 펴지면서 키가 커지는듯 해서 좋으네요 감사합니다
5,평소측만증이있어서 자세가 바르지못한편인데 그래서 두통도있고 주기적으로 도수치료를받고있는데 쉽게 나아지지않아서 밴드구입했어요~ 확실히쫀쫀해서 어깨잘잡아주는데 또편하네요ㅋ 도수치료사가 교정해주는기분이예요~~ 꾸준히잘착용해볼께요
5,어깨가 굽었다는 소리를 어렸을때부터 간간히 들었었는데 그냥 뭐 별거아니라고 생각하다가 최근에 너무 허리랑 어깨가 뻐근해서 자세문제인가 싶어서 구매했어요 확실히 허리랑 어깨가 쫙 펴지긴하네요 자세교정될때까지는 꾸준히 착용하려구요 배송도 빠르고 포장도 꼼꼼하게 왔어요
5,허리가 많이 굽어 가고 자세가 안 좋아 지는게 느껴져서 급하게 산건데 써보니까 허리에도 무리도 안가고 전체적인 몸 밸런스를 잘 잡아 주는거 같습니다
5,"장시간 앉아서 일하다 보니 자세가 구부정해져서 써봤는데 확실히 효과 있어요. 처음엔 조금 뻣뻣한 느낌이었는데 몇 번 착용하니까 금방 익숙해졌어요. 어깨를 자연스럽게 펴주는 느낌이라 거북목이 덜해지고, 허리도 덩달아 곧게 펴지더라구요. 밴드가 탄탄하면서도 압박이 심하지 않아서 오래 착용해도 불편하지 않아요. 자세 교정 시작하신 분들께 추천해요."
5,생각했던것보다 더 자세가 잘 잡히더라고요. 아이가 쓰게하려고 구매했는데 어떤지 궁금해서 제가 먼저 해봤는데 조절만 잘하면 힘들이지않고 자세가 잘 잡아지니깐 꽤 괜찮은거 같아요. 닿는면도 까슬거리지않아서 잘 쓸거 같네요!
1,치수보고 4xl 시켰는데 후회가 막심하네요 키 173. 이상 몸무게 90. 이상은 맞는치수 없습니다 허리에 와야할 부분은 가슴에오고 등에 있어야 할부분은 목에올라타 있네요 구매하실때 꼭 참고하셔요
5,사길 잘한 것 같아요 공무원 시험 준비하면서부터 오랜 시간 의자에 앉아있다보니 아무래도 자세도 안 좋아지고 이래서 주문했는데 사이즈도 잘 맞고 확실히 신경쓰지 않아도 바른 자세가 유지되어서 허리 통증이 덜하네요 ^^ 만족스러워요
5,어깨굽은거 정말 확 잡아주는 느낌이 좋아요~ 이거 착용만 하고 있어도 온몸 찌뿌둥한게 개운해지는 느낌이예요 교정까지 같이 도와주니 일석이조~
5,매일 착용중인데 옷위에 옷안에 입기도 좋고 자세도 확실히 잡아줘요. 운전할때 좋습니당! 거북목으로 운전해서 스스로도 꼴보기싫었는데 ㅋㅋㅋ 좋아요
5,소재도 좋고 이중으로 당김할수있어서 더욱더 탄탄하게 몸에 착붙되요 이거차고있으니깐 정말자세가 달라져요 허리교정 하시는분들 강추드립니다
5,바른 자세가 아니다 보니 어깨가 더 묵직하고 힘이 들어가 저녁이면 너무 뻐근해요 그래서 바른자세 밴드 이용해 도움 받아보려고 준문했는데 생각보다 잡아주는 감이 느껴져요 - 원단 : 기능성 원단이라 가법고 통기성이 있어요 - 자세 : 입어 주듯 착용하고 밸트 쪼이면 자세가 잡혀져요 - 활동 : 어깨밴드 착용하고 활동하기 불편하지 안고 오히려 여깨 잡아주니 자세가 이쁘네요
4,평소에 구부러진 허리 때문에 구매했는데 꾸준히 사용하니까 효과 있음
5,요즘에 아이가 공부를 시작하면서 자꾸 어깨가 굽고 허리가 굽는 것 같아서 공부할 때 이 제품을 사용하면서 하라고 구입을 햇어요 지지대가 견고하게 허리를 잡아주니깐 자세도 잘 잡아주고 허리가 편해진 것 같다고 하네요!! 저도 집에 있을 때 나도 모르게 굽어지는 허리가 신경쓰여서 저도 함께 착용중인데 만족하고 사용하고 있답니다. 이 제품을 사용하고 나서부터는 자세도 잘 잡아주고 허리도 훨씬 편해졌네요!!
5,요즘 자세교정에 관심이 생겨서 운동 시작했는데 같이 도움좀 받아보려고 자세교정밴드도 같이 주문했어요 제품은 배송도 빠르고 밴드가 탄탄하게 잡아줘서 뭔가 똑바르게 자세를 잡게돼요 불편하면 잘 착용 안할까봐 걱정 했는데 복대처럼 허리에 꽉 매준다음 가방 메는 것처럼 어깨에 걸고 밴드를 허리쪽에 당겨준다음 찍찍이로 붙여주면돼서 진짜 편하고 좋아여 밴드도 탄탄하고 아프지않아 좋습니다~
5,"남편이 요즘 목과 어깨 통증을 자주 호소해서, 도움이 될 만한 제품을 찾아보다가 바른 자세 교정 밴드를 구매하게 되었어요. 오래 앉아 있는 직장 생활 때문에 어깨가 말리고 등이 굽는 습관이 있어 교정이 필요했죠. 2xl사이즈로 주문했는데 잘 맞는 것 같아요. 어깨를 자연스럽게 뒤로 잡아당겨 바른 자세를 유지하게 해주니 처음엔 약간 뻐근했지만, 점점 자세가 곧게 펴지는 느낌이 들고, 통기성 좋은 소재라 장시간 착용해도 덥거나 답답하지 않고, 얇아서 옷 안에 착용해도 티가 잘 나지 않아 외출할 때도 부담이 없다고 해요. 목과 어깨가 한결 편해졌다고 해서 만족한다고 하네요."
5,착용해보니 어깨와 가슴이 짝~ 펴지고 허리벨트 부분이 있어 허리도 탄탄하게 잡아주니 쭉~ 착용하면 바른자세가 금방 될 것 같습니다.
1,1.입기가불편합니다. 2.허리밴드와 어깨밴드에 탄력성이 없어 자꾸위로 올라가져서 효과가 없어집니다. 3.일본제품과 비교해보세요. 그리고 모든밴드에 고무줄같은 탄력성이 있어 꽉 잡아주며 허리밴드가 위로 밀려가지도 않습니다 상표를 뜯어서 반품 못하여 쓰레기 처분했습니다. 별을 한개도 안줫는데 잘못터치해서 수정이 안되네요
5,"평소에 허리랑 어깨 통증 때문에 고민이 많았는데, 이 자세교정기를 사용하고 나서 많이 편안해졌습니다. 착용감도 딱딱하지 않고 편안해서 부담 없이 착용할 수 있었어요. 하루에 30분 정도만 사용해도 자세가 조금씩 잡히는 느낌이라 꾸준히 사용하면 효과가 있을 것 같아요. 조절도 쉽고 무겁지 않아서 편리합니다. 배송도 빨랐고 가격 대비 성능이 좋아서 만족합니다. 자세 때문에 고민하시는 분들께 추천드립니다!"
5,✔️ 구매이유 자세가 구부정해서 그런지 장시간 앉아있으면 허리가 아파와서 자세교정밴드가 도움이 되지않을까 싶어서 정직한닥터 바른 자세 밴드를 구매해봤어요 ＊┈┈┈┈＊┈┈┈┈＊┈┈┈┈＊┈┈┈┈＊┈┈┈┈＊┈┈┈┈＊ ✔️ 착용감 잘 잡아줘서 그런지 착용감이 편했어요! 장시간 착용을 해도 불편한게 없어서 마음에 들었어요 ㅋㅋ 편해서 언제든지 착용 할 수 있어 좋은거같아요 ദ്ദി⑉¯ ꇴ ¯⑉ ) 앉아있을 때 착용하는데 허리가 안아프더라구요!! 평소 아팠는데 자세교정밴드 하나로이렇게 달라지다니ㅠㅠ 만족하면서 일해요!ㅋㅋㅋ ✔️ 통기성 여름에도 착용가능할 정도 통기성 좋아요 밴드 쫙 해놓는게 자세에 맞아서 그렇게 하고있는데 땀이 않차요 ㅎㅎ 착용법도 간단해서 쓰기좋아요! ✔️ 사이즈 다양한 사이즈로 맞는 사이즈를 고를 수 있어 좋아요! 자세교정이다보니 아무래도 맞는걸 사야 좋을거같아요 ㅋㅋ ＊┈┈┈┈＊┈┈┈┈＊┈┈┈┈＊┈┈┈┈＊┈┈┈┈＊┈┈┈┈＊ ✔️ 총평 통기성도 좋고 착용감이 좋은 자세교정밴드입니다~ 장시간 착용시에도 불편한게 없어 좋아요! ＊┈┈┈┈＊┈┈┈┈＊┈┈┈┈＊┈┈┈┈＊┈┈┈┈＊┈┈┈┈＊ 직접 써보고 쓴 정직한닥터 바른 자세 밴드 리뷰로 구매에 도움이 되셨다면 아래에 도움이돼요를 꾹♡ 눌러주세요 감사합니다 (*ˊᗜˋ*)ᵗʰᵃⁿᵏ ʸᵒᵘ
5,평소 컴퓨터로 일을 많이 해서 그런지 견갑골이이랑 목이 뻐근하고 너무 불펀했었어요 그래서 스트레칭도 열심히 했는데 전혀 변화가 없어서 지인추천으로 구매했습니다. 사무실에서 일하면서 착용했는데 어깨를 쫙 펴줘서 등쪽이 너무나 시원하면서 자세를 딱 잡아주더라고요~착용도 편하고 메쉬소재로 덥지도 않고 진짜 좋습니다!
4,2xl구매했다가 작아서 4xl다시구입 하였는데 반품한게 온건지 ..스카치 테이프가 붙어있네요 그래도 상품은 새상품인거 같아서 사용하려고요 어깨와 겨드랑이 사이가 불편하지만 거북목에 두통까지와서 자세로 효과가 좋으면 좋겠어요
5,얇고 가벼운데 탄탄한 재질로 되어있고 사이즈 딱맞고 착용감도 편합니다 어깨부터 등 척추를 곧게 펴주니 바른 자세 유지하는데 많은 도움이 되구요 이중밴드라 더 탄탄하게 고정이 잘되서 좋아요 평소 자세가 안좋이 교정 필요하신 분들이나 어깨 목 통증 심하신 분들에게 강추해요!
5,원래 거북목이 심했는데 이거 쓰고나서 많이 좋아졌어요 이거 하고있어도 불편하지도않고 자세를 바르게 교정해주니까 너무 좋아요
5,어깨가 너무 굽어있어서 스트레스 받더라고요ㅠㅠ 남들 보기에도 창피하고요.. 제품이 너무 괜찮고 가격도 괜찮아서 꾸준히 사용해보려고 합니다~
5,3-4만원짜리 다른 제품이랑 비슷비슷하니 그냥 이거 사는게 이득임
5,어깨 너무 라운드 숄더여서 그런지 이제 어깨도 목도 머리도 좀 아파서 바른 자세 유지해보려고 주문하게 되었어요 ㅠ 꾸준히 사용하면 도움 될 거 같아요 ㅠ
5,앉아있을떄든 언제든 열심히 착용중입니다 조금 불편하긴하지만 자세를 바르게 잡아준다니 열심히 끼고있네요^^
5,컴퓨터 앞에 앉아있는 경우가 많아서 자세교정 목적으로 구매 했습니다. 예전에 쓰던게 있는데 예전꺼보다 훨씬 좋네요. 크로스로 밴딩 처리하니까 확실히 잡아줘요. 저같은경우에는 운전할때도 허리가 굽혀있어서 쓰는데 자세교정에 많은 도움이 됩니다.
4,남자친구 주려고 샀는데 가성비 좋은거 같아요 라운드 숄더랑 허리쪽 잘 잡아주더라구요
5,승모근 뭉쳐서 뻐근했는데 이 교정밴드 사용하니까 어깨가 펴지고 승모근 뭉치는 것도 덜해요~
5,"평소 자세가 좋지 않아 어깨와 등이 자주 뻐근했는데, 이 제품을 사용한 후 확실히 자세가 신경 쓰이고 교정되는 느낌이 있습니다. 처음에는 약간 불편했지만 몇 번 착용하니 익숙해졌고, 착용 후 어깨가 자연스럽게 펴지는 게 느껴집니다. 소재도 생각보다 부드럽고 튼튼해서 피부에 자극도 없었어요. 특히 2XL 사이즈가 딱 맞아서 편하게 착용할 수 있었고, 운동할 때나 집에서 작업할 때도 부담 없이 사용할 수 있어 좋았습니다. 판매자 응대도 빠르고 배송도 빨라서 만족합니다. 같은 고민을 가진 분들께 추천드리고 싶습니다. 꾸준히 착용하면 더 좋은 효과가 있을 것 같아요. 좋은 제품 감사합니다!"
5,"정말 만족스런 자세교정밴드입니다! 지인이 아주 강력하게 추천해줘서 구매해봤는데 확실히 사용하니까 도움되고 좋은것같아요~ 사무실에서 앉아있는 시간이 많은데, 자세잡는데 확실히 도움되는것같고 걸어다닐때 자세도 달라진것같아서 넘 좋아요~ 재질도 튼튼해서 부담없이 사용하기 좋았고 무엇보다 오래 착용하고 있어도 착용한지 모를정도로 불편함 없이 이용가능하니까 별 다섯개 아낌없이 남기고 싶습니다~ 허리가 안좋은 분들에게 선물용도로도 좋은것같아요ㅎㅎㅎ"
5,허리가 잘 펴지고 굽은 어깨가 잡아주니 자세교정에 너무 좋아요~ 매일 뻐근했는데 사용할수록 시원한게 맘에 드네요! 꾸준히 교정해볼게요!
5,기존에 쓰던거는 어깨만 잡아주는 디자인이라 허리를 자꾸 구부정하게 되던데 이건 허리까지 딱 잡아주는 디자인이라 꼿꼿하게 잘피게 되는것 같아요 바른자세 유지하는데 도움이 되서 잘쓰고있어요
5,보통 체구인데 S사이즈가 딱 맞습니다. 등 지지대가 아주 튼튼해서 등을 구부릴 수가 없어요. 이거 착용하고 pc앞에 앉아 있으면 허리~등까지 쫙~ 핀 상태에서 pc작업을 하고 있는데 확실히 자세가 틀어지지 않고 고정이 잘 되서 만족합니다.
5,사이즈가 아주 잘 맞아서 너무 편리하고 좋더라고요 정말 마음에 드네요 자세 교정에도 도움이 되고 마감 처리가 아주 잘 되어 있어서 참 좋은 것 같아요 배송도 빠르게 와서 참 좋네요
5,지인분이 알려주셔서 바로 구매 했습니다 사이즈도 적당하고 자세 교정에 도움 많이 될거 같아요 가격도 저렴하게 잘샀네요
5,"오래 일하다 보면 뻐근할 때가 늘어나, 자세를 좀 잡아줄 제품을 찾다가 사봤습니다. 생각했던 것보다 재질이 짱짱하고 등을 받쳐주는 부분이 상당히 안정적이어서 확실히 착용하면 편하고 바르게 서는 느낌입니다. 촉감도 부드러운 재질이라 오래 착용하고 있어도 좋아서 자주 손이가게 되네요. 전반적인 봉제나 마감처리도 잘되어 있어서 오래 쓸 수 있을 것 같습니다. 만족해요 ㅎㅎ"
5,자세가 구부정해서 교정해야한다는 의사님의 말씀을 전해듣고 자세를 교정해주는 이 제품을 샀어요ㅜㅜ 근데 매일 집에서 착용하다보니 예전보단 달라지는게 눈에 확 보이네요ㅠㅜㅜㅜ 정말 만족!!
5,진짜 너무 괜찮아요!! 어깨가 펴지는 기분 !! 생각했던 것 보다 잘 펴지고 추천하고 배나오신분 또는 어깨 있으신분은 제일 큰걸로 사시는거 추천드려요
5,"✅ 구매 동기 육아하다보니 안그래도 굽은 허리 점점 더 심해지는 것같아 안되겠다 싶어 제대로 된 교정 밴드를 하나 찾다가 후기가 좋아 구매하게 됐어요. ✅ 사용 후기 ✔ 착용 후 어깨&middot;등이 자연스럽게 펴져요 처음에는 살짝 낯설었지만 밴드를 착용하고 활동하니 어깨가 &lsquo;쫙&rsquo; 펴지는 느낌이 들고, 등받이에 기대도 어깨가 뒤로 쳐지지 않아 자세가 한결 가벼워졌어요. ✔ 오랜 시간 착용해도 부담 적음 메시 원단과 적당한 밴드 압박 덕분에 하루 종일 착용해도 답답함이 덜했고, 작업 중간중간 자세 신경 쓰는 횟수가 확 줄었어요. ✔ 남녀공용 + S 사이즈라 핏 맞춤 가능 체형이 작은 편이라 S 사이즈로 착용했더니 흘러내리거나 꽉 끼는 느낌 없이 자연스럽게 맞아서 만족도가 높았어요."
5,종일 컴퓨터 앞에 앉아 있다 보니 어깨가 자꾸 말리고 거북목이 심해지는 것 같아서 구매했습니다. 약국 입점 제품이라 더 신뢰가 가네요. M사이즈 주문했는데 보통 체격인 저한테 딱 맞습니다. 밴드가 어깨를 뒤로 쫙 당겨주니까 억지로라도 허리를 펴게 돼서 자세 교정에 확실히 도움 되는 느낌이에요. 겨드랑이 부분이 아플까 봐 걱정했는데 패드가 덧대어져 있어서 생각보다 편안합니다. 집에서 쉴 때나 일할 때 틈틈이 착용하고 있는데 자세가 발라지는 기분이라 만족스러워요.
5,집콕에 재택하면서 자세가 안좋은건지 허리가 아파와서 구매해봤습니다. 허리건강에 자세가 가장 중요하니 이 제품 사용해서 허리가 다시 돌아오기를..! 허리를 잘 잡아주고 생각보다 견고하고 마감처리 잘되서 여러 번 쓰고 오래 써도 좋을듯합니다.
5,볼때마다 어깨가 말리고 윗등이 굽어 보이는 엄마를 위해서 자세교정 밴드를 찾아보다가 구매하게 되었어요. 운동을 많이 하실 때는 그래도 어깨가 좀 펴졌었는데 요즘 제가 많이 아파서 아이를 좀 봐주시더니 운동도 못 하시고 앞으로 많이 숙여서 그런지 자세가 또 안 좋아졌더라고요. 눈에 너무 보여서 그냥 넘어갈 수가 없어서 자세교정밴드를 구매를 해서 드렸는데 다행히도 엄마가 좋아하세요. 자세 교정 밴드는 처음 해보시는거라서 어색하긴 하다고 하시네요. 좀 강하게 당겨서 착용을 해보고 있었더니 확실히 등이 굽어지는걸 방지해야 한다고 하나요. 앞으로 기울려고 하면 잡아준다고 하네요. 처음 바로 착용했을 때보다 착용을 해보고 이틀째 되니 어느정도 익숙해지는 듯한 느낌이 드신다고 해요. 교정 밴드를 하고 안 하고의 차이가 생각보다 큰 거 같아요. 스스로 스트레칭이나 운동을 하는 것도 중요하지만 평소 때 자세를 더 바르게 하려면 바른 자세 교정 밴드도 착용하는게 도움을 많이 받는 것 같아서 엄마께 잘 사드린 제품 같아요. 어제보다 주무시고 나서 목 부분도 덜 뻐근한 것 같다고 하시고요. 매일매일 계속 잘 착용하다 보면 어깨도 펴지고 등도 펴지고 어깨와 목의 통증도 덜해지면서 바른 자세로 되는데 도움이 많이 될 듯합니다.
5,어깨가 말려있는게 스트레스였습니다. 그래서 어깨를 피는데 도움이 되는 이 제품을 구매해봤는데 생각보다 효과가 좋습니다. 기대 이상입니다. 지인에게도 추천해줘야겠습니다.
5,바른 자세로 일하기 좋아요 압박이 심하지 않아서 평상시에도 착용하면서 쓰기 딱 좋아요
5,신랑이 하루종일 사무실에서 컴퓨터만 보니 점점 허리가 굽고 목도 뻐근한게 아프다하더라구요.신랑 보면 자세도 점점 틀어지는거같아 이대로는 안되겠다 싶어서 자세교정밴드 구매했어요! 처음엔 살짝 불편할줄알았는데 생각보다 착용감도 좋다고하더라구요! 어깨랑 허리를 자연스럽게 펴주니깐 자세가 한결 부드럽게 유지되는거같아요! 장시간 착용하고있어도 무리없고 꾸준히 사용할수있을것같아요! 전체적으로 아주 만족합니다!
5,전에 자세교정밴드 사용햇을때 어깨가 너무 아팠는데 이건 여러 방향으로 잘 잡아줘서 그런지 아프지 안헨요 허리도 잘 잘아주고 자세가 바라지고 잇는거 같아요
1,생각이 없는건지 성인이 사용할 수 없을정도
5,오래 앉아서 일하다 보니 어깨며 등이며 쑤시고 결리는 날이 많았는데 이걸로 도움 좀 받고 있어요. 몸 전체 균형을 잡아주니까 일상생활할 때 불편하지 않고 오히려 착용했을 때 바른 자세 유지하기가 수월하네요.
5,"거북목 달고 사는 개발자입니다.. 요번에 병원을 갔는데 의사선생님께서 목이 c자라고 거북목이 심각하다고 하시더라구요 이제라도 자세 고쳐야 한다고요 그런데 맨날 컴터 앞에서만 있었던 제가 어떻게 알겠습니까 뭐가 제대로 된 자세인지도 모르겠고 오히려 더 불편하고 뭔가 이상한 자세만 되니까,,, 오히려 옆에서 그러면 허리 나간다고 하길래 자세교정밴드 찾다가 가격도 괜찮고 후기도 좋길래 주문했습니다. 사이즈도 고민했는데 여성분들이면 m 사이즈가 딱 인 것 같습니다 저도 해보니까 딱 맞았습니다. 실제로 오니까 생각보다 밴딩도 탄력있고 잘 땡겨지는 게 확실히 다르더라구요 무엇보다 의식하지 않아도 밴드가 이미 몸을 잡아주고 있어서 굳이 힘 줄 필요도 없었고 자연스레 사용이 가능해서 좋았습니다. 특히 허리랑 어깨를 같이 잡아주니까 훨씬 안정감있고 고정되었다는 느낌이 들었습니다 오히려 자세 이상하게 하기가 더 힘들더라구요 제 생각보다 훨씬 퀄리티 있는 제품이라 너무 만족스러웠고요 제 주변에도 추천할 예정입니다 ㅎㅎ"
5,오랜시간 앉아 일할때 교정밴드로 올바른 자세 유지를 해주고 있어요 에어메쉬 소재라 답답함이 없으며 탄성이 뛰어나 지지를 안정적으로 해줍니다. 체형에 맞게 2중 밴드로 어깨를 쫙 펼쳐주니 저절로 자세가 잡히네요
5,자기전 필수템 ! 평소 어깨가 말려있고 허리통증이 심했는데 ㅠ 이 제품 사용하고 나선 조금씩 바른자세가 되는 것 같습니다. 자기전에 휴대폰 보거나 티비 보면서 1-2시간 하는데 훨씬 몸이 편합니다.
5,"퀄리티 좋고 착용감 편해요 가벼우면서도 탄탄한 재질로 되어있는데 자세교정에 많은 도움이 되구요 장시간 착용해도 일상생활 하는데 부담이 없어요 말린 어깨, 굽은 등, 거북목일자목 교정하는데 효과 좋습니다"
5,구부정한 자세와 거부목인 우리 아들을 위해서 구입했어요~~ 여러차례 말을 해도 듣지 않아서 더 늦기 전에 자세교정을 해주고 싶어서 정직한닥터 제품을 구매했어요~~ 어깨는 당겨주고 등부분에 지지대가 있어서 등은 펴주고 허리에 고정해주니 저절로 몸이 펴지더라구요~~ 자유롭게 길이 조절이 가능하고 착용법이 간단해서 좋아요~~ 꾸준히 사용해서 확실하게 자세가 바르게 잡혔으면 좋겠어요~~잘사용할게요~
5,이전에 여러 가지 자세 교정용 밴드를 사용해봤지만 저한테는 이 밴드가 가장 효과적이네여~! 어깨랑 등이 쫙 펴지는 느낌이 들어서 좋아여 착용하면서 일상 생활을 하거나 운동을 할 때도 불편함 없이 사용할 수 있어서 만족합니다
5,잘맞는데 허리부분이 약간커서 줄였어요 거북목태문에 구입했데굿 신장178 몸무게78
5,자세를 꽂꽂하게 곧게 유지할수 있어 좋아요~ 컴퓨터로 하는 일이 많아 거의 앉아 있는데 앉아 있으면 시간이 좀 지나면 구부정 하게 되는데 처음부터 끝까지 곧은 자세로 일할수 있어 좋은것 같아요~~ 가운데 딱딱한걸로 고정해 줘서 더 좋네요~
2,상자안에 물건만 비닐포장 상태로 떡하니있고 비닐포장은 검수완료 스티커 뗄시 교환환불불가? 열자마자 기분 더럽네요 전자제품도아니고 이게 뭔가싶었음 형태 어떻게 만드는지 눈대중이라도 보려고 상품 판매페이지 와서 리뷰남김. 상품자체는 괜찮아보임 별점 하나주려다가 하나 더 붙은이유임
5,"라운드 숄더, 거북목 때문에 심각한것같아서 구입했어요 교정용으로 구매 해서 잘 쓰고 있네요"
3,어깨와 등은 조금 잡아주는거 같으나 허리는 전혀 잡아지진않네요
5,남편이 목 허리 통증이 있어서 한의원을 다니는데 자세가 너무 안 좋다고 그러네요 구부정하다고 그래서 집에서 차면서 교정하고 있어요 처음에는 불편해서 오래 못 차고 있더니 점점 적응되는지 오래 잘 차고 있어요 밴드를 차고 있으면 저절로 자세가 좋아져 바른 자세 교정에 효과가 좋아요 저는 66반 사이즈인데 착용 가능해요~ 체형에 맞게 사이즈 참고하셔서 구매하시면 될듯 ^^
5,잡아주는 느낌이 들어 의식적으로 몸을 세우게 되고 교정해주는 힘이 크네요
5,집에서 프리랜서로 일하는데 점점 거북목 되어가는 것 같아서 구입했어요. 며칠 써보니 허리랑 어깨 목을 편하게 잘 잡아주네요. 일 할때 항상 착용하고 있는데 불편함도 없고 답답함도 없네요. 사진과 같아서 만족스러워요.
5,상품 잘받았습니다. 문제 발생시 문의하겠습니다.
5,"최근 들어서 무리한 운동을 하거나, 허리에 힘을 주는것도 아닌데 허리가 시큰거리는게 너무 아파서 병원을 갔더니, 1차적인 근본원인은 틀어진 자세가 원인이라고 하더라구요 의식적으로 자세를 고치는것만으로는 부족할거 같아서, 생활할때 착용하려고 구매했습니다. 뒷쪽 허리부분에는 지지대가 목뒤쪽부터 일자로 이어져있고, 밴딩 옆쪽에는 통기성이 좋게 처리되어있어서 꽉 조여매도 땀이 차지 않아 좋아요 일단 책가방 처럼 어깨끈을 크로스로 넣어서 걸치고 그다음 복대에 찍찍이를 부착해서 어깨끈이랑 복대끈쪽이랑 순차적으로 쪼여가면서 입으니 딱 맞는 정도로 조절할수 있습니다. 확실히 자세를 잡아주니 허리를 덜쓰게끔 의식이되서 좋네요 움직임이 큰 생활할때는 아예 계속 착용해서 바른 자세가 습관이 자리잡게끔 잘 써봐야겠어요"
5,아무생각 없이 거울 봤다가 자세가 너무 안좋아서 놀래서 주문해 봤어요 제품은 배송도 빠르고 사이즈도 딱 맞아요 잘 잡아줘서 자세가 훨씬 좋아보여요 앞으로 꾸준히 사용하려고요
5,항상 구부정한 어깨와 자세 때문에 허리통증 목통증 어깨결림이 많아서 제대로 자세 교정해보려고 샀어요 착용해보니 사이즈 딱 맞네요 단단히 자세를 잡아줘서 바른자세로 활동할 수 있어서 좋아요
5,나쁜 습관으로 오래 일하다 보니까 처음엔 목이었는데 어깨에서 허리까지 이어가더니 다리까지 저려오네요.. 병원가봤는데 허리디스크는 아니고 조심하라고.. 척추 많이 휘어있다해서 이렇게 자세 잡아주는 교정기 샀습니다 바른자세로 일하겠습니다
5,착용하면 자연스럽게 자세가 펴져요 어깨가 뒤로 살짝 당겨지는 느낌이 있어서 구부정하게 앉아있다가도 자연스럽게 허리를 펴게 돼요 컴퓨터나 휴대폰 오래 보는 습관 있는 분들한테 괜찮을 것 같아요 처음엔 어깨가 당겨지는 느낌이 낯설었는데 조금씩 익숙해지니까 오히려 안 하면 자세가 더 흐트러지는 느낌이에요 가볍게 몇 시간씩 착용하기 좋아요.
5,"어릴 때부터 상체에 힘이 없어 등부터 어깨까지 굽은 상태로 지내왔는데 필라테스를 하다가 중단하니 다시 예전 모습으로 돌아가더라고요ㅠㅠ 밖에서는 의식해서 자세를 바르게 하려고 하는데 집에서는 계속 편하게만 있으려고 하게 되어서 앉아서 책 읽거나 공부할 때 쓰려고 구매했어요, 착용하는건 설명서 보고 하니 어렵지 않았고 착용하니 정말 어깨부터 등까지 상체가 빳빳하게 힘이 들어가서 너무 좋았어요 계속 꾸준히 사용해보려고 합니다!"
5,엄마한테 사드렸는데 의외로 좋다고 아주 잘 쓰고 계세요 ㅋㅋㅋ 하나 더 구매하려구요!
5,습관때문에 몸이 굳어버려서인지 이번에 거북목이랑 어깨가 말린걸 인지하고 신경써가며 앉아있는데도 자세가 좀처럼 잘 안잡히는 것 같아서 교정좀 해보려고 주문 했어요 이게 후기가 좋길래 여기서 주문해 봤는데 착용방법도 간단하고 탄탄하게 잡아주는게 좋네요 에스사이즈로 주문해 봤는데 사이즈도 딱 맞고 마음에 들어요 요즘 공부할 때 잠깐잠깐씩 착용하고 있는데 자세도 잘 잡히고 허리랑 어깨에도 부담이 덜 가는 것 같아 만족합니다 이거 진짜 마음에 들어요
5,❤️자연스럽게 허리와 어깨가 펴져서 자세 교정 효과 확실함 ❤️의식하지 않아도 오래 바른 자세 유지 가능 ❤️사이즈 여유있게 사면 남녀 모두 편하게 착용 가능 ✨구매이유 남편이랑 저 둘 다 컴퓨터 앞에 앉아 있는 시간이 많아요 자연스럽게 목이 앞으로 나가고 어깨가 말리니까 목이랑 어깨가 늘 뻐근하고 아프더라고요 허리에 힘을 줘서 꼿꼿하게 앉아보려고 해도 금방 자세가 풀리고 오래 유지하기 어렵다 보니 자세 교정 밴드를 한 번 써보고 싶어서 구매했어요 ✨사용후기 착용하는 순간부터 허리랑 어깨가 자연스럽게 펴지는 느낌? 신경 안 써도 잡아주는 힘이 있어서 오래 바른 자세를 유지할 수 있어요 처음에는 배에 밴드를 감는 위치가 조금 애매했는데 명치 바로 위로 하면 답답하고 숨 막히니까 명치보다 살짝 아래로 착용하니까 편하게 쓸 수 있었어요 사이즈도 넉넉하게 사서 남편이랑 같이 번갈아 써도 괜찮고 착용하고 한두 시간 컴퓨터 작업해도 어깨랑 목이 한결 편해졌어요 확실히 자세가 잡히니까 신기하고 뿌듯하더라고요 ✨총평 오랫동안 컴퓨터 하는 사람들한테 추천할 만한 자세 교정템이에요 착용만으로 허리랑 어깨가 펴지고 의식하지 않아도 바른 자세를 유지할 수 있는 게 최고예요 처음엔 착용 위치만 잘 잡으면 오래 쓰기에도 불편함 없어요 남편이랑 저 둘 다 만족해서 앞으로도 계속 사용할 예정이에요
5,"체격이 큰 편이라 일반 사이즈 교정밴드를 착용하면 꽉 끼어 숨 막히는 느낌이 많이 들어 큰 사이즈 제품을 서치하다 구매하게 된 정직한닥터의 바른자세 교정밴드:) 사용해보니 밴드 폭도 넓고, 넉넉한 사이즈 덕분에 착용감이 정말 편안해서 좋으며 굽었던 어깨가 뒤로 쫙 펴지며 등이 곧게 펴지는 느낌을 바로 받을 수 있어 좋더라구요. 마감 처리도 깔끔하고, 통기성도 우수하며 소재 자체가 튼튼해 오래 사용할 수 있을것같아요. 마지막으로 약국에 입점 된 자세 교정 밴드라 믿고 사용할 수 있어 매우 만족됩니다."
5,일할때 무의식적으로 자세가 구부정한데 이거 착용하고 일하면 바른 자세를 유지할 수 있어 좋네요
5,얇고 가벼운데 지지대 튼튼하고 착용감 편해서 좋네요 통기성 좋은 에어메쉬 재질이라 진짜 가벼우면서 편안하구요 땀 차지않고 답답하지 않아서 장시간 착용해도 불편하지 않아요 지지대는 튼튼해서 굽은 등 허리 어깨 등 바른 자세 유지하는데 많은 도움이 됩니다 자세교정밴드는 이렇게 가벼우면서 통기성이 좋아 장시간 착용할 수 있는게 젤 좋은거 같아요!
5,"착용해보니 처음에는 어깨가 조금 당기는 느낌이 있었지만 금방 적응되면서 구부정한 자세가 자연스럽게 펴지는 게 느껴졌습니다. 억지로 조이거나 답답하지 않고, 적당히 잡아주는 정도라서 장시간 착용해도 크게 불편하지 않았습니다. 특히 남녀 공용 제품이라 체형에 맞게 조절할 수 있어 가족끼리 함께 사용하기에도 좋을 것 같아요. 하루 종일 책상에 앉아 있다 보면 어깨가 안으로 말리고 등이 굽어지기 쉬운데, 이 밴드를 착용하면 자세가 조금 더 의식적으로 바르게 유지되면서 어깨와 등이 훨씬 편안해집니다. 디자인도 깔끔하고 옷 안에 입어도 크게 티 나지 않아 부담 없이 사용할 수 있었고, 꾸준히 착용하면 자세 교정에 도움이 될 것 같아 만족스러웠습니다."
4,아 작아요 4xl를 사야하는건지 ....
5,사무실에 계속 앉아있다보니 등이 굽어있고 어깨도 그렇고 자세가 정말 많이 망가진걸 느꼈습니다 운동도 열심히 하고 요가도 다니고 있지만 앉아있는동안에도 근본적인 원인을 해결하고 싶어서 구매한 정직한 닥터 바른 자세 교정 밴드입니다 일단 제가 덩치가 큰 편인데 포엑스라지까지 있어서 아주 마음에 들어요 가만히 있으면서 자세교정효과를 누릴 수 있어서 좋네요 처음엔 조금 불편하지만 차차 적응되어져갑니다
5,바른자세에 이만한게 없더라고요~ 처음에는 불편했는데 사용하면 할수록 편해요
5,"정직한닥터 바른 자세 교정 밴드를 사용해 보면서 느낀 가장 큰 장점은, 착용했을 때 딱 잡아주는 느낌이 있으면서도 불편하지 않다는 거예요. 처음에는 어깨를 뒤로 당겨주는 힘이 강할까 걱정했는데, 부드럽게 조절 가능한 스트랩 덕분에 과하지 않게 자세만 살짝 잡아주는 정도라 오래 착용해도 답답함이 거의 없고 피부에 자극이 적어요. 남녀 구분 없이 사용할 수 있는 디자인이라 가족 중 누구나 써도 좋고, 제가선택한 사이즈는 일반 체형에 잘 맞는 편이었어요. 또 가벼운 재질이라 무게 부담이 적고, 티셔츠나 셔츠 위에 껴도 어색함이 덜해 일상 생활 속에서 착용하기가 자연스러워요. 특히 컴퓨터 앞에서 오래 앉아 있을 때나 스마트폰 보느라 어깨가 앞으로 굽는 습관이 있는 분들에게 유용한데, 착용하면 어깨가 뒤로 자연스럽게 펴지면서 등 쪽에 긴장감이 생겨서 아, 지금 자세가 좀 더 바르구나하는 느낌이 듭니다. 내가 굽는 자세를 스스로 인지하기 어려울 때도 이 교정 밴드 덕분에 무의식적으로 자세를 고치게 되고, 꾸준히 사용하면 습관을 조금씩 바꿀 수 있을 것 같아요. 게다가 스트랩 길이 조절이 자유로우니 나에게 맞춘 핏으로 착용 가능하고, 세탁도 비교적 간편해서 위생적으로 쓸 수 있다는 것도 마음에 들었어요. 결론적으로 이 제품은 비싼 물리치료 기계나 보조기 없이도 가성비 있게 자세 교정 효과를 누릴 수 있는 실용적인 아이템이라, 집 · 사무실 어디든 하나쯤 있으면 도움이 많이 된다고 생각합니다."
5,"아빠 사줬어요 어깨쫙 허리쫙 확실히 잡아당겨준대요 188/80 배는 없는 편, 4XL 딱 맞아요"
5,"1. 바쁜 분들 요약 ⏱️ 거북목, 말린 어깨 때문에 샀는데 생각보다 착용 불편하지 않아요. 집에서 공부하거나 일할 때 자세 의식하게 만들어줘서 괜찮습니다. ⸻ 2. 구매하게 된 이유 핸드폰이랑 노트북을 하루 종일 보다 보니까 어깨가 점점 앞으로 말리는 게 느껴지더라고요. 병원 가기엔 애매하고, 그냥 집에서 습관부터 좀 고쳐보자 싶어서 크게 기대 안 하고 구매했어요. ⸻ 3. 써보니까 괜찮았던 점 혼자 착용하기 어렵지 않아서 귀찮지 않고요, 생각보다 꽉 조이는 느낌이 아니라 오래 차고 있어도 부담은 덜해요. 차고 있으면 억지로 잡아당기는 건 아닌데 “아 어깨 펴야겠다” 이런 생각이 계속 들긴 합니다. 남녀공용이라 체형도 크게 안 타는 편 같아요. ⸻ 4. 아쉬운 점도 솔직히 말하면 ⚠️ 처음엔 어깨 쪽이 좀 어색한 느낌은 있어요. 그리고 얇은 옷 안에 입으면 옷에 따라 티 날 수도 있습니다. 이거 하나로 자세가 완벽히 교정된다기보다는 보조용, 의식용이라고 생각하는 게 맞을 것 같아요. ⸻ 5. 총평 자세 교정 처음 해보는 분들이나 집에서 생활 습관 잡아보는 용도로는 충분히 괜찮아요. 큰 기대 없이 쓰면 만족도는 더 높은 제품 같습니다. 도움이 되셨다면 ‘도움이 돼요’ 눌러주시면 정말 감사해요. 쿠팡 체험단 꼭 도전해보고 싶습니다… 도와주세요"
5,사무직이신분들 라운드어깨에다가 어깨 너무 아프잖아요 ㅠㅠㅠ 일하다가도 어깨가 너무 아파서 중간중간 스트레칭 해주곤 하는데 바쁜날에는 스트레칭할 시간도 없단말이에여 ㅠㅠ 그래서 주문해봤는데 착용하면 촤아아악 자세가잡혀서 좋아요 ㅋㅋㅋㅋㅋ 처음에는 어 이게맞나 싶은데 이정도로 내 자세가 안좋았구나 싶네요ㅠㅠㅠㅠ 그치만 시원해서 좋아여 ㅎㅎㅎ 꾸준히써서 신경쓰지않아도 좋은자세를 유지할 수 있었으면 좋겠네융♡
5,이거 아주 요물이네요. 평소에 컴퓨터 달고사는 직업이라 목이며 어깨며 마사지받으러 다녀도 24시간 뭉치는데 이거 입으면 자세가 딱 교정되면서 근육이 릴렉스 되는 느낌이에요. 정말 시원하고 자세가 발라지니 달고다니던 두통도 사라지네요.. 진짜 자세가 중요한거같습니다. 추천드려요
5,어깨 잘 펴주고 좋네여 등도 편하고~ 밸크로라서 사이즈조절도 잘되고요! 컴퓨터에 오래앉아잇다보니 허리가 늘 아팠는데 이거 하면서 자세교정도 하고 하면 좋을거같아요
5,허리 근육이 워낙에 없어서인지 중량 높은거 들기가 힘들어서 착용중 입니다 확실히 밴드 착용하면 잡아주는 느낌이 있어서 운동할때 도움이 됩니다
5,어깨가 구부정 하고 허리가 안좋아서 구매 하게 되었습니다. 이게 어깨가 구부정하면 목까지 거북목이 되기 때문에 하나 제대로 구매해봤어요. 이 밴드를 사용하니 뒤가 정말 쫘악 펴지네요. 정말로 편합니다. 사실 저는 사무실에서 일을 오래해서 이 제품 정말 기다렸는데 진짜 쫘악 펴지네요... 무조건 착용하고 자주 사용하려고 해요.
5,남편이 항상 자세가 구부정해서 그런지 어깨도 많이 굽고 허리도 자꾸 아프다고 하더라구요 ㅠ 그래서 자세 교정 밴드를 찾다가 정직한닥터 제품이 보호대 전문 브랜드라 좋아 보이길래 구매해 봤어요 배송받자마자 남편이 매일매일 착용중인데 허리랑 어깨를 잘 잡아줘서 안정적이고 등도 잘 받쳐줘서 확실히 편하다고 하네요~~~ 장시간 착용해도 불편함이 없어 좋대요. 잘 사준 것 같아 뿌듯합니다. 만족해요 ^^
5,사이즈도 잘맞고 처음에는 좀 불편한감이 있었는데 자세때문이였나봐요 자세가 펴지니까 괜찮더라구요
5,운동하는데 어깨가 말렸다는 지적을 많이 들으니깐 동작을 할때마다 자구 신경이 쓰이는데 제가 고의로 말려고 하는게 아닌데 어느순간 구부정하게 있었나보더라구요 그러던 찰나에 이 제품이 보이길래 한번 구입해서 집에 청소하거나 집 안에서 시간 보낼때 착용해보니 어깨가 구부정 해질려고 해도 뒤에서 꽉 어깨릉 잡아주니 말려들어갈수가 없네요 집에서 소소한 시간 착용으로 어깨 굽었다 말렸다는 지적을 이제 안들었으면 좋겠어요 제품은 단닺흐데 조여주고 재질도 좋고 마음에 듭니다
5,"착용했을 때 자연스럽게 어깨가 펴져서 자세 교정에 확실히 도움이 돼요ㅎㅎ 처음엔 약간 뻐근한 느낌이 있었지만 익숙해지니까 하루 종일 착용해도 부담 없고, 옷 안에 입어도 티가 많이 안 나서 좋았어요! 남녀공용이라 가족끼리 함께 써도 괜찮고, 어깨 구부정한 분들께 완전 추천해요ㅎㅎ"
5,회사에서 착용하고 있는데 견갑을 지나지 않게 넓게 뚫려있어서 오래 착용하고 있어도 불편하지 않습니다
5,제가 음식을 먹을때 삼키면 바로 안 넘어가거든요 근데 알고 보니 허리가 많이 굽어서 그런거 같더라고요 현재는 이걸 착용하고 먹으니 잘 넘어가네요 그리고 허리가 안 굽게 고정이 잘 되네요
5,"요즘 컴퓨터 앞에 오래 앉아 있다 보니 자꾸 어깨가 말리고 자세가 구부정해지더라고요. 그래서 자세 교정 밴드를 구매해봤어요. 처음에는 좀 어색했는데, 몇 번 착용해보니까 어깨가 펴지는 느낌이 들어요. M사이즈로 구매했는데 조절이 가능해서 체형에 맞게 딱 맞춰 쓸 수 있구요 밴드가 탄탄하지만 너무 조이지 않아서 오래 착용해도 불편하지 않아서 수시로 착용중이예요"
5,자세 교정이 확실히 되는거같아요~ 착용감도 편하고 통기성도 좋고 맘에 들어요
5,"편하고 어깨와 등을 잘 펴줍니다 피부에 닿는 옷의 재질에따라 겨드랑이 쓸림은 있는데, 이는 부드러운 옷 입으면 될꺼고 주변에 추천해줘도 하나씩 사겠다 할 정도로 편합니다 받침대?가 있어서 허리를 쭈욱 펴주는데 그 느낌이 좋습니다"
5,평소 앉아있는 시간이 길다 보니 등이랑 어깨가 자주 뻐근했어요. 병원에서 물리치료 받아도 그때뿐이었는데 이제품 착용하니까 바른 자세 유지하기가 수월하네요. 예전보다 몸 상태가 좋아진게 느껴져요.
5,허리 충격을 덜어줍니다. 어깨 통증을 오늘은 전혀 못느꼈네요. 헬스장에서 이제 맘 놓고 런닝머신좀 할 수 있겠어요 ㅎㅎ
5,"사용해봤는데 일단 자주해야지 효과 있는건 맞는거 같아요!! 저도 지금 3주째 꾸준히 하는중인데 주변에서 효과있다는 소리 들으니 넘 좋네여,, 다들 언능 사용해보시고 숨은 키 찾아요!!"
1,허리끈이 찢어져서 왔어요 이건 뭐죠..
5,※ 탄성이 좋아 말린 어깨를 뒤로 당겨줘요 밴드가 짱짱하고 탄성이 좋아서 착용하는 순간 마치 마사지 받을 때 뒤에서 무릎을 등에 대고 양쪽 어깨를 당겨주는 느낌이 날 정도였어요 덕분에 어깨가 짧아악~ 펴집니다 ※ 밴드를 빼고 나서도 어느 정도 자세가 유지돼요~ 밴드를 뺐다고 해서 어깨가 다시 바로 원 상태로 돌아가지 않고 펴진 상태로 유지가 되는 거 같아요~ 겨울에는 잠깐 외출할 때 외투 안에 착용해도 좋고 여름에는 외출 전에 착용하고 있다가 빼고 외출하면 너무 좋을 거 같아요 * 실제 착용해본 느낌 처음 착용했을 때는 겨드랑이 접히는 부분이 조금 불편했는데 착용하면서 말려 들어간 옷을 잘 정리하고 5분 정도 지나니까 겨드랑이 부분도 적응이 되어서 괜찮았어요^^ 처음에는 10분 착용해보고 두번째는 30분 이상 착용해도 전혀 무리가 없었네요 ㅎ
5,가격대도 저렴해서 부담감없이 구매했씁니다 착용하는 법도 쉬워서 바로 단번에 착용했습니다 제가 어깨가 많이 굽어있다고 생각하지 못했는데 이거 사용하니까 바로 어깨가 펴지는게 느껴져서 신기하고 좋습니다 꾸준히 착용해서 어깨를 반드시 필거에요!
5,구부정한 자세교정하기 좋아요 탄탄하게 등이랑 어깨를 잘 받쳐주네요 이걸로 굽은 자세 교정중이에요 만족합니다
5,"다만, 하고있으면 덥고 좀 자국이 납니다. 그래서 귀찮아서 잘 안하긴하는데 하고있으면 효과가 좋아요. 꾸준히 할 수 있다고 생각하시는 분 추천"
5,숄더 말린 부분 바르게 자세 교정하는데 정말 도움이 많이 됩니다. 사무직이라서 늘 컴퓨터 하고 있어 팔이 앞쪽으로만 쏠리니 통등 오고 불편했는데 곧은 자세로 유지하게 해줘서 통증도 줄어들고 착용감도 너무너무 편해요
5,"남편이 나쁜 자세 때문에 두통도 자주 겪고, 허리가 아프다며 정형외과도 종종 다녔어요. 그런데 결국 아픈 원인은 ‘바르지 못한 자세’ 때문이었더라고요. 자세밴드를 착용하고부터는 어깨 말림과 허리라인이 잡히니 통증도 사라지고 몸이 훨씬 개운하다고 해요. 귀찮고 뭘 걸치는걸 안좋아하던 사람이 이제는 집에서도 버릇처럼 자연스럽게 착용하고 다닐 정도예요. 효과가 확실하니 중학생 딸에게도 하나 더 사주려고 해요. 온 가족이 하나씩 착용하면 바른 자세도 잡고 건강도 챙길 수 있을 것 같아요!"
2,이런걸 제품이라고 판매하는건 쓰레기에 가깝다고 생각하는데 직접써보니 진짜 쓰레기에 가깝다는걸 느낍니다 쓰지마세요 판매자분들 반성하시기 바랍니다 효과도없고 더이상 할말이 없네요
5,가볍고 힘도 좋아요 평소 자세가 엉망이라 자세교정밴드을 구입했어요 잘 잡아주는 것 같고 가격대비 좋습니다
5,어꺠도 축 처져있고 허리도 굽었는데 이거 하고 부터 많이 자세가 많이 개선 되가고 있어요 주변에서도 다들 자세 좋아 졌다고 하시네요
5,"|￣￣￣￣￣￣￣￣| |굽은허리 거북목? | |＿＿＿＿＿＿＿＿| (|__/) || (•ㅅ•).|| / . . . .づ ∴∵∴ ୨୧ ∴∵∴ ୨୧ ∴∵∴ ୨୧ ∴∵∴ ୨୧ ∴∵∴∴∵∴ ୨୧ ∴∵∴ ୨୧ ∴∵∴ ୨୧ ∴∵∴ ୨୧ ∴∵∴∴∵∴ ୨୧ ∴∵∴ 굽은 허리에 거북목 거기에 사무직까지 더해지면 이거 완전 머리 목 어깨 허리 분지르기 쉽쥬 네 사실 저는 이미 디스크가 한 번 터져 고생해서 두 번은 터지지 않고자 노력하는 거북인입니다,, 사진 좀 웃기긴한데 언니가 엄빠 보내준다고 찍어서 그냥 사용해봤어요 너무 웃지들 마시고 허리랑 어깨 등까지 쫙 잡아줘서 편해요.. 집에 있을때에도 필수로 하고있는중,, ∴∵∴ ୨୧ ∴∵∴ ୨୧ ∴∵∴ ୨୧ ∴∵∴ ୨୧ ∴∵∴∴∵∴ ୨୧ ∴∵∴ ୨୧ ∴∵∴ ୨୧ ∴∵∴ ୨୧ ∴∵∴∴∵∴ ୨୧ ∴∵∴"
5,착용감은 편한데 착용후에 엄청 효과가 좋네요 통증이 확실하게 완화되니 더 열심히 사용하게 되는 것 같아요
4,"어머니가 자세가 좋지않아 구매해서 착용까지 해봤어요. 나이드신 어른들, 자세가 늘 걱정인 아이들까지 도움이 많이 될듯합니다. 약국판매 제품이리 믿고 구매했어요. 제품도 만족합니다. 꾸준히 해볼께요."
5,배와 어깨 짱짱하게 잘 잡아줍니다 빠른 배송 덕에 바로 착용했네요 번창하세요~
5,굽은 어깨와 허리를 위해 운동하고 있지만 운동 병행 자세교정밴드가 좋다고 필테 강사가 말해서 추천해주신 곳에서 구매했어요. 제가 열심히 의식하고 허리랑 어깨 피지 않아도 알아서 잡아주니깐 세상 편하고 옷태가 달라졌어요~
5,어깨랑 등이 너무 굽는거 같아서. 일하면서 자꾸 자세가 흐트러 져요 한번씩 자리 고친다고 허리 어깨 꼿꼿히 들다가도 또 다시 도루묵. ;;; 안되겠어서 산건데. 착용하고 앉아있으니 정신을 놔도 자세가 흐트러지지 않고 잘 잡아지니 좋네요 게다가 전 거북목도 있고 척추도 골반도 좀씩 틀어져서 자세교정 진짜 중요하거든요. 이렇게 노력하면 1년후엔 바른자세 잘 잡고 있겠쭁? 기대해 봅니다~ ㅎㅎ
5,일주일 정도 사용한 찐 후기 : 목 디스크로 어깨 쪽이 늘 아파서 힘들어서 구매 했습니다. 업무 특성 상 앉아서 근무 하다보니 힘들더라구요. 일주일 사용 해본 결과 착용하니 자세 교정에 효과가 있어 목과 어깨 쪽 통증이 거의 없어요. 다만 장시간 착용하다보니 겨드랑이 쪽이 좀 아팠습니다.. 구매 사이즈 2XL 평소 사이즈 77-88
5,"좋습니다! 목과 어깨 아픈 고2 아들 때문에 구매했어요 .먼저 산것도 있는데 불편하다고 싫다 했는데,이번엔 편하고 좋다고 합니다. 추천합니다!!부담없는 가격입니다 ~~"
5,어깨 통증과 허리통증 등통증이 모두 나쁜 자세에서 오는 것 같더라구요 구부정하기도 하고 하루종일 컴퓨터 작업을 하니 몸이 굽을 수 밖에 없어서 교정밴드 했더니 자세 완전 좋아지고있어요
5,자세 교정 밴드 착용하고 어깨가 안아프더라고요 자세가 유지가 되서 그런지 어깨도 안아프고 통증도 많이 줄었어요 ㅋㅋ 이래서 바른 자세가 중요한 것 같아요
5,교정밴드 쓰니까 허리가 많이 펴지고 어깨도 많이 펴져서 그런지 허리도 덜 아픈거같아요
5,어릴때부터 어깨가 굽은 자세여서 지적을 많이 받았어요. 나이 드니 이제 제가 보기가 싫더라고요. 사진 찍어도 안예쁘고. 그래서 자세를 좀 바르게 해보려고 구매했어요. 이거 하는 시간동안 자세를 고쳐잡다보니 평소 생활할때도 전보다 바른자세를 유지할 수 있어서 만족스러웠어요.
5,라운드 숄더가 고민이라 밴드종류 알아보다가 이걸로 구입했는데 너무너무 만족하면서 잘 쓰고 있습니다~~ 고정력도 좋고 지지력도 좋은데 착용감이 불편하지 않아서 쓸수록 좋은것같아요!^^
5,어깨가 둥그렇게 안쪽으로 말린 사람이 착용하기 좋아영 억지로 허리 꼿꼿이 피려고 하면 오히려 척추에 힘이 들어가서 자세가 어정쩡 해지던데 바른자세 밴드 끼니 자연스럽게 곧아지는 느낌여
5,"정말 만족스런 자세교정밴드입니다! 지인이 아주 강력하게 추천해줘서 구매해봤는데 확실히 사용하니까 도움되고 좋은것같아요~ 빨리 받아서 사용해보고 싶었는데 배송도 로켓배송으로 빨리 받아볼 수 있어서 좋았구요!! 평소에 사무실에서 앉아있는 시간이 많은데, 자세잡는데 확실히 도움되는것같고 걸어다닐때 자세도 달라진것같아서 넘 좋아요~ 재질도 튼튼해서 부담없이 사용하기 좋았고 무엇보다 오래 착용하고 있어도 착용한지 모를정도로 불편함 없이 이용가능하능하겠더라구요~~"
5,허리와 어깨 등을 확실하게 조요주는 느낌이 들어요 효과있어요
5,"직업 특성상 하루 종일 앉아서 일하다 보니 자세가 점점 구부정해지고, 어깨와 목, 허리까지 통증이 심해져서 구매하게 되었어요. ‘정직한닥터 바른 자세 교정 밴드’를 착용한 지 일주일 정도 되었는데, 생각보다 효과가 괜찮아서 만족하고 있습니다. 착용하면 자연스럽게 어깨가 뒤로 젖혀지고 등이 곧게 펴지면서 자세가 확실히 교정되는 느낌이 있어요. 처음에는 어깨 부분이 좀 뻐근하고 조이는 느낌이 들긴 했지만, 1~2일 정도 지나니까 몸이 적응되면서 크게 불편하지 않았고 오히려 안 하고 있으면 어색할 정도예요... 특히 장시간 앉아 있거나 집중해서 무언가를 할 때, 이 밴드를 착용하면 자세가 흐트러지지 않아 허리 통증이 많이 줄었어요! 무게감도 거의 없고 통기성 있는 소재라 여름철에도 부담 없이 사용할 수 있고, 티셔츠 안에 착용해도 겉으로 크게 티가 나지 않아 실용적입니다. 가격도 저렴하게 구매해서 만족스럽고, 앞으로도 꾸준히 착용해서 더 건강한 자세를 유지하려구요ㅎㅎ"
5,아팠던 허리 어깨 목이 많이 좋아지고 있어서 완전 애정하는 제품이 되었네요 잘 쓸게요 짱짱 좋아요
5,남편이 거북목도 심하고 자세가 구부정해서 자세 교정하라고 선물해 줬는데 입고 있으니까 불편하긴 한데 확실히 자세 교정이 된다고 하네요! 어깨를 쫙 펴주니까 어깨랑 목 통증이 있었던 것도 사라졌다고 해서 저도 사려고요!
5,"눈에띄는 거북목에 한의원에서 추나요법도 받고는 했었는데 아무래도 일시적인부분인지라 ❗️일상생활에서 지속되는 습관❗️이 아니라면 의미가 없더라구요 문제는 거북목이 심한지 정작 본인은 잘 모른다는 사실 ~ ⁉️ 수많은 자세교정밴드 검색 검색 후 구매완료 ~ ♥️ 싫다고만 할 줄 알았는데 ♥️착용 주인공도 흔쾌히 의사가 있더라구요♥️ 등받이 지지대와 쿠션감으로 편안함이 드는 제품의 외형 , ❗️174키에 74KG 아드님은 2XL라지 사이즈 주문 ❗️ 그리고, 주인공 착용 후기입니다 〰️ ▶️착용시 쎄게 조여주는 압박감이 아니라 착용감이 편하게 느껴지며 ♥️비교적 오랜시간 착용이 가능한듯해요♥️ ▶️위쪾으로는 양 어깨를 잡아주면서 허리부부 끈으로 잡아주며 사이즈 조절이 쉬워요♥️ ▶️통기성이 있는 소재라 여름에 착용시에도 답답함이 덜할듯요♥️ ▶️거북목교정뿐 아니라 허리부분도 잡아줘서 활용하기가 좋을듯해요♥️ ⏩️⏩️⏩️느꼈을때 바로 잡아줬어야하는 아쉬움이 있지만 ♥️잘 사용하며 신경쓰는 아둘님♥️이라 다행인 마음입니다⏩️⏩️⏩️"
5,"운전직이라 ​평소 구부정한 자세 때문에 어깨와 허리 통증이 있었는데, 이 밴드를 착용하고 확실히 어깨를 펴고 허리를 곧게 펴는 데 도움을 받았습니다. ​등판이 넓고 X자 형태로 지지해 주어 착용감이 안정적입니다. 특히 끈 조절이 쉬워 혼자서도 몸에 맞게 밀착시킬 수 있는 점이 좋았습니다. 장시간 앉아있거나 서서 일할 때 자세 보조용으로 추천합니다! 가성비도 훌륭한 편이네요."
5,사용한지 10일차인데 자세가 펴지면서 비율도 좋아지고 거북목이 개선되서 목이 길어지면서 요새 살빠졌단 소리도 듣고 아주 만족합니다 ㅎ
5,빠르게 배송해주셔서 감사합니다 오자마자 사용해봣는데 제품 특유의 냄새도 안나고 옷안에 입고 다니면서 자세 잡고 잇어요 허리가 많이 아프고 자세 틀어지는걸 잡아주니까 요새 너무 편하네요 나중엔 이거 없이도 좋은 자세 오래 유지할 수 있게 운동도 하려구요
5,아버지께서 허리가 안좋으시다 하셔서 구매했어요 집에 계실 때 항상 착용하시는데 점점 좋아진다고 하네요
5,사이즈 선택이 가능해서 좋구만여 S로 샀떠니 저한테 딱 맞아여 밴드를 착용하고 나서 허리도 곧아지고 자세가 예뻐진 것 같아서 맘에 들어여 무엇보다도 겉옷 안에 편하게 착용할 수 있어서 좋습니다아
5,라운드숄더 거북목이 엄청 심한편이라 스트래칭 많이하긴 하는데 컴퓨터를 워낙 많이해서 점점 더 앞으로 기우는 것 같아요 회사에선 못하더라도 집에서만이라도 교정밴드하고 해야겠다 싶었는ㄷ 하니까 확실히 등이랑 어깨를 잡아줘서 자세가 교정되더라구요
5,"평소에 재택근무로 하루종일 컴퓨터 앞에서 일하는 사람이에요. 일에 집중 하다 보면 점점 어깨, 허리가 저도 모르게 굽어 있더라구요. 굽어 있으니 나중에는 허리도 아프고 ㅠ 그래서 구매했습니다! 써보니까 결과는 대만족 ⭐️⭐️⭐️⭐️⭐️ 어깨가 펴지니까 자연스럽게 등, 허리도 펴져서 자세가 딱 교정이 되더라구요. 신기하게도 거북목도 좀 좋아졌어요 ~~ 통기성 있는 메쉬 원단이라서 지금 같이 더운 날에도 갑갑하지 않구요, 찍찍이도 탄탄해서 고정이 잘돼요! 박음질도 꼼꼼하게 잘 되어 있어서 빨아도 변형 없을 것 같아요. 사이즈별로 있으니 내 사이즈에 맞게 꼭 한번 써보세요! 전 요즘 설거지 할 때도 써요 ㅎㅎㅎ ❤️ 제 후기가 도움 되셨다면 “도움 돼요“ 한번씩 부탁드려요."
3,2xl 4xl 차이가 어마하네요.. 4 넘 커서 2로 했더니 허리 겨우 채워졌어요..
5,거북목이 심해서 고쳐보려고 구매했습니다. 좋다는 운동들도 따라하고 있는데 관성 때문인지 신경 안 쓰면 금세 구부정하게 되더라고요. 생각보다 끼거나 불편한 거 없이 탄탄하게 몸을 잡아줘서 집에서 하고 있긴 너무 좋아요. 확실히 등이 쫙 펴져서 운동 효과를 더 잘 보는 것 같습니다. 처음 받아봤을 때는 좀 냄새가 나서 밖에서 하루 이틀 정도. 환기 시켰더니 훨씬 나아졌습니다. 비닐에 들어가 있어서 좀 냄새가 응축됐었나봐요. 키는 170센치미터 중 후반이고 사이즈는 투 엑스 라이즈 선택했는데 알맞았어요. 사이즈 표 보고 구매하시는 것을 추천드립니다.
3,우선 등쪽지지대가 길어서 목윗쪽으로 올라오면 옷위로 튀어나보임 두꺼워서 겨울에만 사용해야함
5,평소에 앉아서 일하기도하고 자세 자체가 많이 구부정하고 통증도 점점 심해져서 구매해봤는데 완전 좋은데요?자연스럽게 상체를 잘 잡아줘서 매일 꾸준히 하다보면 자세도 잡히면서 통증도 많이 좋아질거 같아요 좋은제품 감사합니다!!
5,어깨가 굽어서 교정보조기 찾다가 구매 했는데 생각보다 견고하게 만들어서 어깨를 잘 잡아줘서 어깨가 펴지네요 꾸준히 사용해서 자세교정 하려구요
5,직장 다니면서 컴퓨터 앞에 오래 앉아있다보니 자세가 안좋아지는거 같더라구요 친구가 교정밴드 착용해보라고 추천해줘서 구매했습니다 일할때나 겉옷 안에 항상 착용해주는데 확실히 자세를 고쳐 서게 되는거같아요 등이 굽지 않게 열심히 착용해야겠습니다 ~~!
5,운동하면서 바른자세도 중요하다 보니 착용하면서 운동해요. 요즘 주변에서 보면 이렇게 바른자세 유지하는 거 보고 저도 구입했는데 디장인도 몸에 맞게 편하고 착용 전과 후고 확실히 다름이 느껴져서 굿 입니다.
5,"#자세교정밴드 #어깨교정 #숄더밴드 #남녀공용 #약국입점 ⸻ 평소 어깨 말림과 거북목 느낌이 있어서 구매했는데, 착용해보니 과하게 조이지 않으면서도 자연스럽게 어깨를 뒤로 잡아줘서 부담 없이 사용하기 좋았습니다. 2XL 사이즈라 체형 여유 있게 맞고, 옷 안에 착용해도 크게 티 나지 않아 일상 생활 중 착용하기 괜찮아요. 장시간 착용해도 답답함이 덜하고, 자세를 스스로 의식하게 만들어주는 느낌이 큽니다. 약국 입점 제품이라 그런지 마감이나 소재도 깔끔한 편이라 신뢰가 갔어요. ⸻ ✔️ 한눈에 보는 장점 ✓ 어깨를 자연스럽게 펴주는 착용감 ✓ 과하게 조이지 않아 데일리 착용 가능 ✓ 2XL로 체형 여유 있게 맞음 ✓ 옷 안에 착용해도 비교적 티 적음 ✓ 소재·마감 깔끔, 약국 입점 제품이라 신뢰감 있음 ⸻ 이 글이 도움이 되셨다면 “도움이 돼요” 눌러주세요! 작은 클릭이 더 좋은 리뷰를 만드는 힘이 됩니다"
5,아들 공부 한다고 등 어깨가 많이 굽었는데 이거 차고 바르게 되네요 자세교정효과 좋습니다
5,"✅️ 장시간 컴퓨터 앞에서 일하다 보니 자연스럽게 자세가 흐트러지고 허리와 어깨에 부담이 갔는지 통증도 있어요. 진짜 이러다 굽은등이 되는거 아닌가 걱정도 많이 되구요ㅠㅠ 그래서 자세교정밴드를 찾아보게 되었는데, 약국 판매 브랜드라 믿음이 갔고 디자인도 깔끔하며 착용감이 편안하다는 후기를 보고 바로 선택했습니다. 처음 착용했을 때도 너무 답답하지 않고 부드럽게 몸을 잡아주는 느낌이어서 마음에 들었어요. ✅️ 꾸준히 착용하면서 확실히 자세가 바르게 잡히는 게 느껴졌습니다. 평소 등에 힘이 들어가면서 굽었던 등이 점점 펴지고, 어깨도 자연스럽게 뒤로 눕혀져서 전체적인 몸의 균형이 좋아졌어요. 장시간 앉아 있어도 등이 덜 아프고, 피로도 덜 느껴졌습니다. 일상생활이나 운동할때도 불편함 없이 편안하게 활동할 수 있어서 만족스러워요. ✅️ 가벼운 소재라 장시간 착용해도 부담이 없고, 통기성이 좋아서 땀이 차지 않아 쾌적했습니다. 사이즈 조절도 간편해서 내 몸에 딱 맞게 맞출 수 있고 옷 위에 착용하고 겉옷입으면 티가 잘 나지 않아 외출 시에도 부담 없이 착용할 수 있다는 것도 장점입니다. 깔끔한 디자인이라 보기에도 나쁘지 않아요. ✅️ 자세 때문에 고민하시는 분들께 추천드리고 싶어요. 꾸준히 착용하면 건강과 일상생활의 질을 높여주는 필수 아이템이라고 생각합니다. 저처럼 자세로 인해 굽은등 걱정이 되시는 분들은 사용해보심 좋을듯해요."
5,구부정한 자세랑 거북목 때문에 고민이 많았는데 정직한닥터 자세교정밴드를 써보고 꽤 좋아졌어요~~ 착용 방법도 간단하고 생각보다 부담 없이 편하게 착용할 수 있어서 일상생활이나 업무중에도 홈트할때도 무리 없이 사용가능해요!! 처음에는 쪼금 불편한 느낌이 있었는데 며칠 착용하다 보니 자연스럽게 어깨가 펴지고 자세도 조금씩 교정되는 게 느껴졌어요^^ 앉아 있을 때도 허리를 꼿꼿이 세우게 되니까 멀하든 집중력도 올라간 느낌이에요♡ 조절도 쉽게 할 수 있어서 남녀 모두 착용 가능하고 땀 배출이 잘 되는 소재라 여름에도 덥거나 답답하지 않고 괜찮았어요 ~~근데 너무 오래 착용하고 있으면 어깨가 뻐근할 수 있으니 적당히 조절해서 사용하는 게 좋을 것 같아요♡
5,약국에서 파는 일반 교정밴드보다 훨씬 더 편안하고 저렴하고 사용하기도 좋아서 만족해요 ^^
5,자세교정되는데 이만한게 없는것같아요!! 요즘 자세가 불량한지 의자에 앉아있으면 허리가 너무 아파서 고통스러웠는데 확실히 자세 교정밴드 착용하니까 다르네요!! 정말 너무 편하고 좋고 그렇다고 밴드를 오래 착용하고 있다고 불편하지않고 오히려 편하네요~~ 가격도 합리적이라 더더욱 좋은 것 같고 별 다섯개 아깝지 않은 제품입니다!! 평점: ⭐️⭐️⭐️⭐️⭐️ (5/5)
5,겨드랑이 많이 압박당해요. 첨부터 큰사이즈 살껄 그냥 쓸랍니다. 그리고 접착력이 떨어져요.
5,배송도 빠르고 짱짱하니 고정도 잘되어요 아플까 걱정했는데 아프지않게 자세를 잘 잡아주니 바른자세로 하루 종일 유지할 수 있어서 굿굿
5,"저녁에 10분정도 꾸준히 착용중인데, 자세가 교정되는거 같아 매우 만족합니다!! 키가 커진 것 같아요!! 가격도 저렴하고 좋습니다!!"
2,착용해보니 자세는 교정이 되는데 와이셔츠 입고 이걸 걸치니 어색합니다. 보기에 좋지 않습니다 그리고 착용하면서 활동하다보면 자꾸 위로 올라와요. 재구매는 하지 않을듯
5,처음 착용해보는건데 착용하는것도 해맬줄 알았는데 너무 쉽게 착용했습니다 신축성도 좋고 오래동안 착용하면서 하루 종일 회사 업무도 가능했습니다
5,엄마가 허리가 안 좋으셔서 이런거 하나 사달라고 해서 보내드렸더니 가게서 일할때 착용하고 일 하신다네요 편하고 좋다 하시니 다행이긴 합니다ㅠ
5,평소 66사이즈 입는데 M사이즈 잘 맞네요 ㅎ 어깨가 많이 굽었다는 이야기를 자주 들어서 구매하게 됐는데 이거 하고 있을 때 확실히 교정이 잘 된다는 느낌이 들어요. 밴드 착용하고 있을 때 밴드가 지지해주다보니 억지로라도 자세에 더 신경쓰게 되더라고요 ㅎㅎ 특히 앉아서 일할 때 꼭 하는 편이에요. 그러면 자세 흐트러짐도 방지할 수 있어서 정말 좋아요 ㅎ
5,착용하자마자 자세가 바르게 되서 놀랐어요. 사이즈도 딱 맞고 탄성이 좋아서 불편함이 없어요. 아우터 안에 입으면 표시도 나지 않아서 외부 활동할때도 입기 좋아요. 바른 자세로 생활하니 키도 커 보이고 몸매도 예뻐 보여서 좋아요.
5,"정직한닥터 바른 자세 교정 밴드 착용해보니 어깨와 등이 자연스럽게 펴지는 느낌이 확실합니다. 조이지 않고 부드럽게 당겨줘 장시간 착용해도 부담이 적었어요. 어깨 홀더 타입이라 말림을 잡아주고, 남녀공용이라 사이즈 선택도 편리했습니다. 일상생활이나 사무실에서 착용하기 좋고, 자세 인식에도 도움이 돼 꾸준히 사용해볼 만한 제품입니다."
5,어깨가 말린어깨여서 병원서 평상시 자세를 바르게 하라고 하는데 그게 쉽지가 않잖아요 어깨 밴드 사용하고 너무 좋아요 어깨도 덜 아프고 자세도 확실히 교정되어서 만족합니다
5,하루종일 컴퓨터 앞에 앉아있다보니 허리가 점점 굽고 어깨도 아프더라구요 자세교정 밴드 하고 있으면 조금 나을 것 같아서 샀어요 착용방법이 간단하고 쉬워서 빠르게 입고 벗을 수 있네요
4,중3아들이 어깨가 자꾸 말려 들어가는 느낌?이 든다고 해서 바른교정위해 구입했습니다. 30분쯤 하고 풀었는데 어깨가 펴진 느낌이 든다나..ㅎㅎ 꾸준히 해보려고 한다고 합니다 별하나 뺀건 맨몸으로 해서 그런지 허리쪽 닿는부분에 살이 까져 있네요ㅜ오래하기는 힘들듯해서 별하나 빼요
5,"남편이 평소 허리 디스크에...시술을 3번이나 받았구요 어깨도 아파서 몇번 시술 받고... 여기저기 아파해요 ㅜ 요세는 유독 회사에서 아프다고 해서 여기저기 보호대를 찾다가 이걸 샀네요 사용자》》》 평소 100 몸무게 74 허리디스크 / 어깨관절 아픔 후기 요점》》》 몇일 사용해 보니 아직은 아프지 않고 괜찮은거 같다고 합니다 회사에서 사용시에는 어깨가 덜 아프다고 하구요 어떤 사람들은 보호대로 억지로 교정을 하면 더 아프거나 안좋아 진다고 하는데.. 아직은 그런건 없어요 현재까지 잘 사용 중이에요^^ 1. 활용도 집에서 스트레칭 할때, 헬스장 운동시 소파에 앉을때 쓰구요 회사에서 자리에서 일할때 씁니다 2. 사용방법 허리 찍찍이로 ,사이즈 조절해주면 되요 처음 사용시에는 근육이나 척추가 아플수 있으니 느슨하게 하는걸 추천해 드려요 ☆☆☆ 그리고 몇일 간격으로 천천히 줄여 주세요^^ 3. 가격 가격이 제 기준인 싸진 않지만 ㅋㅋ 남편이 아프다고 하니... 이걸로 효과를 봤으면 좋겠네요 ^^ ☆☆☆☆ 제 리뷰가 도움이 되셨다면 아래 >> 도움이 돼요 << 한번 눌러주세요 ㅎㅎ"
5,와이프 어깨가 너무 말려들어가있어서 구매했습니다 효과 있었으면 좋겠어요
5,등쪽에 단단한 철심도 있어서 등쪽 잘잡아주고 허리도 잡아주고 어깨도 어깨끈 조절해서 펼수있는 정도를 조절할수 있어서 넘 편리하고 좋아요. 사무실에서 너무 앞으로 굽어있는 느낌에 라운두숄더 심했는데 집에서 5분만해도 운동한것처럼 힘들어요. 빼고나면 확실히 등쪽이라 앞가슴쪽이 시원합니다
5,휴대하기도 좋고 사용 안할때는 보관하기도 좋네여 허리 밴드라 편하고 어깨 허리다 편하게 자세 잡아줘서 좋네요
5,"평상시에 사무실에서 의자에 오래 앉아 있어서 일하고나면 목이랑, 어깨가 계속 아팠는데 주변 사람들이 바른자세 교정밴드가 좋다고 한번 사용 해보라고 얘기를 많이 들어서 한번 구입해 보았습니다. 허리지지대 부분이 두개나 있어서 제가 덩치가 큰 편인데도 탄탄하게 잘 받쳐줘서 자세를 유지할때 조금 더 편하게 착용할 수 있었습니다. 지금은 회사에 가져가서 잘쓰고 있고 습관적으로 등이 구부정해지는게 있었는데 잘잡아주니까 생각한것보다 만족합니다! 일단 자세가 평소에 안 좋으신 분들이나 좌우가 비대칭이신 분들은 써보시면 도움 많이 되실거에요!"
5,"자세가 안좋아서 어깨도 아프고 등도아프고, 계속 악순환이라 교정밴드를 구매했어요. 등과 허리, 어깨를 쫙 펼수 있게 해줘서 장시간 앉아있어도 자세 잡기가 편해요. 통기성도 좋고, 스트랩도 넓게있어서 착용하고 있어도 불편하지 않네요~"
5,"요즘 컴퓨터 앞에 오래 앉아 있다 보니 어깨가 점점 안쪽으로 말리고, 사진 찍을 때도 자세가 흐트러져 보여서 고민이 많았어요. 그런데 이걸 착용해보니 처음엔 살짝 어색했는데 금방 편안하게 자리 잡더라구요. 당기거나 조이듯 불편한 느낌이 아니라, 자연스럽게 어깨를 뒤로 열어주는 느낌이라 하루 종일 착용해도 부담이 없었어요. 특히 오래 앉아 있을 때 등이 구부정해지는 순간마다 살짝 잡아줘서 자세가 자동으로 다시 펴지니까 신기하더라구요. 티 안 나는 디자인이라 옷 안에 넣어 입기 좋고, 외출할 때도 전혀 거슬리지 않아서 하루 루틴에 자연스럽게 들어왔어요. 꾸준히 쓰다 보니 어깨 라인이 조금씩 정돈되는 느낌이라 목도 덜 뭉치고, 피로도 확 줄었어요. 자세 교정이 이렇게 편하게 될 줄 몰라서 요즘은 습관처럼 챙겨 착용하고 있어요."
5,오래 앉아있는 직업이라 거북목과 어깨 통증이 심해져서 자세 교정 밴드를 구매하게 되었어요ㅜㅜ 착용감이 생각보다 편안하고 끈 조절이 쉬워서 남녀 모두에게 잘 맞는 느낌이었고 뒷부분이 단단하게 잡아줘서 어깨가 자연스럽게 펴지는 느낌이 들더라구요!!! 처음엔 약간 어색했지만 몇 시간 착용해보니 자세도 의식적으로 바르게 잡히고 목 통증도 확실히 덜해진 느낌이었어요^^ 운동할 때도 가볍게 착용하고 있으면 도움이 되서 일석이조라는 생각이 들어요ㅎㅎ 디자인도 과하지 않고 일반 옷 안에 입어도 크게 티가 나지 않아서 외출 시에도 부담이 없었구요~ 무엇보다 탄탄한 고정력과 착용 후의 개운함이 가장 만족스러웠어요^^ 직장인이나 학생들에게 특히 추천하고 싶은 제품이에요ㅎㅎ
5,굽은 어깨로 항상 고민이 많다가 행사 하길래 주문해봤어요 ㅎ 배송 빠르네요~ 제품 가볍고 통기성 좋고 등에 닫는 부분 단단히 지지 해주고 벨트 감아서 붙여주고 어깨로 감싸 당겨서 펴주는데 시원하고 몸이 펴지네요~ 오래 착용해도 아프지 않아서 좋네요~
5,날마다 책상앞에서 공부하더니 허리.목.등에 무리가 왔나봐요 고등 딸아이에게 사이즈 딱좋구요 바른자세로 아주 좋습니다 사용하기 편해요 통기성도 좋아서 오래도록 사용해도 무리가 없네요 강추합니다
5,"평소에 사무일 땜에 거북목이 심하고 어깨가 자주 말려 있어서 이번에 바른 자세 교정 밴드를 사용해봤습니다. 제품 자체가 가볍고 부드러워서 착용했을 때 부담이 적었고, 혼자서도 거울 보고 쉽게 착용할 수 있었습니다. 처음에는 어깨가 살짝 당겨지는 느낌이 있었지만, 오히려 그 덕분에 등이 곧게 펴지고 자세가 신경 쓰이게 돼 좋았습니다. 하루 1~2시간씩만 착용해도 어깨와 등이 시원해지고, 오래 앉아 있어도 자세가 무너지지 않더군요. 길이 조절이 가능해서 제 체형에 맞게 딱 맞출 수 있었고, 남녀공용이라 가족끼리 번갈아 쓰기에도 좋습니다. 무엇보다 겉옷 안에 착용해도 티가 거의 안 나서 외출할 때도 부담이 없습니다. 장시간 컴퓨터 작업이나 공부, 운전하시는 분들에게 특히 추천할 만한 제품입니다. 가격대도 합리적이라 만족도가 높았습니다. 괜찮아서 추가구매해서 가족들도 하나씩 장만해줘도 괜찮을거 같습니다!!"
5,착용감 편하고 답답하지도 않네여 허리를 쭉 잘펴주는느낌이라 좋아여
5,너무좋아요~~~~~ 반팔티 위에 입으면 바로 닿는게 아니라 더 편하고 잘 잡아주는 것 같아요!!!! 허리펴지니까 키도 커진 느낌이에요 ~~~~
5,저는 평소에 앉아있는 자세랑 걸어다닌 자세가 좋지 않아서 특히나 거북목이나 등 굽비이 심해서었는데 이제품을 쓰고 의식적으로라도 거북목을 안 할 수 있어서 너무 좋은거 같아요. 저의 크나큰 약점인 거북목을 이렇게 쉽게 해결할 수 있다니 너무 좋은거 같아요. 적극 추천합니다.
5,제가 컴퓨터를 많이 보는 직업을 하다 보니 어깨가 많이 굽고 라운드 숄더가 심해서 헬스장에서 추천 받아서 구매해 봤는데요~ 처음에는 조금 어색함이 있었지만 계속 사용하니까 불편하지도 않고 좋아요! 마음에 듭니다
5,잠 잘때 매일같이 새우잠을 자서 라운드 숄더가 심한편인걸 이번에 운동하면서 알게됐어요. ㅜㅡㅜ 운동도 중요한데 평소에 어깨를 펴고 다니는게 중요하다고 해가지고 무의식적으로라도 펴고 다니려고 구매했습니다. 어깨 완전 끝은 의식적으로 펴려고 해야하는데 허리랑 날개쪽이 펴지니까 자세가 좋아지는게 느껴져요. 전체적으로 밸런스있게 잡아주는 느낌입니다. 열심히 사용해 볼게요.
5,사무직으로 많은시간을 일하다보니 자세가 점점 구부정해지는거 같고 자세교정밴드의 도움을 좀 받아보려고 구입함요^^ 입자마자 자세가 쫙 펴지는게 신기하더라고요! 그리고 저 거북목인데 완전 도움 받고 있고요ㅎㅎ 두께가 얇은편이라 부담없이 착용할 수 있었어요~ 만족도 200프로 입니다❤️
2,돈낭비 입니다 처음에는 잘 사용했지만 금방 찍찍이가 떨어집니다 방구석에 박혀 있네요
5,"▪︎골반 틀어짐 20도 척추측만증 굽은등 어깨말림 거북목 일자목 역c자 모두 있는 사람입니다. 정말 장시간 앉아있어야 되시는 분들은 더 나빠지시기 전에 꼭 자세교정 열심히 하시고, 특히 앉아서 일하거나 공부하다 보면 자세 흐트러지기 마련인데, 이건 억지로라도 잡아주니까 훨씬 나으리라 믿습니다. ▪︎솔직히 딱 처음 착용했을 때 저는 숨쉬기 불편하고 벗어버리고 싶지만, 그래도 밴드 없이 공부하다가 몸 더 망치는 것이 최악일 것 같아 꾹 참았습니다.지금 이렇게 불편한 건 그동안 내가 그만큼 체형이 망가졌구나...아...지금은 얘가 그만큼 잘 고정해주고 있는 거구나.. 싶어서 계속 쓰려고요. 체형은 되돌리기 쉽지 않고 리스크가 커서, 잘못된 이상한 밴드 사는 건 정말 안 되겠죠. ★약국에서 파는 거라고 하여 믿고 구매하였습니다!★"
5,라운드 숄더 있으신 분들 꼭 구매해 보세요. 진짜 편한데 딱 잡아줘서 허리랑 등 아픈 것도 싹 사라졌습니다. 사이즈에 맞게 조절해서 입을 수 있어요. 착용감이 편하고 답답하지 않아서 오랫동안 입고 있을 수 있네요
5,어깨 굽혀진 상태로 오래 지내다보니 자세도 구부정하니 힘이 없어 보이는 것도 그렇고 키도 줄어든 느낌이 들고 자세교정이 필요해보여서 구매했습니다~ 일단 사용법 자체는 간단하고 벨크로에 붙여서 고정만 해두면 되는 스타일이라서 누구나 편하게 쓰기 좋을것 같아요~ 착용한 상태로 바르게 앉아서 티비를 보기도 하고 꼿꼿하게 서서 집안일도 하고 수시로 착용하고 일상생활을 하다보니 바른 자세를 유지하는게 습관화 되는거 같아요~ 너무 오래 착용하면서 밴드에 의지하기보다는 허리와 어깨를 피는 자세에 익숙해지게끔 만들다보면 자연스럽게 교정이 될거라고 기대하고 있어요~ 좋아요~
5,"처음에 자세 교정 밴드를 사용해보는 거라 반신반의했는데, 실제 착용해 보니 생각보다 훨씬 만족도가 높았습니다. 어깨가 자꾸 말리고 등이 굽는 습관 때문에 고민이 많았는데, 이 제품을 착용하고 나서 확실히 어깨가 펴지는 느낌이 들어요. 너무 강하게 조이지 않고 부드럽게 잡아주기 때문에 불편함이 없고, 장시간 착용해도 어깨나 겨드랑이에 자극이 적습니다. 가장 좋았던 점은 착용이 정말 간단하다는 거예요. 스트랩 길이 조절도 쉽게 할 수 있어서 남녀 누구나 체형에 맞게 사용할 수 있습니다. 저는 M사이즈를 선택했는데 딱 알맞게 착용돼서 안정감이 있어요. 통기성이 좋은 소재라 땀이 차지 않고, 특히 여름철에도 부담 없이 사용할 수 있을 것 같습니다. 출근해서 컴퓨터 작업할 때나 집에서 휴대폰을 볼 때 착용하니 확실히 자세가 바르게 유지되고, 어깨와 목이 덜 뻐근해졌습니다. 꾸준히 착용하면 거북목과 라운드숄더 교정에 정말 효과적일 것 같아요. 디자인도 깔끔하고 가벼워서 옷 안에 착용해도 티가 거의 안 나서 외출할 때도 부담 없이 사용할 수 있습니다. 포장도 깔끔하고 퀄리티가 기대 이상이었어요. 가격 대비 효과가 확실한 제품이라 정말 만족합니다. 자세 교정이 필요하신 분들이라면 꼭 한번 사용해 보시길 추천드려요. 저도 꾸준히 착용해서 더 바른 자세를 만들 계획입니다. 재구매 의사 100%입니다!"
5,평소 자세가 안 좋아 자세교정을 위해 구매했습니다. 운전직을 하다보니 거북목이 있는 편인데 거북목 교정도 확실히 되는 것 같아요! 자세가 좋아지니 허리통증도 많이 줄어드네요. 꾸준히 사용해서 자세가 좋아졌으면 좋겠네요~
5,"기존에 쓰던게 금방 헐거워져서 나름 꼼꼼하게 비교해보고 사봤는데, 확실히 리뷰도 많고 평도 좋은 제품이라 그런지 전반적인 만듦새가 탄탄하네요. 가벼운 재질이라 답답하거나 땀도 안날듯한데, 착용했을 떄 잡아주는 느낌은 짱짱해서 꾸준히 착용하면 도움이 될듯 합니다. 안정감있게 지지해주는게 편하고 뒷부분 밴드 고정하는 곳도 튼튼해서 오래 쓸거 같네요 ㅎㅎ"
5,평소 구부정한 자세때문에 어깨나 등쪽 통증이 심했어요. 병원에서 물리치료 받아도 그때뿐이었는데 교정밴드 착용하니까 자연스럽게 바른 자세 유지할 수 있게 돼서 좋았어요. 며칠 꾸준히 하니까 이제 혼자서도 곧은 자세 잘 잡아요.
5,라운드 숄더 때문에 걱정이었는데 자세교정은 잘 되는 편입니다. 허리가 딱 펴져요~~~ 의식적으로 허리에 힘을 주고 있어야겠어요
5,처음엔 착용이 불편했지만 하루 1–2시간만 해도 점점 어깨가 펴지고 허리 통증이 줄었어요. 장시간 앉아 있어도 자세가 안정되고 거북목도 개선된 느낌입니다. 꾸준히 착용하면 효과가 확실한 제품이라 생각해요
5,가운데 뼈에 맞춰서 딱 어깨 차고 허리 고정하니 짱짱하고 좋네여 안정감도 있고 허리 밴드도 괜찮고요 블랙색상이라 떄타거나 하는거 안보여서 좋아여
4,아들이 필요하다고 해서 검색하다 구매 했습니다. 착용 했을때 답답하지 않고 척추 교정에 도움이 될 것 같습니다. 괜찮습니다.
5,"장시간 앉아서 업무를 하다 보니 목과 어깨 통증이 심해져서 교정용으로 구매하게 되었습니다. 제품을 착용해 보니 처음에는 어깨가 살짝 당기는 느낌이 있었지만, 점점 익숙해지면서 자연스럽게 자세가 교정되는 느낌이 드네요! 신기해요 ㅎㅎ 특히 등을 펴는 데 도움이 되서 거북목이나 둥근 어깨가 완화되는 기분이에요 :). 장시간 착용해도 크게 불편하지 않았고, 조절이 가능해서 체형에 맞게 조정할 수 있다는 점도 좋았습니다. 다만, 처음 착용할 때는 적응하는 데 약간의 시간이 필요한거같아용 올바른 자세를 유지하는 데 도움이 되는 제품이라 집이나 사무실에서 꾸준히 사용해 보려고 합니다. 목과 어깨 통증이 있으신 분들께 추천합니다"
5,후기도 좋고 가격도 괜찮아서 구매하고 착용샷은 못찍었지만 착용하자마자 확실히 교정되는 느낌 자세교정밴드 찾는 분들에게 추천드립니다 m구매해서 살짝 작은데 남성분들 2xl 추천드림
5,컴퓨터로 하는 일을 하다보니 자꾸 어께가 굽어지고 자세가 틀어져서 자세교정용으로 착용해보는데 몇일 해보니 조금 어께가 펴지는 느낌이에요
4,"자세가 구부정하다고 해서. 자세를 잡아주는 방법이 없나 찾다보니 이 제품이 있네요. 2주정도 사용하는데 , 구부정한 자세가 펴지는 느낌이 있네요"
5,딸래미가 핸드폰을 하면서 구부정자세로 하더라구요.그래서 자세 교정좀 해보려고 검색하다 구매 해봤어요.허리랑 어깨랑 한번에 잡아줘서 좋구요.사용방법도 간단해서 누구나 손쉽게 착용할수있어서 좋구요.통기성 에어메쉬로 장시간에도 안심하고 착용할수 있어서 좋은거같아요.
5,거북목 예방을 위해 자세교정을 하라는 조언을 들었어요 집이나 회사 등 장소 상관없이 편하게 착용이 가능해 자세가 올바르게 잘 잡히고 있으며 키가 더욱 커지는 효과도 나타나는거 같습니다. 답답함 없이 안정적인 자세로 유지되니 거북목 예방에 효과가 좋은거 같아요
5,아기 낳고나서 어깨가 너무 굽어서 주문했는데 착용해보니 편하네요 육아할때도 불편함 없이 잘 착용하고 있어요! 하나 더 구매하려구요!
5,구부정한 자세가 습관으로 굳어진 사람한테 너무 좋아요 ~ 의식적으로 허리 어깨 펴려고 생각해도 한계가 있는데 이게 든든하게 잘 잡아주니까 넘 좋은거같아요 ㅎㅎ 불편하지 않으면서 자연스럽게 바른자세 잡아주고 만족입니다 ㅎㅎ
